Log file open, 06/23/25 00:04:32
LogWindows: Failed to load 'aqProf.dll' (GetLastError=126)
LogWindows: File 'aqProf.dll' does not exist
LogWindows: Failed to load 'VtuneApi.dll' (GetLastError=126)
LogWindows: File 'VtuneApi.dll' does not exist
LogWindows: Failed to load 'VtuneApi32e.dll' (GetLastError=126)
LogWindows: File 'VtuneApi32e.dll' does not exist
LogConsoleResponse: Display: Failed to find resolution value strings in scalability ini. Falling back to default.
LogConsoleResponse: Display: Failed to find resolution value strings in scalability ini. Falling back to default.
LogInit: Display: Running engine for game: task1
LogPlatformFile: Not using cached read wrapper
LogTaskGraph: Started task graph with 5 named threads and 59 total threads with 3 sets of task threads.
LogStats: Stats thread started at 0.321724
LogICUInternationalization: ICU TimeZone Detection - Raw Offset: +3:00, Platform Override: ''
LogInit: Display: Loading text-based GConfig....
LogPluginManager: Mounting plugin MeshPainting
LogPluginManager: Mounting plugin XGEController
LogPluginManager: Mounting plugin Paper2D
LogPluginManager: Mounting plugin AISupport
LogPluginManager: Mounting plugin EnvironmentQueryEditor
LogPluginManager: Mounting plugin LiveLink
LogPluginManager: Mounting plugin CameraShakePreviewer
LogPluginManager: Mounting plugin LightPropagationVolume
LogPluginManager: Mounting plugin OodleData
LogPluginManager: Mounting plugin OodleNetwork
LogPluginManager: Mounting plugin GameplayCameras
LogPluginManager: Mounting plugin AnimationSharing
LogPluginManager: Mounting plugin CLionSourceCodeAccess
LogPluginManager: Mounting plugin AssetManagerEditor
LogPluginManager: Mounting plugin CodeLiteSourceCodeAccess
LogPluginManager: Mounting plugin CryptoKeys
LogPluginManager: Mounting plugin PerforceSourceControl
LogPluginManager: Mounting plugin CurveEditorTools
LogPluginManager: Mounting plugin PixWinPlugin
LogPluginManager: Mounting plugin DataValidation
LogPluginManager: Mounting plugin KDevelopSourceCodeAccess
LogPluginManager: Mounting plugin GitSourceControl
LogPluginManager: Mounting plugin FacialAnimation
LogPluginManager: Mounting plugin PluginUtils
LogPluginManager: Mounting plugin NullSourceCodeAccess
LogPluginManager: Mounting plugin PropertyAccessNode
LogPluginManager: Mounting plugin RiderSourceCodeAccess
LogPluginManager: Mounting plugin PlasticSourceControl
LogPluginManager: Mounting plugin GeometryMode
LogPluginManager: Mounting plugin TextureFormatOodle
LogPluginManager: Mounting plugin GameplayTagsEditor
LogPluginManager: Mounting plugin UObjectPlugin
LogPluginManager: Mounting plugin VisualStudioSourceCodeAccess
LogPluginManager: Mounting plugin VisualStudioCodeSourceCodeAccess
LogPluginManager: Mounting plugin SubversionSourceControl
LogPluginManager: Mounting plugin MacGraphicsSwitching
LogPluginManager: Mounting plugin MobileLauncherProfileWizard
LogPluginManager: Mounting plugin XCodeSourceCodeAccess
LogPluginManager: Mounting plugin SpeedTreeImporter
LogPluginManager: Mounting plugin MaterialAnalyzer
LogPluginManager: Mounting plugin Niagara
LogPluginManager: Mounting plugin PluginBrowser
LogPluginManager: Mounting plugin DatasmithContent
LogPluginManager: Mounting plugin AndroidMedia
LogPluginManager: Mounting plugin VariantManagerContent
LogPluginManager: Mounting plugin AvfMedia
LogPluginManager: Mounting plugin MediaCompositing
LogPluginManager: Mounting plugin MediaPlayerEditor
LogPluginManager: Mounting plugin WmfMedia
LogPluginManager: Mounting plugin AlembicImporter
LogPluginManager: Mounting plugin ImgMedia
LogPluginManager: Mounting plugin AutomationUtils
LogPluginManager: Mounting plugin WebMMedia
LogPluginManager: Mounting plugin ChaosCloth
LogPluginManager: Mounting plugin ChaosEditor
LogPluginManager: Mounting plugin ChaosNiagara
LogPluginManager: Mounting plugin ChaosClothEditor
LogPluginManager: Mounting plugin BackChannel
LogPluginManager: Mounting plugin ChaosSolverPlugin
LogPluginManager: Mounting plugin GeometryCache
LogPluginManager: Mounting plugin CharacterAI
LogPluginManager: Mounting plugin GeometryCollectionPlugin
LogPluginManager: Mounting plugin GeometryProcessing
LogPluginManager: Mounting plugin MotoSynth
LogPluginManager: Mounting plugin OpenImageDenoise
LogPluginManager: Mounting plugin ProxyLODPlugin
LogPluginManager: Mounting plugin PythonScriptPlugin
LogPluginManager: Mounting plugin SkeletalReduction
LogPluginManager: Mounting plugin PlatformCrypto
LogPluginManager: Mounting plugin PlanarCut
LogPluginManager: Mounting plugin ActorSequence
LogPluginManager: Mounting plugin UdpMessaging
LogPluginManager: Mounting plugin TcpMessaging
LogPluginManager: Mounting plugin LevelSequenceEditor
LogPluginManager: Mounting plugin MagicLeap
LogPluginManager: Mounting plugin OnlineSubsystem
LogPluginManager: Mounting plugin MatineeToLevelSequence
LogPluginManager: Mounting plugin OnlineSubsystemNull
LogPluginManager: Mounting plugin LuminPlatformFeatures
LogPluginManager: Mounting plugin MagicLeapLightEstimation
LogPluginManager: Mounting plugin MagicLeapMedia
LogPluginManager: Mounting plugin MagicLeapPassableWorld
LogPluginManager: Mounting plugin OnlineSubsystemUtils
LogPluginManager: Mounting plugin TemplateSequence
LogPluginManager: Mounting plugin AndroidDeviceProfileSelector
LogPluginManager: Mounting plugin MLSDK
LogPluginManager: Mounting plugin AndroidPermission
LogPluginManager: Mounting plugin ActorLayerUtilities
LogPluginManager: Mounting plugin AndroidMoviePlayer
LogPluginManager: Mounting plugin AppleMoviePlayer
LogPluginManager: Mounting plugin ApexDestruction
LogPluginManager: Mounting plugin AudioCapture
LogPluginManager: Mounting plugin AppleImageUtils
LogPluginManager: Mounting plugin AudioSynesthesia
LogPluginManager: Mounting plugin CustomMeshComponent
LogPluginManager: Mounting plugin AssetTags
LogPluginManager: Mounting plugin ArchVisCharacter
LogPluginManager: Mounting plugin CableComponent
LogPluginManager: Mounting plugin ExampleDeviceProfileSelector
LogPluginManager: Mounting plugin GooglePAD
LogPluginManager: Mounting plugin GoogleCloudMessaging
LogPluginManager: Mounting plugin ChunkDownloader
LogPluginManager: Mounting plugin EditableMesh
LogPluginManager: Mounting plugin LauncherChunkInstaller
LogPluginManager: Mounting plugin IOSDeviceProfileSelector
LogPluginManager: Mounting plugin LinuxDeviceProfileSelector
LogPluginManager: Mounting plugin LocationServicesBPLibrary
LogPluginManager: Mounting plugin MobilePatchingUtils
LogPluginManager: Mounting plugin OpenXREyeTracker
LogPluginManager: Mounting plugin OpenXR
LogPluginManager: Mounting plugin OpenXRHandTracking
LogPluginManager: Mounting plugin PhysXVehicles
LogPluginManager: Mounting plugin PostSplashScreen
LogPluginManager: Mounting plugin ProceduralMeshComponent
LogPluginManager: Mounting plugin SignificanceManager
LogPluginManager: Mounting plugin PropertyAccessEditor
LogPluginManager: Mounting plugin SoundFields
LogPluginManager: Mounting plugin RuntimePhysXCooking
LogPluginManager: Mounting plugin WebMMoviePlayer
LogPluginManager: Mounting plugin WindowsMoviePlayer
LogPluginManager: Mounting plugin Synthesis
LogPluginManager: Mounting plugin Takes
LogPluginManager: Mounting plugin ScreenshotTools
LogPluginManager: Mounting plugin ContentBrowserClassDataSource
LogPluginManager: Mounting plugin ContentBrowserFileDataSource
LogPluginManager: Mounting plugin ContentBrowserAssetDataSource
LogPluginManager: Mounting plugin OnlineSubsystemIOS
LogPluginManager: Mounting plugin OnlineSubsystemGooglePlay
LogPluginManager: Mounting plugin OculusVR
LogPluginManager: Mounting plugin SteamVR
PixWinPlugin: PIX capture plugin failed to initialize! Check that the process is launched from PIX.
LogInit: Using libcurl 7.55.1-DEV
LogInit:  - built for x86_64-pc-win32
LogInit:  - supports SSL with OpenSSL/1.1.1
LogInit:  - supports HTTP deflate (compression) using libz 1.2.8
LogInit:  - other features:
LogInit:      CURL_VERSION_SSL
LogInit:      CURL_VERSION_LIBZ
LogInit:      CURL_VERSION_IPV6
LogInit:      CURL_VERSION_ASYNCHDNS
LogInit:      CURL_VERSION_LARGEFILE
LogInit:      CURL_VERSION_IDN
LogInit:  CurlRequestOptions (configurable via config and command line):
LogInit:  - bVerifyPeer = true  - Libcurl will verify peer certificate
LogInit:  - bUseHttpProxy = false  - Libcurl will NOT use HTTP proxy
LogInit:  - bDontReuseConnections = false  - Libcurl will reuse connections
LogInit:  - MaxHostConnections = 16  - Libcurl will limit the number of connections to a host
LogInit:  - LocalHostAddr = Default
LogInit:  - BufferSize = 65536
LogOnline: OSS: Creating online subsystem instance for: NULL
LogInit: WinSock: version 1.1 (2.2), MaxSocks=32767, MaxUdp=65467
LogOnline: OSS: TryLoadSubsystemAndSetDefault: Loaded subsystem for module [NULL]
LogOculusPluginWrapper: OculusPlugin initialized successfully
LogHMD: Failed initializing OVRPlugin 1.59.0
LogInit: Build: ++UE4+Release-4.27-CL-18319896
LogInit: Engine Version: 4.27.2-18319896+++UE4+Release-4.27
LogInit: Compatible Engine Version: 4.27.0-17155196+++UE4+Release-4.27
LogInit: Net CL: 17155196
LogInit: OS: Windows 10 (Release 2009) (), CPU: 12th Gen Intel(R) Core(TM) i7-12700H, GPU: Intel(R) Iris(R) Xe Graphics
LogInit: Compiled (64-bit): Nov 30 2021 07:12:08
LogInit: Compiled with Visual C++: 19.24.28315.00
LogInit: Build Configuration: Development
LogInit: Branch Name: ++UE4+Release-4.27
LogInit: Command Line: 
LogInit: Base Directory: C:/Program Files/Epic Games/UE_4.27/Engine/Binaries/Win64/
LogInit: Allocator: TBB
LogInit: Installed Engine Build: 1
LogDevObjectVersion: Number of dev versions registered: 29
LogDevObjectVersion:   Dev-Blueprints (B0D832E4-1F89-4F0D-ACCF-7EB736FD4AA2): 10
LogDevObjectVersion:   Dev-Build (E1C64328-A22C-4D53-A36C-8E866417BD8C): 0
LogDevObjectVersion:   Dev-Core (375EC13C-06E4-48FB-B500-84F0262A717E): 4
LogDevObjectVersion:   Dev-Editor (E4B068ED-F494-42E9-A231-DA0B2E46BB41): 40
LogDevObjectVersion:   Dev-Framework (CFFC743F-43B0-4480-9391-14DF171D2073): 37
LogDevObjectVersion:   Dev-Mobile (B02B49B5-BB20-44E9-A304-32B752E40360): 3
LogDevObjectVersion:   Dev-Networking (A4E4105C-59A1-49B5-A7C5-40C4547EDFEE): 0
LogDevObjectVersion:   Dev-Online (39C831C9-5AE6-47DC-9A44-9C173E1C8E7C): 0
LogDevObjectVersion:   Dev-Physics (78F01B33-EBEA-4F98-B9B4-84EACCB95AA2): 14
LogDevObjectVersion:   Dev-Platform (6631380F-2D4D-43E0-8009-CF276956A95A): 0
LogDevObjectVersion:   Dev-Rendering (12F88B9F-8875-4AFC-A67C-D90C383ABD29): 45
LogDevObjectVersion:   Dev-Sequencer (7B5AE74C-D270-4C10-A958-57980B212A5A): 13
LogDevObjectVersion:   Dev-VR (D7296918-1DD6-4BDD-9DE2-64A83CC13884): 3
LogDevObjectVersion:   Dev-LoadTimes (C2A15278-BFE7-4AFE-6C17-90FF531DF755): 1
LogDevObjectVersion:   Private-Geometry (6EACA3D4-40EC-4CC1-B786-8BED09428FC5): 3
LogDevObjectVersion:   Dev-AnimPhys (29E575DD-E0A3-4627-9D10-D276232CDCEA): 17
LogDevObjectVersion:   Dev-Anim (AF43A65D-7FD3-4947-9873-3E8ED9C1BB05): 15
LogDevObjectVersion:   Dev-ReflectionCapture (6B266CEC-1EC7-4B8F-A30B-E4D90942FC07): 1
LogDevObjectVersion:   Dev-Automation (0DF73D61-A23F-47EA-B727-89E90C41499A): 1
LogDevObjectVersion:   FortniteMain (601D1886-AC64-4F84-AA16-D3DE0DEAC7D6): 47
LogDevObjectVersion:   FortniteRelease (E7086368-6B23-4C58-8439-1B7016265E91): 1
LogDevObjectVersion:   Dev-Enterprise (9DFFBCD6-494F-0158-E221-12823C92A888): 10
LogDevObjectVersion:   Dev-Niagara (F2AED0AC-9AFE-416F-8664-AA7FFA26D6FC): 1
LogDevObjectVersion:   Dev-Destruction (174F1F0B-B4C6-45A5-B13F-2EE8D0FB917D): 10
LogDevObjectVersion:   Dev-Physics-Ext (35F94A83-E258-406C-A318-09F59610247C): 41
LogDevObjectVersion:   Dev-PhysicsMaterial-Chaos (B68FC16E-8B1B-42E2-B453-215C058844FE): 1
LogDevObjectVersion:   Dev-CineCamera (B2E18506-4273-CFC2-A54E-F4BB758BBA07): 1
LogDevObjectVersion:   Dev-VirtualProduction (64F58936-FD1B-42BA-BA96-7289D5D0FA4E): 1
LogDevObjectVersion:   Dev-MediaFramework (6F0ED827-A609-4895-9C91-998D90180EA4): 2
LogInit: Presizing for max 25165824 objects, including 0 objects not considered by GC, pre-allocating 0 bytes for permanent pool.
LogConfig: Applying CVar settings from Section [/Script/Engine.StreamingSettings] File [C:/Users/eghah/Desktop/diplom/task1/Saved/Config/Windows/Engine.ini]
LogConfig: Setting CVar [[s.MinBulkDataSizeForAsyncLoading:131072]]
LogConfig: Setting CVar [[s.AsyncLoadingThreadEnabled:0]]
LogConfig: Setting CVar [[s.EventDrivenLoaderEnabled:1]]
LogConfig: Setting CVar [[s.WarnIfTimeLimitExceeded:0]]
LogConfig: Setting CVar [[s.TimeLimitExceededMultiplier:1.5]]
LogConfig: Setting CVar [[s.TimeLimitExceededMinTime:0.005]]
LogConfig: Setting CVar [[s.UseBackgroundLevelStreaming:1]]
LogConfig: Setting CVar [[s.PriorityAsyncLoadingExtraTime:15.0]]
LogConfig: Setting CVar [[s.LevelStreamingActorsUpdateTimeLimit:5.0]]
LogConfig: Setting CVar [[s.PriorityLevelStreamingActorsUpdateExtraTime:5.0]]
LogConfig: Setting CVar [[s.LevelStreamingComponentsRegistrationGranularity:10]]
LogConfig: Setting CVar [[s.UnregisterComponentsTimeLimit:1.0]]
LogConfig: Setting CVar [[s.LevelStreamingComponentsUnregistrationGranularity:5]]
LogConfig: Setting CVar [[s.FlushStreamingOnExit:1]]
LogInit: Object subsystem initialized
LogConfig: Setting CVar [[con.DebugEarlyDefault:1]]
LogConfig: Setting CVar [[r.setres:1280x720]]
[2025.06.22-21.04.32:494][  0]LogConfig: Setting CVar [[r.VSync:0]]
[2025.06.22-21.04.32:494][  0]LogConfig: Setting CVar [[r.RHICmdBypass:0]]
[2025.06.22-21.04.32:494][  0]LogConfig: Applying CVar settings from Section [/Script/Engine.RendererSettings] File [C:/Users/eghah/Desktop/diplom/task1/Saved/Config/Windows/Engine.ini]
[2025.06.22-21.04.32:494][  0]LogConfig: Setting CVar [[r.GPUCrashDebugging:0]]
[2025.06.22-21.04.32:494][  0]LogConfig: Applying CVar settings from Section [/Script/Engine.RendererOverrideSettings] File [C:/Users/eghah/Desktop/diplom/task1/Saved/Config/Windows/Engine.ini]
[2025.06.22-21.04.32:494][  0]LogConfig: Applying CVar settings from Section [/Script/Engine.StreamingSettings] File [C:/Users/eghah/Desktop/diplom/task1/Saved/Config/Windows/Engine.ini]
[2025.06.22-21.04.32:494][  0]LogConfig: Setting CVar [[s.MinBulkDataSizeForAsyncLoading:131072]]
[2025.06.22-21.04.32:494][  0]LogConfig: Setting CVar [[s.AsyncLoadingThreadEnabled:0]]
[2025.06.22-21.04.32:494][  0]LogConfig: Setting CVar [[s.EventDrivenLoaderEnabled:1]]
[2025.06.22-21.04.32:494][  0]LogConfig: Setting CVar [[s.WarnIfTimeLimitExceeded:0]]
[2025.06.22-21.04.32:494][  0]LogConfig: Setting CVar [[s.TimeLimitExceededMultiplier:1.5]]
[2025.06.22-21.04.32:494][  0]LogConfig: Setting CVar [[s.TimeLimitExceededMinTime:0.005]]
[2025.06.22-21.04.32:494][  0]LogConfig: Setting CVar [[s.UseBackgroundLevelStreaming:1]]
[2025.06.22-21.04.32:494][  0]LogConfig: Setting CVar [[s.PriorityAsyncLoadingExtraTime:15.0]]
[2025.06.22-21.04.32:494][  0]LogConfig: Setting CVar [[s.LevelStreamingActorsUpdateTimeLimit:5.0]]
[2025.06.22-21.04.32:494][  0]LogConfig: Setting CVar [[s.PriorityLevelStreamingActorsUpdateExtraTime:5.0]]
[2025.06.22-21.04.32:494][  0]LogConfig: Setting CVar [[s.LevelStreamingComponentsRegistrationGranularity:10]]
[2025.06.22-21.04.32:494][  0]LogConfig: Setting CVar [[s.UnregisterComponentsTimeLimit:1.0]]
[2025.06.22-21.04.32:494][  0]LogConfig: Setting CVar [[s.LevelStreamingComponentsUnregistrationGranularity:5]]
[2025.06.22-21.04.32:494][  0]LogConfig: Setting CVar [[s.FlushStreamingOnExit:1]]
[2025.06.22-21.04.32:494][  0]LogConfig: Applying CVar settings from Section [/Script/Engine.GarbageCollectionSettings] File [C:/Users/eghah/Desktop/diplom/task1/Saved/Config/Windows/Engine.ini]
[2025.06.22-21.04.32:494][  0]LogConfig: Setting CVar [[gc.MaxObjectsNotConsideredByGC:1]]
[2025.06.22-21.04.32:494][  0]LogConfig: Setting CVar [[gc.SizeOfPermanentObjectPool:0]]
[2025.06.22-21.04.32:494][  0]LogConfig: Setting CVar [[gc.FlushStreamingOnGC:0]]
[2025.06.22-21.04.32:494][  0]LogConfig: Setting CVar [[gc.NumRetriesBeforeForcingGC:10]]
[2025.06.22-21.04.32:494][  0]LogConfig: Setting CVar [[gc.AllowParallelGC:1]]
[2025.06.22-21.04.32:494][  0]LogConfig: Setting CVar [[gc.TimeBetweenPurgingPendingKillObjects:61.1]]
[2025.06.22-21.04.32:494][  0]LogConfig: Setting CVar [[gc.MaxObjectsInEditor:25165824]]
[2025.06.22-21.04.32:494][  0]LogConfig: Setting CVar [[gc.IncrementalBeginDestroyEnabled:1]]
[2025.06.22-21.04.32:494][  0]LogConfig: Setting CVar [[gc.CreateGCClusters:1]]
[2025.06.22-21.04.32:494][  0]LogConfig: Setting CVar [[gc.MinGCClusterSize:5]]
[2025.06.22-21.04.32:494][  0]LogConfig: Setting CVar [[gc.ActorClusteringEnabled:0]]
[2025.06.22-21.04.32:494][  0]LogConfig: Setting CVar [[gc.BlueprintClusteringEnabled:0]]
[2025.06.22-21.04.32:494][  0]LogConfig: Setting CVar [[gc.UseDisregardForGCOnDedicatedServers:0]]
[2025.06.22-21.04.32:494][  0]LogConfig: Setting CVar [[gc.MultithreadedDestructionEnabled:1]]
[2025.06.22-21.04.32:494][  0]LogConfig: Applying CVar settings from Section [/Script/Engine.NetworkSettings] File [C:/Users/eghah/Desktop/diplom/task1/Saved/Config/Windows/Engine.ini]
[2025.06.22-21.04.32:494][  0]LogConfig: Applying CVar settings from Section [/Script/UnrealEd.CookerSettings] File [C:/Users/eghah/Desktop/diplom/task1/Saved/Config/Windows/Engine.ini]
[2025.06.22-21.04.32:506][  0]LogConfig: Applying CVar settings from Section [ViewDistanceQuality@3] File [C:/Users/eghah/Desktop/diplom/task1/Saved/Config/Windows/Scalability.ini]
[2025.06.22-21.04.32:506][  0]LogConfig: Setting CVar [[r.SkeletalMeshLODBias:0]]
[2025.06.22-21.04.32:506][  0]LogConfig: Setting CVar [[r.ViewDistanceScale:1.0]]
[2025.06.22-21.04.32:506][  0]LogConfig: Applying CVar settings from Section [AntiAliasingQuality@3] File [C:/Users/eghah/Desktop/diplom/task1/Saved/Config/Windows/Scalability.ini]
[2025.06.22-21.04.32:506][  0]LogConfig: Setting CVar [[r.PostProcessAAQuality:4]]
[2025.06.22-21.04.32:506][  0]LogConfig: Applying CVar settings from Section [ShadowQuality@3] File [C:/Users/eghah/Desktop/diplom/task1/Saved/Config/Windows/Scalability.ini]
[2025.06.22-21.04.32:506][  0]LogConfig: Setting CVar [[r.LightFunctionQuality:1]]
[2025.06.22-21.04.32:506][  0]LogConfig: Setting CVar [[r.ShadowQuality:5]]
[2025.06.22-21.04.32:506][  0]LogConfig: Setting CVar [[r.Shadow.CSM.MaxCascades:10]]
[2025.06.22-21.04.32:507][  0]LogConfig: Setting CVar [[r.Shadow.MaxResolution:2048]]
[2025.06.22-21.04.32:507][  0]LogConfig: Setting CVar [[r.Shadow.MaxCSMResolution:2048]]
[2025.06.22-21.04.32:507][  0]LogConfig: Setting CVar [[r.Shadow.RadiusThreshold:0.01]]
[2025.06.22-21.04.32:507][  0]LogConfig: Setting CVar [[r.Shadow.DistanceScale:1.0]]
[2025.06.22-21.04.32:507][  0]LogConfig: Setting CVar [[r.Shadow.CSM.TransitionScale:1.0]]
[2025.06.22-21.04.32:507][  0]LogConfig: Setting CVar [[r.Shadow.PreShadowResolutionFactor:1.0]]
[2025.06.22-21.04.32:507][  0]LogConfig: Setting CVar [[r.DistanceFieldShadowing:1]]
[2025.06.22-21.04.32:507][  0]LogConfig: Setting CVar [[r.DistanceFieldAO:1]]
[2025.06.22-21.04.32:507][  0]LogConfig: Setting CVar [[r.AOQuality:2]]
[2025.06.22-21.04.32:507][  0]LogConfig: Setting CVar [[r.VolumetricFog:1]]
[2025.06.22-21.04.32:507][  0]LogConfig: Setting CVar [[r.VolumetricFog.GridPixelSize:8]]
[2025.06.22-21.04.32:507][  0]LogConfig: Setting CVar [[r.VolumetricFog.GridSizeZ:128]]
[2025.06.22-21.04.32:507][  0]LogConfig: Setting CVar [[r.VolumetricFog.HistoryMissSupersampleCount:4]]
[2025.06.22-21.04.32:507][  0]LogConfig: Setting CVar [[r.LightMaxDrawDistanceScale:1]]
[2025.06.22-21.04.32:507][  0]LogConfig: Setting CVar [[r.CapsuleShadows:1]]
[2025.06.22-21.04.32:507][  0]LogConfig: Applying CVar settings from Section [PostProcessQuality@3] File [C:/Users/eghah/Desktop/diplom/task1/Saved/Config/Windows/Scalability.ini]
[2025.06.22-21.04.32:507][  0]LogConfig: Setting CVar [[r.MotionBlurQuality:4]]
[2025.06.22-21.04.32:507][  0]LogConfig: Setting CVar [[r.AmbientOcclusionMipLevelFactor:0.4]]
[2025.06.22-21.04.32:507][  0]LogConfig: Setting CVar [[r.AmbientOcclusionMaxQuality:100]]
[2025.06.22-21.04.32:507][  0]LogConfig: Setting CVar [[r.AmbientOcclusionLevels:-1]]
[2025.06.22-21.04.32:507][  0]LogConfig: Setting CVar [[r.AmbientOcclusionRadiusScale:1.0]]
[2025.06.22-21.04.32:507][  0]LogConfig: Setting CVar [[r.DepthOfFieldQuality:2]]
[2025.06.22-21.04.32:507][  0]LogConfig: Setting CVar [[r.RenderTargetPoolMin:400]]
[2025.06.22-21.04.32:507][  0]LogConfig: Setting CVar [[r.LensFlareQuality:2]]
[2025.06.22-21.04.32:507][  0]LogConfig: Setting CVar [[r.SceneColorFringeQuality:1]]
[2025.06.22-21.04.32:507][  0]LogConfig: Setting CVar [[r.EyeAdaptationQuality:2]]
[2025.06.22-21.04.32:507][  0]LogConfig: Setting CVar [[r.BloomQuality:5]]
[2025.06.22-21.04.32:507][  0]LogConfig: Setting CVar [[r.FastBlurThreshold:100]]
[2025.06.22-21.04.32:507][  0]LogConfig: Setting CVar [[r.Upscale.Quality:3]]
[2025.06.22-21.04.32:507][  0]LogConfig: Setting CVar [[r.Tonemapper.GrainQuantization:1]]
[2025.06.22-21.04.32:507][  0]LogConfig: Setting CVar [[r.LightShaftQuality:1]]
[2025.06.22-21.04.32:507][  0]LogConfig: Setting CVar [[r.Filter.SizeScale:1]]
[2025.06.22-21.04.32:507][  0]LogConfig: Setting CVar [[r.Tonemapper.Quality:5]]
[2025.06.22-21.04.32:507][  0]LogConfig: Setting CVar [[r.DOF.Gather.AccumulatorQuality:1        ; higher gathering accumulator quality]]
[2025.06.22-21.04.32:507][  0]LogConfig: Setting CVar [[r.DOF.Gather.PostfilterMethod:1          ; Median3x3 postfilering method]]
[2025.06.22-21.04.32:507][  0]LogConfig: Setting CVar [[r.DOF.Gather.EnableBokehSettings:0       ; no bokeh simulation when gathering]]
[2025.06.22-21.04.32:507][  0]LogConfig: Setting CVar [[r.DOF.Gather.RingCount:4                 ; medium number of samples when gathering]]
[2025.06.22-21.04.32:507][  0]LogConfig: Setting CVar [[r.DOF.Scatter.ForegroundCompositing:1    ; additive foreground scattering]]
[2025.06.22-21.04.32:507][  0]LogConfig: Setting CVar [[r.DOF.Scatter.BackgroundCompositing:2    ; additive background scattering]]
[2025.06.22-21.04.32:507][  0]LogConfig: Setting CVar [[r.DOF.Scatter.EnableBokehSettings:1      ; bokeh simulation when scattering]]
[2025.06.22-21.04.32:507][  0]LogConfig: Setting CVar [[r.DOF.Scatter.MaxSpriteRatio:0.1         ; only a maximum of 10% of scattered bokeh]]
[2025.06.22-21.04.32:507][  0]LogConfig: Setting CVar [[r.DOF.Recombine.Quality:1                ; cheap slight out of focus]]
[2025.06.22-21.04.32:507][  0]LogConfig: Setting CVar [[r.DOF.Recombine.EnableBokehSettings:0    ; no bokeh simulation on slight out of focus]]
[2025.06.22-21.04.32:507][  0]LogConfig: Setting CVar [[r.DOF.TemporalAAQuality:1                ; more stable temporal accumulation]]
[2025.06.22-21.04.32:507][  0]LogConfig: Setting CVar [[r.DOF.Kernel.MaxForegroundRadius:0.025]]
[2025.06.22-21.04.32:507][  0]LogConfig: Setting CVar [[r.DOF.Kernel.MaxBackgroundRadius:0.025]]
[2025.06.22-21.04.32:507][  0]LogConfig: Applying CVar settings from Section [TextureQuality@3] File [C:/Users/eghah/Desktop/diplom/task1/Saved/Config/Windows/Scalability.ini]
[2025.06.22-21.04.32:507][  0]LogConfig: Setting CVar [[r.Streaming.MipBias:0]]
[2025.06.22-21.04.32:507][  0]LogConfig: Setting CVar [[r.Streaming.AmortizeCPUToGPUCopy:0]]
[2025.06.22-21.04.32:507][  0]LogConfig: Setting CVar [[r.Streaming.MaxNumTexturesToStreamPerFrame:0]]
[2025.06.22-21.04.32:507][  0]LogConfig: Setting CVar [[r.Streaming.Boost:1]]
[2025.06.22-21.04.32:507][  0]LogConfig: Setting CVar [[r.MaxAnisotropy:8]]
[2025.06.22-21.04.32:507][  0]LogConfig: Setting CVar [[r.VT.MaxAnisotropy:8]]
[2025.06.22-21.04.32:507][  0]LogConfig: Setting CVar [[r.Streaming.LimitPoolSizeToVRAM:0]]
[2025.06.22-21.04.32:507][  0]LogConfig: Setting CVar [[r.Streaming.PoolSize:1000]]
[2025.06.22-21.04.32:507][  0]LogConfig: Setting CVar [[r.Streaming.MaxEffectiveScreenSize:0]]
[2025.06.22-21.04.32:508][  0]LogConfig: Applying CVar settings from Section [EffectsQuality@3] File [C:/Users/eghah/Desktop/diplom/task1/Saved/Config/Windows/Scalability.ini]
[2025.06.22-21.04.32:508][  0]LogConfig: Setting CVar [[r.TranslucencyLightingVolumeDim:64]]
[2025.06.22-21.04.32:508][  0]LogConfig: Setting CVar [[r.RefractionQuality:2]]
[2025.06.22-21.04.32:508][  0]LogConfig: Setting CVar [[r.SSR.Quality:3]]
[2025.06.22-21.04.32:508][  0]LogConfig: Setting CVar [[r.SSR.HalfResSceneColor:0]]
[2025.06.22-21.04.32:508][  0]LogConfig: Setting CVar [[r.SceneColorFormat:4]]
[2025.06.22-21.04.32:508][  0]LogConfig: Setting CVar [[r.DetailMode:2]]
[2025.06.22-21.04.32:508][  0]LogConfig: Setting CVar [[r.TranslucencyVolumeBlur:1]]
[2025.06.22-21.04.32:508][  0]LogConfig: Setting CVar [[r.MaterialQualityLevel:1 ; High quality]]
[2025.06.22-21.04.32:508][  0]LogConfig: Setting CVar [[r.AnisotropicMaterials:1]]
[2025.06.22-21.04.32:508][  0]LogConfig: Setting CVar [[r.SSS.Scale:1]]
[2025.06.22-21.04.32:508][  0]LogConfig: Setting CVar [[r.SSS.SampleSet:2]]
[2025.06.22-21.04.32:508][  0]LogConfig: Setting CVar [[r.SSS.Quality:1]]
[2025.06.22-21.04.32:508][  0]LogConfig: Setting CVar [[r.SSS.HalfRes:0]]
[2025.06.22-21.04.32:508][  0]LogConfig: Setting CVar [[r.SSGI.Quality:3]]
[2025.06.22-21.04.32:508][  0]LogConfig: Setting CVar [[r.EmitterSpawnRateScale:1.0]]
[2025.06.22-21.04.32:508][  0]LogConfig: Setting CVar [[r.ParticleLightQuality:2]]
[2025.06.22-21.04.32:508][  0]LogConfig: Setting CVar [[r.SkyAtmosphere.AerialPerspectiveLUT.FastApplyOnOpaque:1 ; Always have FastSkyLUT 1 in this case to avoid wrong sky]]
[2025.06.22-21.04.32:508][  0]LogConfig: Setting CVar [[r.SkyAtmosphere.AerialPerspectiveLUT.SampleCountMaxPerSlice:4]]
[2025.06.22-21.04.32:508][  0]LogConfig: Setting CVar [[r.SkyAtmosphere.AerialPerspectiveLUT.DepthResolution:16.0]]
[2025.06.22-21.04.32:508][  0]LogConfig: Setting CVar [[r.SkyAtmosphere.FastSkyLUT:1]]
[2025.06.22-21.04.32:508][  0]LogConfig: Setting CVar [[r.SkyAtmosphere.FastSkyLUT.SampleCountMin:4.0]]
[2025.06.22-21.04.32:508][  0]LogConfig: Setting CVar [[r.SkyAtmosphere.FastSkyLUT.SampleCountMax:128.0]]
[2025.06.22-21.04.32:508][  0]LogConfig: Setting CVar [[r.SkyAtmosphere.SampleCountMin:4.0]]
[2025.06.22-21.04.32:508][  0]LogConfig: Setting CVar [[r.SkyAtmosphere.SampleCountMax:128.0]]
[2025.06.22-21.04.32:508][  0]LogConfig: Setting CVar [[r.SkyAtmosphere.TransmittanceLUT.UseSmallFormat:0]]
[2025.06.22-21.04.32:508][  0]LogConfig: Setting CVar [[r.SkyAtmosphere.TransmittanceLUT.SampleCount:10.0]]
[2025.06.22-21.04.32:508][  0]LogConfig: Setting CVar [[r.SkyAtmosphere.MultiScatteringLUT.SampleCount:15.0]]
[2025.06.22-21.04.32:508][  0]LogConfig: Setting CVar [[r.SkyLight.RealTimeReflectionCapture:1]]
[2025.06.22-21.04.32:508][  0]LogConfig: Applying CVar settings from Section [FoliageQuality@3] File [C:/Users/eghah/Desktop/diplom/task1/Saved/Config/Windows/Scalability.ini]
[2025.06.22-21.04.32:508][  0]LogConfig: Setting CVar [[foliage.DensityScale:1.0]]
[2025.06.22-21.04.32:508][  0]LogConfig: Setting CVar [[grass.DensityScale:1.0]]
[2025.06.22-21.04.32:508][  0]LogConfig: Applying CVar settings from Section [ShadingQuality@3] File [C:/Users/eghah/Desktop/diplom/task1/Saved/Config/Windows/Scalability.ini]
[2025.06.22-21.04.32:508][  0]LogConfig: Setting CVar [[r.HairStrands.SkyLighting.IntegrationType:2]]
[2025.06.22-21.04.32:508][  0]LogConfig: Setting CVar [[r.HairStrands.SkyAO.SampleCount:4]]
[2025.06.22-21.04.32:508][  0]LogConfig: Setting CVar [[r.HairStrands.Visibility.MSAA.SamplePerPixel:4]]
[2025.06.22-21.04.32:508][  0]LogInit: Selected Device Profile: [Windows]
[2025.06.22-21.04.32:508][  0]LogInit: Applying CVar settings loaded from the selected device profile: [Windows]
[2025.06.22-21.04.32:508][  0]LogHAL: Display: Platform has ~ 16 GB [16891109376 / 17179869184 / 16], which maps to Larger [LargestMinGB=32, LargerMinGB=12, DefaultMinGB=8, SmallerMinGB=6, SmallestMinGB=0)
[2025.06.22-21.04.32:508][  0]LogInit: Going up to parent DeviceProfile []
[2025.06.22-21.04.32:508][  0]LogConfig: Applying CVar settings from Section [ViewDistanceQuality@3] File [C:/Users/eghah/Desktop/diplom/task1/Saved/Config/Windows/Scalability.ini]
[2025.06.22-21.04.32:508][  0]LogConfig: Setting CVar [[r.SkeletalMeshLODBias:0]]
[2025.06.22-21.04.32:508][  0]LogConfig: Setting CVar [[r.ViewDistanceScale:1.0]]
[2025.06.22-21.04.32:508][  0]LogConfig: Applying CVar settings from Section [AntiAliasingQuality@3] File [C:/Users/eghah/Desktop/diplom/task1/Saved/Config/Windows/Scalability.ini]
[2025.06.22-21.04.32:508][  0]LogConfig: Setting CVar [[r.PostProcessAAQuality:4]]
[2025.06.22-21.04.32:508][  0]LogConfig: Applying CVar settings from Section [ShadowQuality@3] File [C:/Users/eghah/Desktop/diplom/task1/Saved/Config/Windows/Scalability.ini]
[2025.06.22-21.04.32:508][  0]LogConfig: Setting CVar [[r.LightFunctionQuality:1]]
[2025.06.22-21.04.32:508][  0]LogConfig: Setting CVar [[r.ShadowQuality:5]]
[2025.06.22-21.04.32:508][  0]LogConfig: Setting CVar [[r.Shadow.CSM.MaxCascades:10]]
[2025.06.22-21.04.32:508][  0]LogConfig: Setting CVar [[r.Shadow.MaxResolution:2048]]
[2025.06.22-21.04.32:508][  0]LogConfig: Setting CVar [[r.Shadow.MaxCSMResolution:2048]]
[2025.06.22-21.04.32:508][  0]LogConfig: Setting CVar [[r.Shadow.RadiusThreshold:0.01]]
[2025.06.22-21.04.32:509][  0]LogConfig: Setting CVar [[r.Shadow.DistanceScale:1.0]]
[2025.06.22-21.04.32:509][  0]LogConfig: Setting CVar [[r.Shadow.CSM.TransitionScale:1.0]]
[2025.06.22-21.04.32:509][  0]LogConfig: Setting CVar [[r.Shadow.PreShadowResolutionFactor:1.0]]
[2025.06.22-21.04.32:509][  0]LogConfig: Setting CVar [[r.DistanceFieldShadowing:1]]
[2025.06.22-21.04.32:509][  0]LogConfig: Setting CVar [[r.DistanceFieldAO:1]]
[2025.06.22-21.04.32:509][  0]LogConfig: Setting CVar [[r.AOQuality:2]]
[2025.06.22-21.04.32:509][  0]LogConfig: Setting CVar [[r.VolumetricFog:1]]
[2025.06.22-21.04.32:509][  0]LogConfig: Setting CVar [[r.VolumetricFog.GridPixelSize:8]]
[2025.06.22-21.04.32:509][  0]LogConfig: Setting CVar [[r.VolumetricFog.GridSizeZ:128]]
[2025.06.22-21.04.32:509][  0]LogConfig: Setting CVar [[r.VolumetricFog.HistoryMissSupersampleCount:4]]
[2025.06.22-21.04.32:509][  0]LogConfig: Setting CVar [[r.LightMaxDrawDistanceScale:1]]
[2025.06.22-21.04.32:509][  0]LogConfig: Setting CVar [[r.CapsuleShadows:1]]
[2025.06.22-21.04.32:509][  0]LogConfig: Applying CVar settings from Section [PostProcessQuality@3] File [C:/Users/eghah/Desktop/diplom/task1/Saved/Config/Windows/Scalability.ini]
[2025.06.22-21.04.32:509][  0]LogConfig: Setting CVar [[r.MotionBlurQuality:4]]
[2025.06.22-21.04.32:509][  0]LogConfig: Setting CVar [[r.AmbientOcclusionMipLevelFactor:0.4]]
[2025.06.22-21.04.32:509][  0]LogConfig: Setting CVar [[r.AmbientOcclusionMaxQuality:100]]
[2025.06.22-21.04.32:509][  0]LogConfig: Setting CVar [[r.AmbientOcclusionLevels:-1]]
[2025.06.22-21.04.32:509][  0]LogConfig: Setting CVar [[r.AmbientOcclusionRadiusScale:1.0]]
[2025.06.22-21.04.32:509][  0]LogConfig: Setting CVar [[r.DepthOfFieldQuality:2]]
[2025.06.22-21.04.32:509][  0]LogConfig: Setting CVar [[r.RenderTargetPoolMin:400]]
[2025.06.22-21.04.32:509][  0]LogConfig: Setting CVar [[r.LensFlareQuality:2]]
[2025.06.22-21.04.32:509][  0]LogConfig: Setting CVar [[r.SceneColorFringeQuality:1]]
[2025.06.22-21.04.32:509][  0]LogConfig: Setting CVar [[r.EyeAdaptationQuality:2]]
[2025.06.22-21.04.32:509][  0]LogConfig: Setting CVar [[r.BloomQuality:5]]
[2025.06.22-21.04.32:509][  0]LogConfig: Setting CVar [[r.FastBlurThreshold:100]]
[2025.06.22-21.04.32:509][  0]LogConfig: Setting CVar [[r.Upscale.Quality:3]]
[2025.06.22-21.04.32:509][  0]LogConfig: Setting CVar [[r.Tonemapper.GrainQuantization:1]]
[2025.06.22-21.04.32:509][  0]LogConfig: Setting CVar [[r.LightShaftQuality:1]]
[2025.06.22-21.04.32:509][  0]LogConfig: Setting CVar [[r.Filter.SizeScale:1]]
[2025.06.22-21.04.32:509][  0]LogConfig: Setting CVar [[r.Tonemapper.Quality:5]]
[2025.06.22-21.04.32:509][  0]LogConfig: Setting CVar [[r.DOF.Gather.AccumulatorQuality:1        ; higher gathering accumulator quality]]
[2025.06.22-21.04.32:509][  0]LogConfig: Setting CVar [[r.DOF.Gather.PostfilterMethod:1          ; Median3x3 postfilering method]]
[2025.06.22-21.04.32:509][  0]LogConfig: Setting CVar [[r.DOF.Gather.EnableBokehSettings:0       ; no bokeh simulation when gathering]]
[2025.06.22-21.04.32:509][  0]LogConfig: Setting CVar [[r.DOF.Gather.RingCount:4                 ; medium number of samples when gathering]]
[2025.06.22-21.04.32:509][  0]LogConfig: Setting CVar [[r.DOF.Scatter.ForegroundCompositing:1    ; additive foreground scattering]]
[2025.06.22-21.04.32:509][  0]LogConfig: Setting CVar [[r.DOF.Scatter.BackgroundCompositing:2    ; additive background scattering]]
[2025.06.22-21.04.32:509][  0]LogConfig: Setting CVar [[r.DOF.Scatter.EnableBokehSettings:1      ; bokeh simulation when scattering]]
[2025.06.22-21.04.32:509][  0]LogConfig: Setting CVar [[r.DOF.Scatter.MaxSpriteRatio:0.1         ; only a maximum of 10% of scattered bokeh]]
[2025.06.22-21.04.32:509][  0]LogConfig: Setting CVar [[r.DOF.Recombine.Quality:1                ; cheap slight out of focus]]
[2025.06.22-21.04.32:509][  0]LogConfig: Setting CVar [[r.DOF.Recombine.EnableBokehSettings:0    ; no bokeh simulation on slight out of focus]]
[2025.06.22-21.04.32:509][  0]LogConfig: Setting CVar [[r.DOF.TemporalAAQuality:1                ; more stable temporal accumulation]]
[2025.06.22-21.04.32:509][  0]LogConfig: Setting CVar [[r.DOF.Kernel.MaxForegroundRadius:0.025]]
[2025.06.22-21.04.32:509][  0]LogConfig: Setting CVar [[r.DOF.Kernel.MaxBackgroundRadius:0.025]]
[2025.06.22-21.04.32:509][  0]LogConfig: Applying CVar settings from Section [TextureQuality@3] File [C:/Users/eghah/Desktop/diplom/task1/Saved/Config/Windows/Scalability.ini]
[2025.06.22-21.04.32:509][  0]LogConfig: Setting CVar [[r.Streaming.MipBias:0]]
[2025.06.22-21.04.32:509][  0]LogConfig: Setting CVar [[r.Streaming.AmortizeCPUToGPUCopy:0]]
[2025.06.22-21.04.32:509][  0]LogConfig: Setting CVar [[r.Streaming.MaxNumTexturesToStreamPerFrame:0]]
[2025.06.22-21.04.32:509][  0]LogConfig: Setting CVar [[r.Streaming.Boost:1]]
[2025.06.22-21.04.32:509][  0]LogConfig: Setting CVar [[r.MaxAnisotropy:8]]
[2025.06.22-21.04.32:509][  0]LogConfig: Setting CVar [[r.VT.MaxAnisotropy:8]]
[2025.06.22-21.04.32:509][  0]LogConfig: Setting CVar [[r.Streaming.LimitPoolSizeToVRAM:0]]
[2025.06.22-21.04.32:509][  0]LogConfig: Setting CVar [[r.Streaming.PoolSize:1000]]
[2025.06.22-21.04.32:509][  0]LogConfig: Setting CVar [[r.Streaming.MaxEffectiveScreenSize:0]]
[2025.06.22-21.04.32:509][  0]LogConfig: Applying CVar settings from Section [EffectsQuality@3] File [C:/Users/eghah/Desktop/diplom/task1/Saved/Config/Windows/Scalability.ini]
[2025.06.22-21.04.32:509][  0]LogConfig: Setting CVar [[r.TranslucencyLightingVolumeDim:64]]
[2025.06.22-21.04.32:509][  0]LogConfig: Setting CVar [[r.RefractionQuality:2]]
[2025.06.22-21.04.32:509][  0]LogConfig: Setting CVar [[r.SSR.Quality:3]]
[2025.06.22-21.04.32:509][  0]LogConfig: Setting CVar [[r.SSR.HalfResSceneColor:0]]
[2025.06.22-21.04.32:509][  0]LogConfig: Setting CVar [[r.SceneColorFormat:4]]
[2025.06.22-21.04.32:509][  0]LogConfig: Setting CVar [[r.DetailMode:2]]
[2025.06.22-21.04.32:509][  0]LogConfig: Setting CVar [[r.TranslucencyVolumeBlur:1]]
[2025.06.22-21.04.32:509][  0]LogConfig: Setting CVar [[r.MaterialQualityLevel:1 ; High quality]]
[2025.06.22-21.04.32:509][  0]LogConfig: Setting CVar [[r.AnisotropicMaterials:1]]
[2025.06.22-21.04.32:509][  0]LogConfig: Setting CVar [[r.SSS.Scale:1]]
[2025.06.22-21.04.32:509][  0]LogConfig: Setting CVar [[r.SSS.SampleSet:2]]
[2025.06.22-21.04.32:509][  0]LogConfig: Setting CVar [[r.SSS.Quality:1]]
[2025.06.22-21.04.32:509][  0]LogConfig: Setting CVar [[r.SSS.HalfRes:0]]
[2025.06.22-21.04.32:509][  0]LogConfig: Setting CVar [[r.SSGI.Quality:3]]
[2025.06.22-21.04.32:510][  0]LogConfig: Setting CVar [[r.EmitterSpawnRateScale:1.0]]
[2025.06.22-21.04.32:510][  0]LogConfig: Setting CVar [[r.ParticleLightQuality:2]]
[2025.06.22-21.04.32:510][  0]LogConfig: Setting CVar [[r.SkyAtmosphere.AerialPerspectiveLUT.FastApplyOnOpaque:1 ; Always have FastSkyLUT 1 in this case to avoid wrong sky]]
[2025.06.22-21.04.32:510][  0]LogConfig: Setting CVar [[r.SkyAtmosphere.AerialPerspectiveLUT.SampleCountMaxPerSlice:4]]
[2025.06.22-21.04.32:510][  0]LogConfig: Setting CVar [[r.SkyAtmosphere.AerialPerspectiveLUT.DepthResolution:16.0]]
[2025.06.22-21.04.32:510][  0]LogConfig: Setting CVar [[r.SkyAtmosphere.FastSkyLUT:1]]
[2025.06.22-21.04.32:510][  0]LogConfig: Setting CVar [[r.SkyAtmosphere.FastSkyLUT.SampleCountMin:4.0]]
[2025.06.22-21.04.32:510][  0]LogConfig: Setting CVar [[r.SkyAtmosphere.FastSkyLUT.SampleCountMax:128.0]]
[2025.06.22-21.04.32:510][  0]LogConfig: Setting CVar [[r.SkyAtmosphere.SampleCountMin:4.0]]
[2025.06.22-21.04.32:510][  0]LogConfig: Setting CVar [[r.SkyAtmosphere.SampleCountMax:128.0]]
[2025.06.22-21.04.32:510][  0]LogConfig: Setting CVar [[r.SkyAtmosphere.TransmittanceLUT.UseSmallFormat:0]]
[2025.06.22-21.04.32:510][  0]LogConfig: Setting CVar [[r.SkyAtmosphere.TransmittanceLUT.SampleCount:10.0]]
[2025.06.22-21.04.32:510][  0]LogConfig: Setting CVar [[r.SkyAtmosphere.MultiScatteringLUT.SampleCount:15.0]]
[2025.06.22-21.04.32:510][  0]LogConfig: Setting CVar [[r.SkyLight.RealTimeReflectionCapture:1]]
[2025.06.22-21.04.32:510][  0]LogConfig: Applying CVar settings from Section [FoliageQuality@3] File [C:/Users/eghah/Desktop/diplom/task1/Saved/Config/Windows/Scalability.ini]
[2025.06.22-21.04.32:510][  0]LogConfig: Setting CVar [[foliage.DensityScale:1.0]]
[2025.06.22-21.04.32:510][  0]LogConfig: Setting CVar [[grass.DensityScale:1.0]]
[2025.06.22-21.04.32:510][  0]LogConfig: Applying CVar settings from Section [ShadingQuality@3] File [C:/Users/eghah/Desktop/diplom/task1/Saved/Config/Windows/Scalability.ini]
[2025.06.22-21.04.32:510][  0]LogConfig: Setting CVar [[r.HairStrands.SkyLighting.IntegrationType:2]]
[2025.06.22-21.04.32:510][  0]LogConfig: Setting CVar [[r.HairStrands.SkyAO.SampleCount:4]]
[2025.06.22-21.04.32:510][  0]LogConfig: Setting CVar [[r.HairStrands.Visibility.MSAA.SamplePerPixel:4]]
[2025.06.22-21.04.32:510][  0]LogConfig: Applying CVar settings from Section [Startup] File [../../../Engine/Config/ConsoleVariables.ini]
[2025.06.22-21.04.32:510][  0]LogConfig: Setting CVar [[net.UseAdaptiveNetUpdateFrequency:0]]
[2025.06.22-21.04.32:510][  0]LogConfig: Setting CVar [[p.chaos.AllowCreatePhysxBodies:1]]
[2025.06.22-21.04.32:510][  0]LogConfig: Setting CVar [[fx.SkipVectorVMBackendOptimizations:1]]
[2025.06.22-21.04.32:510][  0]LogConfig: Applying CVar settings from Section [ConsoleVariables] File [C:/Users/eghah/Desktop/diplom/task1/Saved/Config/Windows/Engine.ini]
[2025.06.22-21.04.32:510][  0]LogConfig: Applying CVar settings from Section [ConsoleVariables] File [C:/Users/eghah/Desktop/diplom/task1/Saved/Config/Windows/Editor.ini]
[2025.06.22-21.04.32:510][  0]LogInit: Computer: DESKTOP-C9CTT6M
[2025.06.22-21.04.32:510][  0]LogInit: User: eghah
[2025.06.22-21.04.32:510][  0]LogInit: CPU Page size=4096, Cores=14
[2025.06.22-21.04.32:510][  0]LogInit: High frequency timer resolution =10.000000 MHz
[2025.06.22-21.04.32:511][  0]LogMemory: Memory total: Physical=15.7GB (16GB approx)
[2025.06.22-21.04.32:511][  0]LogMemory: Platform Memory Stats for Windows
[2025.06.22-21.04.32:511][  0]LogMemory: Process Physical Memory: 155.44 MB used, 155.44 MB peak
[2025.06.22-21.04.32:511][  0]LogMemory: Process Virtual Memory: 138.21 MB used, 138.21 MB peak
[2025.06.22-21.04.32:511][  0]LogMemory: Physical Memory: 10033.25 MB used,  6075.37 MB free, 16108.62 MB total
[2025.06.22-21.04.32:511][  0]LogMemory: Virtual Memory: 134209416.00 MB used,  8308.95 MB free, 134217728.00 MB total
[2025.06.22-21.04.32:517][  0]LogWindows: WindowsPlatformFeatures enabled
[2025.06.22-21.04.32:556][  0]LogInit: Physics initialised using underlying interface: PhysX
[2025.06.22-21.04.32:557][  0]LogInit: Using OS detected language (en-US).
[2025.06.22-21.04.32:557][  0]LogInit: Using OS detected locale (en-US).
[2025.06.22-21.04.32:561][  0]LogTextLocalizationManager: No specific localization for 'en-US' exists, so the 'en' localization will be used.
[2025.06.22-21.04.32:723][  0]LogInit: Setting process to per monitor DPI aware
[2025.06.22-21.04.32:754][  0]LogWindowsTextInputMethodSystem: Display: IME system deactivated.
[2025.06.22-21.04.32:769][  0]LogSlate: New Slate User Created.  User Index 0, Is Virtual User: 0
[2025.06.22-21.04.32:769][  0]LogSlate: Slate User Registered.  User Index 0, Is Virtual User: 0
[2025.06.22-21.04.32:865][  0]LogD3D11RHI: Loaded GFSDK_Aftermath_Lib.x64.dll
[2025.06.22-21.04.32:908][  0]LogHMD: Failed to initialize OpenVR with code 110
[2025.06.22-21.04.32:908][  0]LogD3D11RHI: D3D11 min allowed feature level: 11_0
[2025.06.22-21.04.32:908][  0]LogD3D11RHI: D3D11 max allowed feature level: 11_0
[2025.06.22-21.04.32:908][  0]LogD3D11RHI: D3D11 adapters:
[2025.06.22-21.04.33:130][  0]LogD3D11RHI:    0. 'NVIDIA GeForce RTX 3070 Laptop GPU' (Feature Level 11_0)
[2025.06.22-21.04.33:130][  0]LogD3D11RHI:       8020/0/8054 MB DedicatedVideo/DedicatedSystem/SharedSystem, Outputs:1, VendorId:0x10de
[2025.06.22-21.04.33:171][  0]LogD3D11RHI:    1. 'Intel(R) Iris(R) Xe Graphics' (Feature Level 11_0)
[2025.06.22-21.04.33:171][  0]LogD3D11RHI:       128/0/8054 MB DedicatedVideo/DedicatedSystem/SharedSystem, Outputs:0, VendorId:0x8086
[2025.06.22-21.04.33:176][  0]LogD3D11RHI:    2. 'Microsoft Basic Render Driver' (Feature Level 11_0)
[2025.06.22-21.04.33:176][  0]LogD3D11RHI:       0/0/8054 MB DedicatedVideo/DedicatedSystem/SharedSystem, Outputs:0, VendorId:0x1414
[2025.06.22-21.04.33:176][  0]LogD3D11RHI: Chosen D3D11 Adapter:
[2025.06.22-21.04.33:176][  0]LogD3D11RHI:     Description : NVIDIA GeForce RTX 3070 Laptop GPU
[2025.06.22-21.04.33:176][  0]LogD3D11RHI:     VendorId    : 10de
[2025.06.22-21.04.33:176][  0]LogD3D11RHI:     DeviceId    : 249d
[2025.06.22-21.04.33:176][  0]LogD3D11RHI:     SubSysId    : 15461458
[2025.06.22-21.04.33:176][  0]LogD3D11RHI:     Revision    : 00a1
[2025.06.22-21.04.33:176][  0]LogD3D11RHI:     DedicatedVideoMemory : 8409579520 bytes
[2025.06.22-21.04.33:176][  0]LogD3D11RHI:     DedicatedSystemMemory : 0 bytes
[2025.06.22-21.04.33:176][  0]LogD3D11RHI:     SharedSystemMemory : 8445554688 bytes
[2025.06.22-21.04.33:176][  0]LogD3D11RHI:     AdapterLuid : 0 77095
[2025.06.22-21.04.33:184][  0]LogD3D11RHI: Creating new Direct3DDevice
[2025.06.22-21.04.33:184][  0]LogD3D11RHI:     GPU DeviceId: 0x249d (for the marketing name, search the web for "GPU Device Id")
[2025.06.22-21.04.33:184][  0]LogWindows: EnumDisplayDevices:
[2025.06.22-21.04.33:184][  0]LogWindows:    0. 'Intel(R) Iris(R) Xe Graphics' (P:1 D:1)
[2025.06.22-21.04.33:184][  0]LogWindows:    1. 'Intel(R) Iris(R) Xe Graphics' (P:0 D:0)
[2025.06.22-21.04.33:185][  0]LogWindows:    2. 'Intel(R) Iris(R) Xe Graphics' (P:0 D:0)
[2025.06.22-21.04.33:185][  0]LogWindows:    3. 'Intel(R) Iris(R) Xe Graphics' (P:0 D:0)
[2025.06.22-21.04.33:185][  0]LogWindows:    4. 'NVIDIA GeForce RTX 3070 Laptop GPU' (P:0 D:0)
[2025.06.22-21.04.33:185][  0]LogWindows:    5. 'NVIDIA GeForce RTX 3070 Laptop GPU' (P:0 D:0)
[2025.06.22-21.04.33:185][  0]LogWindows:    6. 'NVIDIA GeForce RTX 3070 Laptop GPU' (P:0 D:0)
[2025.06.22-21.04.33:185][  0]LogWindows:    7. 'NVIDIA GeForce RTX 3070 Laptop GPU' (P:0 D:0)
[2025.06.22-21.04.33:185][  0]LogWindows: DebugString: PrimaryIsNotTheChoosenAdapter PrimaryIsNotTheChoosenAdapter PrimaryIsNotTheChoosenAdapter PrimaryIsNotTheChoosenAdapter FoundDriverCount:4 
[2025.06.22-21.04.33:185][  0]LogD3D11RHI:     Adapter Name: NVIDIA GeForce RTX 3070 Laptop GPU
[2025.06.22-21.04.33:185][  0]LogD3D11RHI:   Driver Version: 576.80 (internal:32.0.15.7680, unified:576.80)
[2025.06.22-21.04.33:185][  0]LogD3D11RHI:      Driver Date: 6-12-2025
[2025.06.22-21.04.33:185][  0]LogRHI: Texture pool is 5614 MB (70% of 8020 MB)
[2025.06.22-21.04.33:186][  0]LogD3D11RHI: Creating D3DDevice using adapter:
[2025.06.22-21.04.33:186][  0]LogD3D11RHI:     Description : NVIDIA GeForce RTX 3070 Laptop GPU
[2025.06.22-21.04.33:186][  0]LogD3D11RHI:     VendorId    : 10de
[2025.06.22-21.04.33:186][  0]LogD3D11RHI:     DeviceId    : 249d
[2025.06.22-21.04.33:186][  0]LogD3D11RHI:     SubSysId    : 15461458
[2025.06.22-21.04.33:186][  0]LogD3D11RHI:     Revision    : 00a1
[2025.06.22-21.04.33:186][  0]LogD3D11RHI:     DedicatedVideoMemory : 8409579520 bytes
[2025.06.22-21.04.33:186][  0]LogD3D11RHI:     DedicatedSystemMemory : 0 bytes
[2025.06.22-21.04.33:186][  0]LogD3D11RHI:     SharedSystemMemory : 8445554688 bytes
[2025.06.22-21.04.33:186][  0]LogD3D11RHI:     AdapterLuid : 0 77095
[2025.06.22-21.04.33:310][  0]LogD3D11RHI: RHI has support for 64 bit atomics
[2025.06.22-21.04.33:311][  0]LogD3D11RHI: Async texture creation enabled
[2025.06.22-21.04.33:311][  0]LogD3D11RHI: Array index from any shader is supported
[2025.06.22-21.04.33:326][  0]LogD3D11RHI: GPU Timing Frequency: 1000.000000 (Debug: 2 1)
[2025.06.22-21.04.33:351][  0]LogRHI: GeForceNow SDK initialized: 1
[2025.06.22-21.04.33:623][  0]LogTargetPlatformManager: Display: Loaded TargetPlatform 'AllDesktop'
[2025.06.22-21.04.33:640][  0]LogTargetPlatformManager: Display: Loaded TargetPlatform 'Android'
[2025.06.22-21.04.33:640][  0]LogTargetPlatformManager: Display: Loaded TargetPlatform 'Android_ASTC'
[2025.06.22-21.04.33:640][  0]LogTargetPlatformManager: Display: Loaded TargetPlatform 'Android_DXT'
[2025.06.22-21.04.33:640][  0]LogTargetPlatformManager: Display: Loaded TargetPlatform 'Android_ETC2'
[2025.06.22-21.04.33:640][  0]LogTargetPlatformManager: Display: Loaded TargetPlatform 'AndroidClient'
[2025.06.22-21.04.33:640][  0]LogTargetPlatformManager: Display: Loaded TargetPlatform 'Android_ASTCClient'
[2025.06.22-21.04.33:640][  0]LogTargetPlatformManager: Display: Loaded TargetPlatform 'Android_DXTClient'
[2025.06.22-21.04.33:640][  0]LogTargetPlatformManager: Display: Loaded TargetPlatform 'Android_ETC2Client'
[2025.06.22-21.04.33:640][  0]LogTargetPlatformManager: Display: Loaded TargetPlatform 'Android_Multi'
[2025.06.22-21.04.33:640][  0]LogTargetPlatformManager: Display: Loaded TargetPlatform 'Android_MultiClient'
[2025.06.22-21.04.33:656][  0]LogTargetPlatformManager: Display: Loaded TargetPlatform 'IOSClient'
[2025.06.22-21.04.33:656][  0]LogTargetPlatformManager: Display: Loaded TargetPlatform 'IOS'
[2025.06.22-21.04.33:663][  0]LogTargetPlatformManager: Display: Loaded TargetPlatform 'Linux'
[2025.06.22-21.04.33:667][  0]LogTargetPlatformManager: Display: Loaded TargetPlatform 'LinuxNoEditor'
[2025.06.22-21.04.33:671][  0]LogTargetPlatformManager: Display: Loaded TargetPlatform 'LinuxClient'
[2025.06.22-21.04.33:674][  0]LogTargetPlatformManager: Display: Loaded TargetPlatform 'LinuxServer'
[2025.06.22-21.04.33:682][  0]LogTargetPlatformManager: Display: Loaded TargetPlatform 'LinuxAArch64NoEditor'
[2025.06.22-21.04.33:685][  0]LogTargetPlatformManager: Display: Loaded TargetPlatform 'LinuxAArch64Client'
[2025.06.22-21.04.33:689][  0]LogTargetPlatformManager: Display: Loaded TargetPlatform 'LinuxAArch64Server'
[2025.06.22-21.04.33:707][  0]LogTargetPlatformManager: Display: Loaded TargetPlatform 'Lumin'
[2025.06.22-21.04.33:707][  0]LogTargetPlatformManager: Display: Loaded TargetPlatform 'LuminClient'
[2025.06.22-21.04.33:714][  0]LogTargetPlatformManager: Display: Loaded TargetPlatform 'MacNoEditor'
[2025.06.22-21.04.33:718][  0]LogTargetPlatformManager: Display: Loaded TargetPlatform 'Mac'
[2025.06.22-21.04.33:721][  0]LogTargetPlatformManager: Display: Loaded TargetPlatform 'MacClient'
[2025.06.22-21.04.33:725][  0]LogTargetPlatformManager: Display: Loaded TargetPlatform 'MacServer'
[2025.06.22-21.04.33:733][  0]LogTargetPlatformManager: Display: Loaded TargetPlatform 'TVOSClient'
[2025.06.22-21.04.33:733][  0]LogTargetPlatformManager: Display: Loaded TargetPlatform 'TVOS'
[2025.06.22-21.04.33:741][  0]LogTargetPlatformManager: Display: Loaded TargetPlatform 'WindowsNoEditor'
[2025.06.22-21.04.33:744][  0]LogTargetPlatformManager: Display: Loaded TargetPlatform 'Windows'
[2025.06.22-21.04.33:748][  0]LogTargetPlatformManager: Display: Loaded TargetPlatform 'WindowsClient'
[2025.06.22-21.04.33:752][  0]LogTargetPlatformManager: Display: Loaded TargetPlatform 'WindowsServer'
[2025.06.22-21.04.33:752][  0]LogTargetPlatformManager: Display: Building Assets For Windows
[2025.06.22-21.04.33:757][  0]LogAudioDebug: Display: Lib vorbis DLL was dynamically loaded.
[2025.06.22-21.04.33:783][  0]LogTextureFormatOodle: Display: Oodle Texture 2.9.0 init RDO Off
[2025.06.22-21.04.33:810][  0]LogRendererCore: Ray tracing is disabled. Reason: r.RayTracing=0.
[2025.06.22-21.04.33:810][  0]LogShaderCompilers: Guid format shader working directory is -5 characters bigger than the processId version (../../../../../../Users/eghah/Desktop/diplom/task1/Intermediate/Shaders/WorkingDirectory/31804/).
[2025.06.22-21.04.33:810][  0]LogShaderCompilers: Cleaned the shader compiler working directory 'C:/Users/eghah/AppData/Local/Temp/UnrealShaderWorkingDir/619DC00140BB6F2FD71E9AA7F83FF9DE/'.
[2025.06.22-21.04.33:810][  0]LogXGEController: Cannot use XGE Controller as Incredibuild is not installed on this machine.
[2025.06.22-21.04.33:811][  0]LogShaderCompilers: Cannot use XGE Shader Compiler as Incredibuild is not installed on this machine.
[2025.06.22-21.04.33:811][  0]LogShaderCompilers: Display: Using Local Shader Compiler.
[2025.06.22-21.04.34:488][  0]LogDerivedDataCache: Display: Max Cache Size: 512 MB
[2025.06.22-21.04.34:544][  0]LogDerivedDataCache: Loaded boot cache 0.06s 94MB C:/Users/eghah/AppData/Local/UnrealEngine/4.27/DerivedDataCache/Boot.ddc.
[2025.06.22-21.04.34:544][  0]LogDerivedDataCache: Display: Loaded Boot cache: C:/Users/eghah/AppData/Local/UnrealEngine/4.27/DerivedDataCache/Boot.ddc
[2025.06.22-21.04.34:544][  0]LogDerivedDataCache: FDerivedDataBackendGraph:  Pak pak cache file ../../../../../../Users/eghah/Desktop/diplom/task1/DerivedDataCache/DDC.ddp not found, will not use a pak cache.
[2025.06.22-21.04.34:545][  0]LogDerivedDataCache: Unable to find inner node Pak for hierarchical cache Hierarchy.
[2025.06.22-21.04.34:545][  0]LogDerivedDataCache: FDerivedDataBackendGraph:  CompressedPak pak cache file ../../../../../../Users/eghah/Desktop/diplom/task1/DerivedDataCache/Compressed.ddp not found, will not use a pak cache.
[2025.06.22-21.04.34:545][  0]LogDerivedDataCache: Unable to find inner node CompressedPak for hierarchical cache Hierarchy.
[2025.06.22-21.04.34:561][  0]LogDerivedDataCache: Display: Pak cache opened for reading ../../../Engine/DerivedDataCache/Compressed.ddp.
[2025.06.22-21.04.34:561][  0]LogDerivedDataCache: FDerivedDataBackendGraph:  EnterprisePak pak cache file ../../../Enterprise/DerivedDataCache/Compressed.ddp not found, will not use a pak cache.
[2025.06.22-21.04.34:561][  0]LogDerivedDataCache: Unable to find inner node EnterprisePak for hierarchical cache Hierarchy.
[2025.06.22-21.04.34:567][  0]LogDerivedDataCache: Speed tests for C:/Users/eghah/AppData/Local/UnrealEngine/Common/DerivedDataCache took 0.01 seconds
[2025.06.22-21.04.34:567][  0]LogDerivedDataCache: Display: Performance to C:/Users/eghah/AppData/Local/UnrealEngine/Common/DerivedDataCache: Latency=0.02ms. RandomReadSpeed=1415.05MBs, RandomWriteSpeed=190.64MBs. Assigned SpeedClass 'Local'
[2025.06.22-21.04.34:568][  0]LogDerivedDataCache: Using Local data cache path C:/Users/eghah/AppData/Local/UnrealEngine/Common/DerivedDataCache: Writable
[2025.06.22-21.04.34:569][  0]LogDerivedDataCache: Shared data cache path not found in *engine.ini, will not use an Shared cache.
[2025.06.22-21.04.34:569][  0]LogDerivedDataCache: Unable to find inner node Shared for hierarchical cache Hierarchy.
[2025.06.22-21.04.34:608][  0]LogSlate: Using FreeType 2.10.0
[2025.06.22-21.04.34:609][  0]LogSlate: SlateFontServices - WITH_FREETYPE: 1, WITH_HARFBUZZ: 1
[2025.06.22-21.04.34:632][  0]LogAssetRegistry: FAssetRegistry took 0.0025 seconds to start up
[2025.06.22-21.04.34:816][  0]LogInit: Selected Device Profile: [Windows]
[2025.06.22-21.04.34:816][  0]LogInit: Active device profile: [0000026A6BC75400][0000026A6BFC45C0 49] Windows
[2025.06.22-21.04.34:816][  0]LogInit: Profiles: [0000026A6BC75400][0000026A6BFC45C0 49] Windows, [0000026A6BBF7F00][0000026A6BFC0700 49] WindowsNoEditor, [0000026A6BC1B500][0000026A6BFC8840 49] WindowsServer, [0000026A6BBF6F00][0000026A6BFCC980 49] WindowsClient, [0000026A6BC18A00][0000026A6BFD4B00 49] IOS, [0000026A6BBF6200][0000026A6BFD8C80 49] iPadAir, [0000026A6BC1A000][0000026A6BFDCE00 49] iPadAir2, [0000026A6BBC0600][0000026A6BFE50C0 49] IPadPro, [0000026A6BBC0700][0000026A6BFE1100 49] iPadAir3, [0000026A6BBF5300][0000026A6BFE9280 49] iPadAir4, [0000026A6BBC1400][0000026A6BFED400 49] iPadMini2, [0000026A6BBF7300][0000026A6BFF1580 49] iPadMini3, [0000026A6BBC1F00][0000026A6BFF5700 49] iPadMini4, [0000026A6BBF5B00][0000026A6BFF9880 49] iPadMini5, [0000026A6BBB3E00][0000026A6C001B40 49] iPhone6, [0000026A6BBB3F00][0000026A6BFFDB80 49] iPodTouch6, [0000026A6BC1A600][0000026A6C0782C0 49] iPhone7, [0000026A6BC1B600][0000026A6C004300 49] iPodTouch7, [0000026A6BBC3900][0000026A6C07C480 49] iPhone5S, [0000026A6BC1BF00][0000026A6C080600 49] iPhone6Plus, [0000026A6BBC2400][0000026A6BFD0740 49] iPhone6S, [0000026A6BBB0100][0000026A6C084880 49] iPhone6SPlus, [0000026A6BC19D00][0000026A6C0889C0 49] iPhone7Plus, [0000026A6BBB3A00][0000026A6C08CB00 49] iPhoneSE, [0000026A6BC1A900][0000026A6C094C80 49] iPhone8, [0000026A6BBC2F00][0000026A6C098E00 49] iPhone8Plus, [0000026A6BBB1C00][0000026A6C09CF80 49] iPhoneX, [0000026A6BBC3A00][0000026A6C0A1100 49] iPhoneXS, [0000026A6BBB1B00][0000026A6C0A5280 49] iPhoneXSMax, [0000026A6BC19400][0000026A6C0A9400 49] iPhoneXR, [0000026A6BBB1400][0000026A6C0AD580 49] iPhone11, [0000026A6BC1A800][0000026A6C0B1700 49] iPhone11Pro, [0000026A6BBB2900][0000026A6C0B5880 49] iPhone11ProMax, [0000026A6BC1AE00][0000026A6C0B9A00 49] iPhoneSE2, [0000026A6BBB3600][0000026A6C0BDB80 49] iPhone12Mini, [0000026A6BC1BC00][0000026A6C0C0180 49] iPhone12, [0000026A6BBB0E00][0000026A6C0C4300 49] iPhone12Pro, [0000026A6BC18600][0000026A6C0C8480 49] iPhone12ProMax, [0000026A6BBB2800][0000026A6C0CC600 49] iPadPro105, [0000026A6BC1A200][0000026A6C0D0780 49] iPadPro129, [0000026A6BBB1700][0000026A6C0D4900 49] iPadPro97, [0000026A6BC19900][0000026A6C090A40 49] iPadPro2_129, [0000026A6BBB1E00][0000026A6C0D8B80 49] iPad5, [0000026A6BC18200][0000026A6C0DCCC0 49] iPad6, [0000026A6BBB0900][0000026A6C10AE40 49] iPad7, [0000026A6BC18E00][0000026A6C172FC0 49] iPad8, [0000026A6BBB1800][0000026A6C18B140 49] iPadPro11, [0000026A6BC1B700][0000026A6C18F2C0 49] iPadPro2_11, [0000026A6BBB3100][0000026A6C193440 49] iPadPro3_129, [0000026A6BC1A100][0000026A6C1975C0 49] iPadPro4_129, [0000026A6BBB0500][0000026A6C19B740 49] AppleTV, [0000026A6BC18D00][0000026A6C2258C0 49] AppleTV4K, [0000026A6BBB0A00][0000026A6C22DA40 49] TVOS, [0000026A6BC1B400][0000026A63F0FBC0 49] Mac, [0000026A6BBB0600][0000026A6C2881C0 49] MacClient, [0000026A6BC19B00][0000026A63FCC340 49] MacNoEditor, [0000026A6BBB3C00][0000026A63FD04C0 49] MacServer, [0000026A6BC1B000][0000026A63FD4640 49] Linux, [0000026A6BBB2100][0000026A63FD87C0 49] LinuxAArch64, [0000026A6BC1A400][0000026A63FE0940 49] LinuxNoEditor, [0000026A6BBB0200][0000026A63FE4AC0 49] LinuxAArch64NoEditor, [0000026A6BC1B300][0000026A6C106C00 49] LinuxClient, [0000026A6BBB1900][0000026A63FF4D40 49] LinuxAArch64Client, [0000026A6BC1BE00][0000026A6CE8EE80 49] LinuxServer, [0000026A6BBB2F00][0000026A6CE92FC0 49] LinuxAArch64Server, [0000026A6BC1B800][0000026A63FFD140 49] Android, [0000026A6BBB1A00][0000026A640012C0 49] Android_Low, [0000026A6BC19800][0000026A64009440 49] Android_Mid, [0000026A6BBB0B00][0000026A640195C0 49] Android_High, [0000026A6BC18F00][0000026A6402D740 49] Android_Default, [0000026A6BBB2300][0000026A6C0618C0 49] Android_Adreno4xx, [0000026A6BC1B100][0000026A6C065A40 49] Android_Adreno5xx_Low, [0000026A6BBB0700][0000026A6C069BC0 49] Android_Adreno5xx, [0000026A6BC1A500][0000026A6C06C1C0 49] Android_Adreno6xx, [0000026A6BBB3300][0000026A6C070340 49] Android_Adreno6xx_Vulkan, [0000026A6BC76D00][0000026A6C0744C0 49] Android_Mali_T6xx, [0000026A6BBC2E00][0000026A63EEE640 49] Android_Mali_T7xx, [0000026A6BC75200][0000026A63EF27C0 49] Android_Mali_T8xx, [0000026A6BBC0F00][0000026A63FAC940 49] Android_Mali_G71, [0000026A6BC74C00][0000026A63FB0AC0 49] Android_Mali_G72, [0000026A6BBC0800][0000026A63EF6C40 49] Android_Mali_G72_Vulkan, [0000026A6BC75900][0000026A6CE96D80 49] Android_Mali_G76, [0000026A6BBC2B00][0000026A63EFAEC0 49] Android_Mali_G76_Vulkan, [0000026A6BC76C00][0000026A62F03000 49] Android_Mali_G77, [0000026A6BBC3E00][0000026A62F0F140 49] Android_Mali_G77_Vulkan, [0000026A6BC74D00][0000026A6C2112C0 49] Android_Mali_G78, [0000026A6BBC1C00][0000026A6C219440 49] Android_Mali_G78_Vulkan, [0000026A6BC76E00][0000026A6C21D5C0 49] Android_Mali_G710, [0000026A6BBC3B00][0000026A6CA4F740 49] Android_Mali_G710_Vulkan, [0000026A6BC77100][0000026A6CA5D8C0 49] Android_Vulkan_SM5, [0000026A6BBC2900][0000026A6CA61A40 49] Android_PowerVR_G6xxx, [0000026A6BC76400][0000026A6CA6FBC0 49] Android_PowerVR_GT7xxx, [0000026A6BBC0200][0000026A6CA721C0 49] Android_PowerVR_GE8xxx, [0000026A6BC74400][0000026A6CA76340 49] Android_PowerVR_GM9xxx, [0000026A6BBC0300][0000026A6CA7A4C0 49] Android_PowerVR_GM9xxx_Vulkan, [0000026A6BC76F00][0000026A6CA7E640 49] Android_TegraK1, [0000026A6BBC1000][0000026A6CA827C0 49] Android_Unknown_Vulkan, [0000026A6BBB1D00][0000026A6CA86940 49] Lumin, [0000026A6BBC0C00][0000026A6CA8AAC0 49] Lumin_Desktop, [0000026A6BBB1000][0000026A6CA8EC40 49] HoloLens, 
[2025.06.22-21.04.34:921][  0]LogMeshReduction: Using QuadricMeshReduction for automatic static mesh reduction
[2025.06.22-21.04.34:921][  0]LogMeshReduction: Using SimplygonMeshReduction for automatic skeletal mesh reduction
[2025.06.22-21.04.34:922][  0]LogMeshReduction: Using ProxyLODMeshReduction for automatic mesh merging
[2025.06.22-21.04.34:922][  0]LogMeshReduction: No distributed automatic mesh merging module available
[2025.06.22-21.04.34:922][  0]LogMeshMerging: No distributed automatic mesh merging module available
[2025.06.22-21.04.34:934][  0]LogNetVersion: task1 1.0.0, NetCL: 17155196, EngineNetVer: 17, GameNetVer: 0 (Checksum: 2432196851)
[2025.06.22-21.04.35:258][  0]LogTexture: Default maximum texture size for cubemaps generated from long-lat sources has been changed from 512 to unlimited. In order to preserve old behaiour for '/Engine/MapTemplates/Sky/DaylightAmbientCubemap.DaylightAmbientCubemap', its maximum texture size has been explicitly set to 512.
[2025.06.22-21.04.35:319][  0]LogHMD: PokeAHoleMaterial loaded successfully
[2025.06.22-21.04.35:325][  0]LogUObjectArray: 17178 objects as part of root set at end of initial load.
[2025.06.22-21.04.35:325][  0]LogUObjectAllocator: 4302048 out of 0 bytes used by permanent object pool.
[2025.06.22-21.04.35:325][  0]LogUObjectArray: CloseDisregardForGC: 0/0 objects in disregard for GC pool
[2025.06.22-21.04.35:595][  0]LogNiagaraDebuggerClient: Niagara Debugger Client Initialized | Session: EE90B6884B079487515CEE84DC3C3209 | Instance: D86CBAA946623B34FD17F2B1B36267FC (DESKTOP-C9CTT6M-31804).
[2025.06.22-21.04.35:644][  0]LogPython: Using Python 3.7.7
[2025.06.22-21.04.36:088][  0]LogUdpMessaging: Initializing bridge on interface 0.0.0.0:0 to multicast group 230.0.0.1:6666.
[2025.06.22-21.04.36:095][  0]LogTcpMessaging: Initializing TcpMessaging bridge
[2025.06.22-21.04.36:376][  0]SourceControl: Source control is disabled
[2025.06.22-21.04.36:376][  0]SourceControl: Source control is disabled
[2025.06.22-21.04.36:382][  0]SourceControl: Source control is disabled
[2025.06.22-21.04.36:390][  0]SourceControl: Source control is disabled
[2025.06.22-21.04.36:395][  0]LogUProjectInfo: Found projects:
[2025.06.22-21.04.36:403][  0]SourceControl: Source control is disabled
[2025.06.22-21.04.36:578][  0]LogOpenImageDenoise: OIDN starting up
[2025.06.22-21.04.36:592][  0]LogAndroidPermission: UAndroidPermissionCallbackProxy::GetInstance
[2025.06.22-21.04.36:604][  0]LogAudioCaptureCore: Display: No Audio Capture implementations found. Audio input will be silent.
[2025.06.22-21.04.36:604][  0]LogAudioCaptureCore: Display: No Audio Capture implementations found. Audio input will be silent.
[2025.06.22-21.04.36:725][  0]LogCollectionManager: Loaded 0 collections in 0.001410 seconds
[2025.06.22-21.04.36:751][  0]LogFileCache: Scanning file cache for directory 'C:/Users/eghah/Desktop/diplom/task1/Saved/Collections/' took 0.00s
[2025.06.22-21.04.36:751][  0]LogFileCache: Scanning file cache for directory 'C:/Users/eghah/Desktop/diplom/task1/Content/Developers/eghah/Collections/' took 0.00s
[2025.06.22-21.04.36:751][  0]LogFileCache: Scanning file cache for directory 'C:/Users/eghah/Desktop/diplom/task1/Content/Collections/' took 0.00s
[2025.06.22-21.04.36:751][  0]LogOcInput: OculusInput pre-init called
[2025.06.22-21.04.36:988][  0]LogEngine: Initializing Engine...
[2025.06.22-21.04.37:054][  0]LogHMD: Failed to enumerate extensions. Please check that you have a valid OpenXR runtime installed.
[2025.06.22-21.04.37:055][  0]LogHMD: Failed to initialize OpenVR with code 110
[2025.06.22-21.04.37:055][  0]LogMagicLeap: Warning: VR disabled because ZI is not enabled.  To enable, in the editor, Edit -> Project Settings -> Plugins -> Magic Leap Plugin -> Enable Zero Iteration
[2025.06.22-21.04.37:056][  0]LogStats: UGameplayTagsManager::InitializeManager -  0.000 s
[2025.06.22-21.04.37:178][  0]LogInit: Initializing FReadOnlyCVARCache
[2025.06.22-21.04.37:187][  0]LogAIModule: Creating AISystem for world Untitled
[2025.06.22-21.04.37:195][  0]LogAudio: Display: Initializing Audio Device Manager...
[2025.06.22-21.04.37:198][  0]LogAudio: Display: Loading Default Audio Settings Objects...
[2025.06.22-21.04.37:199][  0]LogAudio: Display: No default SoundConcurrencyObject specified (or failed to load).
[2025.06.22-21.04.37:199][  0]LogAudio: Display: Audio Device Manager Initialized
[2025.06.22-21.04.37:199][  0]LogAudio: Display: Creating Audio Device:                 Id: 1, Scope: Shared, Realtime: True
[2025.06.22-21.04.37:199][  0]LogAudioMixer: Display: Audio Mixer Platform Settings:
[2025.06.22-21.04.37:199][  0]LogAudioMixer: Display: 	Sample Rate:						  48000
[2025.06.22-21.04.37:199][  0]LogAudioMixer: Display: 	Callback Buffer Frame Size Requested: 1024
[2025.06.22-21.04.37:199][  0]LogAudioMixer: Display: 	Callback Buffer Frame Size To Use:	  1024
[2025.06.22-21.04.37:199][  0]LogAudioMixer: Display: 	Number of buffers to queue:			  2
[2025.06.22-21.04.37:199][  0]LogAudioMixer: Display: 	Max Channels (voices):				  32
[2025.06.22-21.04.37:199][  0]LogAudioMixer: Display: 	Number of Async Source Workers:		  0
[2025.06.22-21.04.37:199][  0]LogAudio: Display: AudioDevice MaxSources: 32
[2025.06.22-21.04.37:200][  0]LogAudio: Display: Audio Spatialization Plugin: None (built-in).
[2025.06.22-21.04.37:200][  0]LogAudio: Display: Audio Reverb Plugin: None (built-in).
[2025.06.22-21.04.37:200][  0]LogAudio: Display: Audio Occlusion Plugin: None (built-in).
[2025.06.22-21.04.37:200][  0]LogAudioMixer: Display: Initializing audio mixer.
[2025.06.22-21.04.37:209][  0]LogAudioMixer: Display: 0: FrontLeft
[2025.06.22-21.04.37:209][  0]LogAudioMixer: Display: 1: FrontRight
[2025.06.22-21.04.37:588][  0]LogAudioMixer: Display: Using Audio Device Speakers (Realtek(R) Audio)
[2025.06.22-21.04.37:590][  0]LogAudioMixer: Display: Initializing Sound Submixes...
[2025.06.22-21.04.37:593][  0]LogAudioMixer: Display: Creating Master Submix 'MasterSubmixDefault'
[2025.06.22-21.04.37:593][  0]LogAudioMixer: Display: Creating Master Submix 'MasterReverbSubmixDefault'
[2025.06.22-21.04.37:595][  0]LogAudioMixer: Display: Creating Master Submix 'MasterEQSubmixDefault'
[2025.06.22-21.04.37:595][  0]LogAudioMixer: FMixerPlatformXAudio2::StartAudioStream() called
[2025.06.22-21.04.37:595][  0]LogAudioMixer: Display: Output buffers initialized: Frames=1024, Channels=2, Samples=2048
[2025.06.22-21.04.37:596][  0]LogAudioMixer: Display: Starting AudioMixerPlatformInterface::RunInternal()
[2025.06.22-21.04.37:596][  0]LogAudioMixer: Display: FMixerPlatformXAudio2::SubmitBuffer() called for the first time
[2025.06.22-21.04.37:596][  0]LogInit: FAudioDevice initialized.
[2025.06.22-21.04.37:596][  0]LogAudio: Display: Audio Device (ID: 1) registered with world 'Untitled'.
[2025.06.22-21.04.37:596][  0]LogNetVersion: Set ProjectVersion to 1.0.0.0. Version Checksum will be recalculated on next use.
[2025.06.22-21.04.37:665][  0]LogDerivedDataCache: Saved boot cache 0.07s 94MB C:/Users/eghah/AppData/Local/UnrealEngine/4.27/DerivedDataCache/Boot.ddc.
[2025.06.22-21.04.37:666][  0]LogInit: Texture streaming: Enabled
[2025.06.22-21.04.37:683][  0]LogAnalytics: Display: [UEEditor.Rocket.Release] APIServer = https://datarouter.ol.epicgames.com/. AppVersion = 4.27.2-18319896+++UE4+Release-4.27
[2025.06.22-21.04.37:687][  0]LogEngineSessionManager: EngineSessionManager initialized
[2025.06.22-21.04.37:687][  0]LogEditorSessionSummary: Verbose: Initializing EditorSessionSummaryWriter for editor session tracking
[2025.06.22-21.04.37:688][  0]LogEditorSessionSummary: EditorSessionSummaryWriter initialized
[2025.06.22-21.04.37:730][  0]LogInit: Transaction tracking system initialized
[2025.06.22-21.04.37:753][  0]BlueprintLog: New page: Editor Load
[2025.06.22-21.04.37:848][  0]LocalizationService: Localization service is disabled
[2025.06.22-21.04.37:869][  0]TimingProfiler: Initialize
[2025.06.22-21.04.37:870][  0]TimingProfiler: OnSessionChanged
[2025.06.22-21.04.37:870][  0]LoadingProfiler: Initialize
[2025.06.22-21.04.37:870][  0]LoadingProfiler: OnSessionChanged
[2025.06.22-21.04.37:870][  0]NetworkingProfiler: Initialize
[2025.06.22-21.04.37:870][  0]NetworkingProfiler: OnSessionChanged
[2025.06.22-21.04.37:870][  0]MemoryProfiler: Initialize
[2025.06.22-21.04.37:870][  0]MemoryProfiler: OnSessionChanged
[2025.06.22-21.04.38:284][  0]LogCook: Display: CookSettings for Memory: MemoryMaxUsedVirtual 0MiB, MemoryMaxUsedPhysical 16384MiB, MemoryMinFreeVirtual 0MiB, MemoryMinFreePhysical 1024MiB
[2025.06.22-21.04.38:284][  0]LogCook: Display: Mobile HDR setting 1
[2025.06.22-21.04.38:464][  0]LogFileCache: Scanning file cache for directory 'C:/Users/eghah/Desktop/diplom/task1/Content/' took 0.01s
[2025.06.22-21.04.38:629][  0]LogInit: Display: Engine is initialized. Leaving FEngineLoop::Init()
[2025.06.22-21.04.38:631][  0]SourceControl: Source control is disabled
[2025.06.22-21.04.38:631][  0]LogUnrealEdMisc: Loading editor; pre map load, took 7.221
[2025.06.22-21.04.38:631][  0]Cmd: MAP LOAD FILE="../../../../../../Users/eghah/Desktop/diplom/task1/Content/Maps/MainMenuMap.umap" TEMPLATE=0 SHOWPROGRESS=1 FEATURELEVEL=3
[2025.06.22-21.04.38:638][  0]LightingResults: New page: Lighting Build
[2025.06.22-21.04.38:640][  0]LogWorld: UWorld::CleanupWorld for Untitled, bSessionEnded=true, bCleanupResources=true
[2025.06.22-21.04.38:640][  0]LogSlate: InvalidateAllWidgets triggered.  All widgets were invalidated
[2025.06.22-21.04.38:640][  0]MapCheck: New page: Map Check
[2025.06.22-21.04.38:640][  0]LightingResults: New page: Lighting Build
[2025.06.22-21.04.38:646][  0]LogAudio: Display: Audio Device unregistered from world 'None'.
[2025.06.22-21.04.38:649][  0]LogUObjectHash: Compacting FUObjectHashTables data took   0.62ms
[2025.06.22-21.04.38:698][  0]LogAudio: Display: Audio Device (ID: 1) registered with world 'MainMenuMap'.
[2025.06.22-21.04.38:700][  0]LogAIModule: Creating AISystem for world MainMenuMap
[2025.06.22-21.04.38:701][  0]LogEditorServer: Finished looking for orphan Actors (0.000 secs)
[2025.06.22-21.04.38:717][  0]LogUObjectHash: Compacting FUObjectHashTables data took   1.53ms
[2025.06.22-21.04.38:717][  0]Cmd: MAP CHECKDEP NOCLEARLOG
[2025.06.22-21.04.38:718][  0]MapCheck: Map check complete: 0 Error(s), 0 Warning(s), took 0.325ms to complete.
[2025.06.22-21.04.38:718][  0]LogFileHelpers: Loading map 'MainMenuMap' took 0.087
[2025.06.22-21.04.38:724][  0]LogUnrealEdMisc: Total Editor Startup Time, took 7.315
[2025.06.22-21.04.38:880][  0]LogSlate: Updating window title bar state: overlay mode, drag disabled, window buttons hidden, title bar hidden
[2025.06.22-21.04.38:886][  0]LogSlate: Updating window title bar state: overlay mode, drag disabled, window buttons hidden, title bar hidden
[2025.06.22-21.04.38:891][  0]LogSlate: Updating window title bar state: overlay mode, drag disabled, window buttons hidden, title bar hidden
[2025.06.22-21.04.38:896][  0]LogSlate: Updating window title bar state: overlay mode, drag disabled, window buttons hidden, title bar hidden
[2025.06.22-21.04.38:934][  0]LogNativeClassHierarchy: Verbose: Native class hierarchy populated in 0.0112 seconds. Added 3831 classes and 933 folders.
[2025.06.22-21.04.38:939][  0]LogNativeClassHierarchy: Verbose: Native class hierarchy updated for 'WidgetCarousel' in 0.0002 seconds. Added 0 classes and 0 folders.
[2025.06.22-21.04.38:954][  0]LogPakFile: PakFile PrimaryIndexSize=187
[2025.06.22-21.04.38:954][  0]LogPakFile: PakFile PathHashIndexSize=101
[2025.06.22-21.04.38:954][  0]LogPakFile: PakFile FullDirectoryIndexSize=148
[2025.06.22-21.04.38:954][  0]LogShaderLibrary: Display: ShaderCodeLibraryPakFileMountedCallback: PakFile 'C:/Program Files/Epic Games/UE_4.27/FeaturePacks/FP_FirstPerson.upack' (chunk index -1, root 'root:/') mounted
[2025.06.22-21.04.38:954][  0]LogShaderLibrary: Display: ShaderCodeLibraryPakFileMountedCallback: pending pak file info (ChunkID:-1 Root:root:/ File:C:/Program Files/Epic Games/UE_4.27/FeaturePacks/FP_FirstPerson.upack)
[2025.06.22-21.04.38:954][  0]LogPakFile: OnPakFileMounted2Time == 0.000057
[2025.06.22-21.04.38:965][  0]LogPakFile: PakFile PrimaryIndexSize=189
[2025.06.22-21.04.38:965][  0]LogPakFile: PakFile PathHashIndexSize=101
[2025.06.22-21.04.38:965][  0]LogPakFile: PakFile FullDirectoryIndexSize=152
[2025.06.22-21.04.38:965][  0]LogShaderLibrary: Display: ShaderCodeLibraryPakFileMountedCallback: PakFile 'C:/Program Files/Epic Games/UE_4.27/FeaturePacks/FP_FirstPersonBP.upack' (chunk index -1, root 'root:/') mounted
[2025.06.22-21.04.38:965][  0]LogShaderLibrary: Display: ShaderCodeLibraryPakFileMountedCallback: pending pak file info (ChunkID:-1 Root:root:/ File:C:/Program Files/Epic Games/UE_4.27/FeaturePacks/FP_FirstPersonBP.upack)
[2025.06.22-21.04.38:965][  0]LogPakFile: OnPakFileMounted2Time == 0.000042
[2025.06.22-21.04.38:974][  0]LogPakFile: PakFile PrimaryIndexSize=191
[2025.06.22-21.04.38:974][  0]LogPakFile: PakFile PathHashIndexSize=101
[2025.06.22-21.04.38:974][  0]LogPakFile: PakFile FullDirectoryIndexSize=160
[2025.06.22-21.04.38:974][  0]LogShaderLibrary: Display: ShaderCodeLibraryPakFileMountedCallback: PakFile 'C:/Program Files/Epic Games/UE_4.27/FeaturePacks/MobileStarterContent.upack' (chunk index -1, root 'root:/') mounted
[2025.06.22-21.04.38:974][  0]LogShaderLibrary: Display: ShaderCodeLibraryPakFileMountedCallback: pending pak file info (ChunkID:-1 Root:root:/ File:C:/Program Files/Epic Games/UE_4.27/FeaturePacks/MobileStarterContent.upack)
[2025.06.22-21.04.38:974][  0]LogPakFile: OnPakFileMounted2Time == 0.000043
[2025.06.22-21.04.38:982][  0]LogPakFile: PakFile PrimaryIndexSize=185
[2025.06.22-21.04.38:982][  0]LogPakFile: PakFile PathHashIndexSize=101
[2025.06.22-21.04.38:982][  0]LogPakFile: PakFile FullDirectoryIndexSize=148
[2025.06.22-21.04.38:982][  0]LogShaderLibrary: Display: ShaderCodeLibraryPakFileMountedCallback: PakFile 'C:/Program Files/Epic Games/UE_4.27/FeaturePacks/StarterContent.upack' (chunk index -1, root 'root:/') mounted
[2025.06.22-21.04.38:982][  0]LogShaderLibrary: Display: ShaderCodeLibraryPakFileMountedCallback: pending pak file info (ChunkID:-1 Root:root:/ File:C:/Program Files/Epic Games/UE_4.27/FeaturePacks/StarterContent.upack)
[2025.06.22-21.04.38:982][  0]LogPakFile: OnPakFileMounted2Time == 0.000038
[2025.06.22-21.04.38:989][  0]LogPakFile: PakFile PrimaryIndexSize=190
[2025.06.22-21.04.38:989][  0]LogPakFile: PakFile PathHashIndexSize=101
[2025.06.22-21.04.38:989][  0]LogPakFile: PakFile FullDirectoryIndexSize=154
[2025.06.22-21.04.38:989][  0]LogShaderLibrary: Display: ShaderCodeLibraryPakFileMountedCallback: PakFile 'C:/Program Files/Epic Games/UE_4.27/FeaturePacks/TP_2DSideScroller.upack' (chunk index -1, root 'root:/') mounted
[2025.06.22-21.04.38:989][  0]LogShaderLibrary: Display: ShaderCodeLibraryPakFileMountedCallback: pending pak file info (ChunkID:-1 Root:root:/ File:C:/Program Files/Epic Games/UE_4.27/FeaturePacks/TP_2DSideScroller.upack)
[2025.06.22-21.04.38:989][  0]LogPakFile: OnPakFileMounted2Time == 0.000038
[2025.06.22-21.04.38:997][  0]LogPakFile: PakFile PrimaryIndexSize=192
[2025.06.22-21.04.38:997][  0]LogPakFile: PakFile PathHashIndexSize=101
[2025.06.22-21.04.38:997][  0]LogPakFile: PakFile FullDirectoryIndexSize=158
[2025.06.22-21.04.38:997][  0]LogShaderLibrary: Display: ShaderCodeLibraryPakFileMountedCallback: PakFile 'C:/Program Files/Epic Games/UE_4.27/FeaturePacks/TP_2DSideScrollerBP.upack' (chunk index -1, root 'root:/') mounted
[2025.06.22-21.04.38:997][  0]LogShaderLibrary: Display: ShaderCodeLibraryPakFileMountedCallback: pending pak file info (ChunkID:-1 Root:root:/ File:C:/Program Files/Epic Games/UE_4.27/FeaturePacks/TP_2DSideScrollerBP.upack)
[2025.06.22-21.04.38:997][  0]LogPakFile: OnPakFileMounted2Time == 0.000036
[2025.06.22-21.04.39:004][  0]LogPakFile: PakFile PrimaryIndexSize=182
[2025.06.22-21.04.39:004][  0]LogPakFile: PakFile PathHashIndexSize=101
[2025.06.22-21.04.39:004][  0]LogPakFile: PakFile FullDirectoryIndexSize=138
[2025.06.22-21.04.39:004][  0]LogShaderLibrary: Display: ShaderCodeLibraryPakFileMountedCallback: PakFile 'C:/Program Files/Epic Games/UE_4.27/FeaturePacks/TP_Flying.upack' (chunk index -1, root 'root:/') mounted
[2025.06.22-21.04.39:004][  0]LogShaderLibrary: Display: ShaderCodeLibraryPakFileMountedCallback: pending pak file info (ChunkID:-1 Root:root:/ File:C:/Program Files/Epic Games/UE_4.27/FeaturePacks/TP_Flying.upack)
[2025.06.22-21.04.39:004][  0]LogPakFile: OnPakFileMounted2Time == 0.000035
[2025.06.22-21.04.39:012][  0]LogPakFile: PakFile PrimaryIndexSize=184
[2025.06.22-21.04.39:012][  0]LogPakFile: PakFile PathHashIndexSize=101
[2025.06.22-21.04.39:012][  0]LogPakFile: PakFile FullDirectoryIndexSize=142
[2025.06.22-21.04.39:012][  0]LogShaderLibrary: Display: ShaderCodeLibraryPakFileMountedCallback: PakFile 'C:/Program Files/Epic Games/UE_4.27/FeaturePacks/TP_FlyingBP.upack' (chunk index -1, root 'root:/') mounted
[2025.06.22-21.04.39:012][  0]LogShaderLibrary: Display: ShaderCodeLibraryPakFileMountedCallback: pending pak file info (ChunkID:-1 Root:root:/ File:C:/Program Files/Epic Games/UE_4.27/FeaturePacks/TP_FlyingBP.upack)
[2025.06.22-21.04.39:012][  0]LogPakFile: OnPakFileMounted2Time == 0.000037
[2025.06.22-21.04.39:023][  0]LogPakFile: PakFile PrimaryIndexSize=188
[2025.06.22-21.04.39:023][  0]LogPakFile: PakFile PathHashIndexSize=101
[2025.06.22-21.04.39:023][  0]LogPakFile: PakFile FullDirectoryIndexSize=150
[2025.06.22-21.04.39:023][  0]LogShaderLibrary: Display: ShaderCodeLibraryPakFileMountedCallback: PakFile 'C:/Program Files/Epic Games/UE_4.27/FeaturePacks/TP_HandheldARBP.upack' (chunk index -1, root 'root:/') mounted
[2025.06.22-21.04.39:023][  0]LogShaderLibrary: Display: ShaderCodeLibraryPakFileMountedCallback: pending pak file info (ChunkID:-1 Root:root:/ File:C:/Program Files/Epic Games/UE_4.27/FeaturePacks/TP_HandheldARBP.upack)
[2025.06.22-21.04.39:023][  0]LogPakFile: OnPakFileMounted2Time == 0.000035
[2025.06.22-21.04.39:034][  0]LogPakFile: PakFile PrimaryIndexSize=182
[2025.06.22-21.04.39:034][  0]LogPakFile: PakFile PathHashIndexSize=101
[2025.06.22-21.04.39:034][  0]LogPakFile: PakFile FullDirectoryIndexSize=138
[2025.06.22-21.04.39:034][  0]LogShaderLibrary: Display: ShaderCodeLibraryPakFileMountedCallback: PakFile 'C:/Program Files/Epic Games/UE_4.27/FeaturePacks/TP_Puzzle.upack' (chunk index -1, root 'root:/') mounted
[2025.06.22-21.04.39:034][  0]LogShaderLibrary: Display: ShaderCodeLibraryPakFileMountedCallback: pending pak file info (ChunkID:-1 Root:root:/ File:C:/Program Files/Epic Games/UE_4.27/FeaturePacks/TP_Puzzle.upack)
[2025.06.22-21.04.39:034][  0]LogPakFile: OnPakFileMounted2Time == 0.000042
[2025.06.22-21.04.39:042][  0]LogPakFile: PakFile PrimaryIndexSize=184
[2025.06.22-21.04.39:042][  0]LogPakFile: PakFile PathHashIndexSize=101
[2025.06.22-21.04.39:042][  0]LogPakFile: PakFile FullDirectoryIndexSize=142
[2025.06.22-21.04.39:042][  0]LogShaderLibrary: Display: ShaderCodeLibraryPakFileMountedCallback: PakFile 'C:/Program Files/Epic Games/UE_4.27/FeaturePacks/TP_PuzzleBP.upack' (chunk index -1, root 'root:/') mounted
[2025.06.22-21.04.39:042][  0]LogShaderLibrary: Display: ShaderCodeLibraryPakFileMountedCallback: pending pak file info (ChunkID:-1 Root:root:/ File:C:/Program Files/Epic Games/UE_4.27/FeaturePacks/TP_PuzzleBP.upack)
[2025.06.22-21.04.39:042][  0]LogPakFile: OnPakFileMounted2Time == 0.000050
[2025.06.22-21.04.39:049][  0]LogPakFile: PakFile PrimaryIndexSize=183
[2025.06.22-21.04.39:049][  0]LogPakFile: PakFile PathHashIndexSize=101
[2025.06.22-21.04.39:049][  0]LogPakFile: PakFile FullDirectoryIndexSize=140
[2025.06.22-21.04.39:049][  0]LogShaderLibrary: Display: ShaderCodeLibraryPakFileMountedCallback: PakFile 'C:/Program Files/Epic Games/UE_4.27/FeaturePacks/TP_Rolling.upack' (chunk index -1, root 'root:/') mounted
[2025.06.22-21.04.39:049][  0]LogShaderLibrary: Display: ShaderCodeLibraryPakFileMountedCallback: pending pak file info (ChunkID:-1 Root:root:/ File:C:/Program Files/Epic Games/UE_4.27/FeaturePacks/TP_Rolling.upack)
[2025.06.22-21.04.39:049][  0]LogPakFile: OnPakFileMounted2Time == 0.000039
[2025.06.22-21.04.39:057][  0]LogPakFile: PakFile PrimaryIndexSize=185
[2025.06.22-21.04.39:057][  0]LogPakFile: PakFile PathHashIndexSize=101
[2025.06.22-21.04.39:057][  0]LogPakFile: PakFile FullDirectoryIndexSize=144
[2025.06.22-21.04.39:057][  0]LogShaderLibrary: Display: ShaderCodeLibraryPakFileMountedCallback: PakFile 'C:/Program Files/Epic Games/UE_4.27/FeaturePacks/TP_RollingBP.upack' (chunk index -1, root 'root:/') mounted
[2025.06.22-21.04.39:057][  0]LogShaderLibrary: Display: ShaderCodeLibraryPakFileMountedCallback: pending pak file info (ChunkID:-1 Root:root:/ File:C:/Program Files/Epic Games/UE_4.27/FeaturePacks/TP_RollingBP.upack)
[2025.06.22-21.04.39:057][  0]LogPakFile: OnPakFileMounted2Time == 0.000038
[2025.06.22-21.04.39:064][  0]LogPakFile: PakFile PrimaryIndexSize=188
[2025.06.22-21.04.39:064][  0]LogPakFile: PakFile PathHashIndexSize=101
[2025.06.22-21.04.39:064][  0]LogPakFile: PakFile FullDirectoryIndexSize=150
[2025.06.22-21.04.39:064][  0]LogShaderLibrary: Display: ShaderCodeLibraryPakFileMountedCallback: PakFile 'C:/Program Files/Epic Games/UE_4.27/FeaturePacks/TP_SideScroller.upack' (chunk index -1, root 'root:/') mounted
[2025.06.22-21.04.39:064][  0]LogShaderLibrary: Display: ShaderCodeLibraryPakFileMountedCallback: pending pak file info (ChunkID:-1 Root:root:/ File:C:/Program Files/Epic Games/UE_4.27/FeaturePacks/TP_SideScroller.upack)
[2025.06.22-21.04.39:064][  0]LogPakFile: OnPakFileMounted2Time == 0.000040
[2025.06.22-21.04.39:070][  0]LogPakFile: PakFile PrimaryIndexSize=190
[2025.06.22-21.04.39:071][  0]LogPakFile: PakFile PathHashIndexSize=101
[2025.06.22-21.04.39:071][  0]LogPakFile: PakFile FullDirectoryIndexSize=154
[2025.06.22-21.04.39:071][  0]LogShaderLibrary: Display: ShaderCodeLibraryPakFileMountedCallback: PakFile 'C:/Program Files/Epic Games/UE_4.27/FeaturePacks/TP_SideScrollerBP.upack' (chunk index -1, root 'root:/') mounted
[2025.06.22-21.04.39:071][  0]LogShaderLibrary: Display: ShaderCodeLibraryPakFileMountedCallback: pending pak file info (ChunkID:-1 Root:root:/ File:C:/Program Files/Epic Games/UE_4.27/FeaturePacks/TP_SideScrollerBP.upack)
[2025.06.22-21.04.39:071][  0]LogPakFile: OnPakFileMounted2Time == 0.000036
[2025.06.22-21.04.39:078][  0]LogPakFile: PakFile PrimaryIndexSize=187
[2025.06.22-21.04.39:078][  0]LogPakFile: PakFile PathHashIndexSize=101
[2025.06.22-21.04.39:078][  0]LogPakFile: PakFile FullDirectoryIndexSize=148
[2025.06.22-21.04.39:078][  0]LogShaderLibrary: Display: ShaderCodeLibraryPakFileMountedCallback: PakFile 'C:/Program Files/Epic Games/UE_4.27/FeaturePacks/TP_ThirdPerson.upack' (chunk index -1, root 'root:/') mounted
[2025.06.22-21.04.39:078][  0]LogShaderLibrary: Display: ShaderCodeLibraryPakFileMountedCallback: pending pak file info (ChunkID:-1 Root:root:/ File:C:/Program Files/Epic Games/UE_4.27/FeaturePacks/TP_ThirdPerson.upack)
[2025.06.22-21.04.39:079][  0]LogPakFile: OnPakFileMounted2Time == 0.000034
[2025.06.22-21.04.39:085][  0]LogPakFile: PakFile PrimaryIndexSize=189
[2025.06.22-21.04.39:085][  0]LogPakFile: PakFile PathHashIndexSize=101
[2025.06.22-21.04.39:085][  0]LogPakFile: PakFile FullDirectoryIndexSize=152
[2025.06.22-21.04.39:085][  0]LogShaderLibrary: Display: ShaderCodeLibraryPakFileMountedCallback: PakFile 'C:/Program Files/Epic Games/UE_4.27/FeaturePacks/TP_ThirdPersonBP.upack' (chunk index -1, root 'root:/') mounted
[2025.06.22-21.04.39:085][  0]LogShaderLibrary: Display: ShaderCodeLibraryPakFileMountedCallback: pending pak file info (ChunkID:-1 Root:root:/ File:C:/Program Files/Epic Games/UE_4.27/FeaturePacks/TP_ThirdPersonBP.upack)
[2025.06.22-21.04.39:085][  0]LogPakFile: OnPakFileMounted2Time == 0.000039
[2025.06.22-21.04.39:093][  0]LogPakFile: PakFile PrimaryIndexSize=183
[2025.06.22-21.04.39:093][  0]LogPakFile: PakFile PathHashIndexSize=101
[2025.06.22-21.04.39:093][  0]LogPakFile: PakFile FullDirectoryIndexSize=140
[2025.06.22-21.04.39:093][  0]LogShaderLibrary: Display: ShaderCodeLibraryPakFileMountedCallback: PakFile 'C:/Program Files/Epic Games/UE_4.27/FeaturePacks/TP_TopDown.upack' (chunk index -1, root 'root:/') mounted
[2025.06.22-21.04.39:093][  0]LogShaderLibrary: Display: ShaderCodeLibraryPakFileMountedCallback: pending pak file info (ChunkID:-1 Root:root:/ File:C:/Program Files/Epic Games/UE_4.27/FeaturePacks/TP_TopDown.upack)
[2025.06.22-21.04.39:093][  0]LogPakFile: OnPakFileMounted2Time == 0.000043
[2025.06.22-21.04.39:100][  0]LogPakFile: PakFile PrimaryIndexSize=185
[2025.06.22-21.04.39:100][  0]LogPakFile: PakFile PathHashIndexSize=101
[2025.06.22-21.04.39:100][  0]LogPakFile: PakFile FullDirectoryIndexSize=144
[2025.06.22-21.04.39:100][  0]LogShaderLibrary: Display: ShaderCodeLibraryPakFileMountedCallback: PakFile 'C:/Program Files/Epic Games/UE_4.27/FeaturePacks/TP_TopDownBP.upack' (chunk index -1, root 'root:/') mounted
[2025.06.22-21.04.39:100][  0]LogShaderLibrary: Display: ShaderCodeLibraryPakFileMountedCallback: pending pak file info (ChunkID:-1 Root:root:/ File:C:/Program Files/Epic Games/UE_4.27/FeaturePacks/TP_TopDownBP.upack)
[2025.06.22-21.04.39:100][  0]LogPakFile: OnPakFileMounted2Time == 0.000040
[2025.06.22-21.04.39:110][  0]LogPakFile: PakFile PrimaryIndexSize=185
[2025.06.22-21.04.39:110][  0]LogPakFile: PakFile PathHashIndexSize=101
[2025.06.22-21.04.39:110][  0]LogPakFile: PakFile FullDirectoryIndexSize=144
[2025.06.22-21.04.39:110][  0]LogShaderLibrary: Display: ShaderCodeLibraryPakFileMountedCallback: PakFile 'C:/Program Files/Epic Games/UE_4.27/FeaturePacks/TP_TwinStick.upack' (chunk index -1, root 'root:/') mounted
[2025.06.22-21.04.39:110][  0]LogShaderLibrary: Display: ShaderCodeLibraryPakFileMountedCallback: pending pak file info (ChunkID:-1 Root:root:/ File:C:/Program Files/Epic Games/UE_4.27/FeaturePacks/TP_TwinStick.upack)
[2025.06.22-21.04.39:110][  0]LogPakFile: OnPakFileMounted2Time == 0.000034
[2025.06.22-21.04.39:117][  0]LogPakFile: PakFile PrimaryIndexSize=187
[2025.06.22-21.04.39:117][  0]LogPakFile: PakFile PathHashIndexSize=101
[2025.06.22-21.04.39:117][  0]LogPakFile: PakFile FullDirectoryIndexSize=148
[2025.06.22-21.04.39:117][  0]LogShaderLibrary: Display: ShaderCodeLibraryPakFileMountedCallback: PakFile 'C:/Program Files/Epic Games/UE_4.27/FeaturePacks/TP_TwinStickBP.upack' (chunk index -1, root 'root:/') mounted
[2025.06.22-21.04.39:117][  0]LogShaderLibrary: Display: ShaderCodeLibraryPakFileMountedCallback: pending pak file info (ChunkID:-1 Root:root:/ File:C:/Program Files/Epic Games/UE_4.27/FeaturePacks/TP_TwinStickBP.upack)
[2025.06.22-21.04.39:117][  0]LogPakFile: OnPakFileMounted2Time == 0.000044
[2025.06.22-21.04.39:124][  0]LogPakFile: PakFile PrimaryIndexSize=183
[2025.06.22-21.04.39:124][  0]LogPakFile: PakFile PathHashIndexSize=101
[2025.06.22-21.04.39:124][  0]LogPakFile: PakFile FullDirectoryIndexSize=140
[2025.06.22-21.04.39:124][  0]LogShaderLibrary: Display: ShaderCodeLibraryPakFileMountedCallback: PakFile 'C:/Program Files/Epic Games/UE_4.27/FeaturePacks/TP_Vehicle.upack' (chunk index -1, root 'root:/') mounted
[2025.06.22-21.04.39:124][  0]LogShaderLibrary: Display: ShaderCodeLibraryPakFileMountedCallback: pending pak file info (ChunkID:-1 Root:root:/ File:C:/Program Files/Epic Games/UE_4.27/FeaturePacks/TP_Vehicle.upack)
[2025.06.22-21.04.39:124][  0]LogPakFile: OnPakFileMounted2Time == 0.000034
[2025.06.22-21.04.39:132][  0]LogPakFile: PakFile PrimaryIndexSize=186
[2025.06.22-21.04.39:132][  0]LogPakFile: PakFile PathHashIndexSize=101
[2025.06.22-21.04.39:132][  0]LogPakFile: PakFile FullDirectoryIndexSize=146
[2025.06.22-21.04.39:132][  0]LogShaderLibrary: Display: ShaderCodeLibraryPakFileMountedCallback: PakFile 'C:/Program Files/Epic Games/UE_4.27/FeaturePacks/TP_VehicleAdv.upack' (chunk index -1, root 'root:/') mounted
[2025.06.22-21.04.39:132][  0]LogShaderLibrary: Display: ShaderCodeLibraryPakFileMountedCallback: pending pak file info (ChunkID:-1 Root:root:/ File:C:/Program Files/Epic Games/UE_4.27/FeaturePacks/TP_VehicleAdv.upack)
[2025.06.22-21.04.39:132][  0]LogPakFile: OnPakFileMounted2Time == 0.000046
[2025.06.22-21.04.39:139][  0]LogPakFile: PakFile PrimaryIndexSize=188
[2025.06.22-21.04.39:139][  0]LogPakFile: PakFile PathHashIndexSize=101
[2025.06.22-21.04.39:139][  0]LogPakFile: PakFile FullDirectoryIndexSize=150
[2025.06.22-21.04.39:139][  0]LogShaderLibrary: Display: ShaderCodeLibraryPakFileMountedCallback: PakFile 'C:/Program Files/Epic Games/UE_4.27/FeaturePacks/TP_VehicleAdvBP.upack' (chunk index -1, root 'root:/') mounted
[2025.06.22-21.04.39:139][  0]LogShaderLibrary: Display: ShaderCodeLibraryPakFileMountedCallback: pending pak file info (ChunkID:-1 Root:root:/ File:C:/Program Files/Epic Games/UE_4.27/FeaturePacks/TP_VehicleAdvBP.upack)
[2025.06.22-21.04.39:139][  0]LogPakFile: OnPakFileMounted2Time == 0.000038
[2025.06.22-21.04.39:146][  0]LogPakFile: PakFile PrimaryIndexSize=185
[2025.06.22-21.04.39:146][  0]LogPakFile: PakFile PathHashIndexSize=101
[2025.06.22-21.04.39:146][  0]LogPakFile: PakFile FullDirectoryIndexSize=144
[2025.06.22-21.04.39:146][  0]LogShaderLibrary: Display: ShaderCodeLibraryPakFileMountedCallback: PakFile 'C:/Program Files/Epic Games/UE_4.27/FeaturePacks/TP_VehicleBP.upack' (chunk index -1, root 'root:/') mounted
[2025.06.22-21.04.39:146][  0]LogShaderLibrary: Display: ShaderCodeLibraryPakFileMountedCallback: pending pak file info (ChunkID:-1 Root:root:/ File:C:/Program Files/Epic Games/UE_4.27/FeaturePacks/TP_VehicleBP.upack)
[2025.06.22-21.04.39:146][  0]LogPakFile: OnPakFileMounted2Time == 0.000036
[2025.06.22-21.04.39:154][  0]LogPakFile: PakFile PrimaryIndexSize=192
[2025.06.22-21.04.39:154][  0]LogPakFile: PakFile PathHashIndexSize=101
[2025.06.22-21.04.39:154][  0]LogPakFile: PakFile FullDirectoryIndexSize=158
[2025.06.22-21.04.39:154][  0]LogShaderLibrary: Display: ShaderCodeLibraryPakFileMountedCallback: PakFile 'C:/Program Files/Epic Games/UE_4.27/FeaturePacks/TP_VirtualRealityBP.upack' (chunk index -1, root 'root:/') mounted
[2025.06.22-21.04.39:154][  0]LogShaderLibrary: Display: ShaderCodeLibraryPakFileMountedCallback: pending pak file info (ChunkID:-1 Root:root:/ File:C:/Program Files/Epic Games/UE_4.27/FeaturePacks/TP_VirtualRealityBP.upack)
[2025.06.22-21.04.39:154][  0]LogPakFile: OnPakFileMounted2Time == 0.000043
[2025.06.22-21.04.39:377][  0]LogNativeClassHierarchy: Verbose: Native class hierarchy updated for 'AddContentDialog' in 0.0003 seconds. Added 0 classes and 0 folders.
[2025.06.22-21.04.39:381][  0]LogNativeClassHierarchy: Verbose: Native class hierarchy updated for 'SceneOutliner' in 0.0002 seconds. Added 2 classes and 0 folders.
[2025.06.22-21.04.39:521][  0]LogSlate: Took 0.000173 seconds to synchronously load lazily loaded font '../../../Engine/Content/Slate/Fonts/Roboto-Regular.ttf' (155K)
[2025.06.22-21.04.39:534][  0]LogSlate: Took 0.012207 seconds to synchronously load lazily loaded font '../../../Engine/Content/Editor/Slate/Fonts/FontAwesome.ttf' (139K)
[2025.06.22-21.04.39:535][  0]LogSlate: Took 0.000258 seconds to synchronously load lazily loaded font '../../../Engine/Content/Slate/Fonts/Roboto-Bold.ttf' (160K)
[2025.06.22-21.04.39:702][  0]LogRenderer: Reallocating scene render targets to support 940x412 Format 10 NumSamples 1 (Frame:1).
[2025.06.22-21.04.39:867][  0]LogNativeClassHierarchy: Verbose: Native class hierarchy updated for 'HierarchicalLODOutliner' in 0.0004 seconds. Added 0 classes and 0 folders.
[2025.06.22-21.04.39:867][  0]LogInput: Warning: Action Jump uses invalid key OculusGo_Left_Trigger_Click.
[2025.06.22-21.04.39:867][  0]LogInput: Warning: Action ResetVR uses invalid key OculusGo_Left_Trackpad_Click.
[2025.06.22-21.04.39:867][  0]LogInput: Warning: Use -RemoveInvalidKeys to remove instances of these keys from the action mapping.
[2025.06.22-21.04.39:867][  0]LogLoad: (Engine Initialization) Total time: 8.46 seconds
[2025.06.22-21.04.39:867][  0]LogLoad: (Engine Initialization) Total Blueprint compile time: 0.00 seconds
[2025.06.22-21.04.39:908][  0]LogAssetRegistry: Asset discovery search completed in 5.2764 seconds
[2025.06.22-21.04.39:912][  0]LogCollectionManager: Fixed up redirectors for 0 collections in 0.000003 seconds (updated 0 objects)
[2025.06.22-21.04.39:914][  0]LogContentStreaming: Texture pool size now 1000 MB
[2025.06.22-21.04.39:999][  4]LogSlate: Took 0.011801 seconds to synchronously load lazily loaded font '../../../Engine/Content/Slate/Fonts/Roboto-Light.ttf' (167K)
[2025.06.22-21.04.40:894][108]LogSlate: Took 0.000194 seconds to synchronously load lazily loaded font '../../../Engine/Content/Slate/Fonts/Roboto-Light.ttf' (167K)
[2025.06.22-21.05.09:720][473]LogAssetEditorSubsystem: Opening Asset editor for Blueprint /Game/Dopuski/Stanok.Stanok
[2025.06.22-21.05.10:580][473]LogNativeClassHierarchy: Verbose: Native class hierarchy updated for 'BlueprintGraph' in 0.0004 seconds. Added 126 classes and 0 folders.
[2025.06.22-21.05.11:511][473]LogSlate: Took 0.000212 seconds to synchronously load lazily loaded font '../../../Engine/Content/Slate/Fonts/Roboto-BoldCondensed.ttf' (158K)
[2025.06.22-21.05.11:693][474]LogSlate: Took 0.012049 seconds to synchronously load lazily loaded font '../../../Engine/Content/Slate/Fonts/Roboto-Italic.ttf' (157K)
[2025.06.22-21.06.34:732][546]LogTemp: Repeating last play command: Selected Viewport
[2025.06.22-21.06.34:738][546]BlueprintLog: New page: Pre-Play auto-recompile
[2025.06.22-21.06.34:742][546]LogPlayLevel: [PlayLevel] Compiling Stanok before play...
[2025.06.22-21.06.34:813][546]LogUObjectHash: Compacting FUObjectHashTables data took   2.36ms
[2025.06.22-21.06.34:814][546]LogPlayLevel: PlayLevel: Blueprint regeneration took 75 ms (1 blueprints)
[2025.06.22-21.06.34:817][546]PIE: New page: PIE session: MainMenuMap (Jun 23, 2025, 3:06:34 AM)
[2025.06.22-21.06.34:818][546]LogOnline: OSS: Creating online subsystem instance for: NULL
[2025.06.22-21.06.34:820][546]LogOnline: OSS: TryLoadSubsystemAndSetDefault: Loaded subsystem for module [NULL]
[2025.06.22-21.06.34:821][546]LogPlayLevel: Creating play world package: /Game/Maps/UEDPIE_0_MainMenuMap
[2025.06.22-21.06.34:822][546]LogPlayLevel: PIE: StaticDuplicateObject took: (0.000925s)
[2025.06.22-21.06.34:823][546]LogAIModule: Creating AISystem for world MainMenuMap
[2025.06.22-21.06.34:823][546]LogPlayLevel: PIE: World Init took: (0.000948s)
[2025.06.22-21.06.34:823][546]LogPlayLevel: PIE: Created PIE world by copying editor world from /Game/Maps/MainMenuMap.MainMenuMap to /Game/Maps/UEDPIE_0_MainMenuMap.MainMenuMap (0.001986s)
[2025.06.22-21.06.34:850][546]LogUObjectHash: Compacting FUObjectHashTables data took   1.32ms
[2025.06.22-21.06.34:851][546]LogAudio: Display: Creating Audio Device:                 Id: 2, Scope: Unique, Realtime: True
[2025.06.22-21.06.34:851][546]LogAudioMixer: Display: Audio Mixer Platform Settings:
[2025.06.22-21.06.34:851][546]LogAudioMixer: Display: 	Sample Rate:						  48000
[2025.06.22-21.06.34:851][546]LogAudioMixer: Display: 	Callback Buffer Frame Size Requested: 1024
[2025.06.22-21.06.34:851][546]LogAudioMixer: Display: 	Callback Buffer Frame Size To Use:	  1024
[2025.06.22-21.06.34:851][546]LogAudioMixer: Display: 	Number of buffers to queue:			  2
[2025.06.22-21.06.34:851][546]LogAudioMixer: Display: 	Max Channels (voices):				  32
[2025.06.22-21.06.34:851][546]LogAudioMixer: Display: 	Number of Async Source Workers:		  0
[2025.06.22-21.06.34:851][546]LogAudio: Display: AudioDevice MaxSources: 32
[2025.06.22-21.06.34:851][546]LogAudio: Display: Audio Spatialization Plugin: None (built-in).
[2025.06.22-21.06.34:851][546]LogAudio: Display: Audio Reverb Plugin: None (built-in).
[2025.06.22-21.06.34:851][546]LogAudio: Display: Audio Occlusion Plugin: None (built-in).
[2025.06.22-21.06.34:851][546]LogAudioMixer: Display: Initializing audio mixer.
[2025.06.22-21.06.34:854][546]LogAudioMixer: Display: 0: FrontLeft
[2025.06.22-21.06.34:855][546]LogAudioMixer: Display: 1: FrontRight
[2025.06.22-21.06.34:974][546]LogAudioMixer: Display: Using Audio Device Speakers (Realtek(R) Audio)
[2025.06.22-21.06.34:974][546]LogAudioMixer: Display: Initializing Sound Submixes...
[2025.06.22-21.06.34:974][546]LogAudioMixer: Display: Creating Master Submix 'MasterSubmixDefault'
[2025.06.22-21.06.34:974][546]LogAudioMixer: Display: Creating Master Submix 'MasterReverbSubmixDefault'
[2025.06.22-21.06.34:974][546]LogAudioMixer: Display: Creating Master Submix 'MasterEQSubmixDefault'
[2025.06.22-21.06.34:974][546]LogAudioMixer: FMixerPlatformXAudio2::StartAudioStream() called
[2025.06.22-21.06.34:974][546]LogAudioMixer: Display: Output buffers initialized: Frames=1024, Channels=2, Samples=2048
[2025.06.22-21.06.34:976][546]LogAudioMixer: Display: Starting AudioMixerPlatformInterface::RunInternal()
[2025.06.22-21.06.34:976][546]LogAudioMixer: Display: FMixerPlatformXAudio2::SubmitBuffer() called for the first time
[2025.06.22-21.06.34:976][546]LogInit: FAudioDevice initialized.
[2025.06.22-21.06.34:976][546]LogAudio: Display: Audio Device (ID: 2) registered with world 'MainMenuMap'.
[2025.06.22-21.06.34:990][546]LogLoad: Game class is 'MenuGamemode_C'
[2025.06.22-21.06.34:992][546]LogWorld: Bringing World /Game/Maps/UEDPIE_0_MainMenuMap.MainMenuMap up for play (max tick rate 0) at 2025.06.23-00.06.34
[2025.06.22-21.06.34:992][546]LogWorld: Bringing up level for play took: 0.000356
[2025.06.22-21.06.34:992][546]LogOnline: OSS: Creating online subsystem instance for: :Context_4
[2025.06.22-21.06.34:999][546]LogNativeClassHierarchy: Verbose: Native class hierarchy updated for 'MovieSceneCapture' in 0.0003 seconds. Added 20 classes and 0 folders.
[2025.06.22-21.06.35:003][546]PIE: Server logged in
[2025.06.22-21.06.35:004][546]PIE: Play in editor total start time 0.268 seconds.
[2025.06.22-21.06.41:760][ 54]LogUObjectHash: Compacting FUObjectHashTables data took   2.49ms
[2025.06.22-21.06.45:499][ 54]LogSlate: Window 'Save Content' being destroyed
[2025.06.22-21.06.48:608][339]LogSlate: Updating window title bar state: overlay mode, drag disabled, window buttons hidden, title bar hidden
[2025.06.22-21.06.48:608][339]LogWorld: BeginTearingDown for /Game/Maps/UEDPIE_0_MainMenuMap
[2025.06.22-21.06.48:608][339]LogWorld: UWorld::CleanupWorld for MainMenuMap, bSessionEnded=true, bCleanupResources=true
[2025.06.22-21.06.48:608][339]LogSlate: InvalidateAllWidgets triggered.  All widgets were invalidated
[2025.06.22-21.06.48:619][339]LogPlayLevel: Display: Shutting down PIE online subsystems
[2025.06.22-21.06.48:622][339]LogSlate: InvalidateAllWidgets triggered.  All widgets were invalidated
[2025.06.22-21.06.48:660][339]LogSlate: Updating window title bar state: overlay mode, drag disabled, window buttons hidden, title bar hidden
[2025.06.22-21.06.48:660][339]LogAudioMixer: FMixerPlatformXAudio2::StopAudioStream() called
[2025.06.22-21.06.48:662][339]LogAudioMixer: FMixerPlatformXAudio2::StopAudioStream() called
[2025.06.22-21.06.48:671][339]LogUObjectHash: Compacting FUObjectHashTables data took   3.15ms
[2025.06.22-21.06.48:688][340]LogPlayLevel: Display: Destroying online subsystem :Context_4
[2025.06.22-21.06.49:793][444]LogSlate: Window 'Stanok' being destroyed
[2025.06.22-21.06.49:808][445]LogRenderer: Reallocating scene render targets to support 1172x512 Format 10 NumSamples 1 (Frame:9835).
[2025.06.22-21.06.56:743][247]LogUObjectHash: Compacting FUObjectHashTables data took   2.06ms
[2025.06.22-21.06.58:096][247]LogSlate: Window 'Save Content' being destroyed
[2025.06.22-21.06.58:193][247]Cmd: OBJ SAVEPACKAGE PACKAGE="/Game/Dopuski/Stanok" FILE="../../../../../../Users/eghah/Desktop/diplom/task1/Content/Dopuski/Stanok.uasset" SILENT=true
[2025.06.22-21.06.58:261][247]LogSavePackage: Moving '../../../../../../Users/eghah/Desktop/diplom/task1/Saved/StanokF3E4C5DE4A6CD948DCBA67A160AF6F1D.tmp' to '../../../../../../Users/eghah/Desktop/diplom/task1/Content/Dopuski/Stanok.uasset'
[2025.06.22-21.06.58:311][247]LogAssetEditorSubsystem: Opening Asset editor for World /Game/Maps/Dopusk.Dopusk
[2025.06.22-21.06.58:311][247]Cmd: MAP LOAD FILE="../../../../../../Users/eghah/Desktop/diplom/task1/Content/Maps/Dopusk.umap" TEMPLATE=0 SHOWPROGRESS=1 FEATURELEVEL=3
[2025.06.22-21.06.58:311][247]LightingResults: New page: Lighting Build
[2025.06.22-21.06.58:311][247]LoadErrors: New page: Loading map: Dopusk.umap
[2025.06.22-21.06.58:312][247]LogWorld: UWorld::CleanupWorld for MainMenuMap, bSessionEnded=true, bCleanupResources=true
[2025.06.22-21.06.58:313][247]LogSlate: InvalidateAllWidgets triggered.  All widgets were invalidated
[2025.06.22-21.06.58:313][247]MapCheck: New page: Map Check
[2025.06.22-21.06.58:313][247]LightingResults: New page: Lighting Build
[2025.06.22-21.06.58:337][247]LogAudio: Display: Audio Device unregistered from world 'None'.
[2025.06.22-21.06.58:340][247]LogUObjectHash: Compacting FUObjectHashTables data took   2.01ms
[2025.06.22-21.06.58:340][247]LogAudio: Display: Audio Device (ID: 1) registered with world 'Dopusk'.
[2025.06.22-21.06.58:424][247]LogEditorServer: Finished looking for orphan Actors (0.000 secs)
[2025.06.22-21.06.58:424][247]LogAIModule: Creating AISystem for world Dopusk
[2025.06.22-21.06.58:451][247]LogUObjectHash: Compacting FUObjectHashTables data took   2.07ms
[2025.06.22-21.06.58:454][247]Cmd: MAP CHECKDEP NOCLEARLOG
[2025.06.22-21.06.58:454][247]MapCheck: Map check complete: 0 Error(s), 0 Warning(s), took 0.116ms to complete.
[2025.06.22-21.06.58:454][247]LogFileHelpers: Loading map 'Dopusk' took 0.143
[2025.06.22-21.06.58:478][247]AssetCheck: New page: Asset Save: Stanok
[2025.06.22-21.06.58:478][247]LogContentValidation: Display: Validating Blueprint /Game/Dopuski/Stanok.Stanok
[2025.06.22-21.06.59:647][367]LogTemp: Repeating last play command: Selected Viewport
[2025.06.22-21.06.59:651][367]LogPlayLevel: PlayLevel: No blueprints needed recompiling
[2025.06.22-21.06.59:651][367]PIE: New page: PIE session: Dopusk (Jun 23, 2025, 3:06:59 AM)
[2025.06.22-21.06.59:652][367]LogPlayLevel: Creating play world package: /Game/Maps/UEDPIE_0_Dopusk
[2025.06.22-21.06.59:654][367]LogPlayLevel: PIE: StaticDuplicateObject took: (0.002507s)
[2025.06.22-21.06.59:655][367]LogAIModule: Creating AISystem for world Dopusk
[2025.06.22-21.06.59:655][367]LogPlayLevel: PIE: World Init took: (0.001218s)
[2025.06.22-21.06.59:655][367]LogPlayLevel: PIE: Created PIE world by copying editor world from /Game/Maps/Dopusk.Dopusk to /Game/Maps/UEDPIE_0_Dopusk.Dopusk (0.003828s)
[2025.06.22-21.06.59:683][367]LogUObjectHash: Compacting FUObjectHashTables data took   1.86ms
[2025.06.22-21.06.59:684][367]LogAudio: Display: Creating Audio Device:                 Id: 3, Scope: Unique, Realtime: True
[2025.06.22-21.06.59:684][367]LogAudioMixer: Display: Audio Mixer Platform Settings:
[2025.06.22-21.06.59:684][367]LogAudioMixer: Display: 	Sample Rate:						  48000
[2025.06.22-21.06.59:684][367]LogAudioMixer: Display: 	Callback Buffer Frame Size Requested: 1024
[2025.06.22-21.06.59:684][367]LogAudioMixer: Display: 	Callback Buffer Frame Size To Use:	  1024
[2025.06.22-21.06.59:684][367]LogAudioMixer: Display: 	Number of buffers to queue:			  2
[2025.06.22-21.06.59:684][367]LogAudioMixer: Display: 	Max Channels (voices):				  32
[2025.06.22-21.06.59:684][367]LogAudioMixer: Display: 	Number of Async Source Workers:		  0
[2025.06.22-21.06.59:684][367]LogAudio: Display: AudioDevice MaxSources: 32
[2025.06.22-21.06.59:685][367]LogAudio: Display: Audio Spatialization Plugin: None (built-in).
[2025.06.22-21.06.59:685][367]LogAudio: Display: Audio Reverb Plugin: None (built-in).
[2025.06.22-21.06.59:685][367]LogAudio: Display: Audio Occlusion Plugin: None (built-in).
[2025.06.22-21.06.59:685][367]LogAudioMixer: Display: Initializing audio mixer.
[2025.06.22-21.06.59:687][367]LogAudioMixer: Display: 0: FrontLeft
[2025.06.22-21.06.59:687][367]LogAudioMixer: Display: 1: FrontRight
[2025.06.22-21.06.59:808][367]LogAudioMixer: Display: Using Audio Device Speakers (Realtek(R) Audio)
[2025.06.22-21.06.59:808][367]LogAudioMixer: Display: Initializing Sound Submixes...
[2025.06.22-21.06.59:808][367]LogAudioMixer: Display: Creating Master Submix 'MasterSubmixDefault'
[2025.06.22-21.06.59:808][367]LogAudioMixer: Display: Creating Master Submix 'MasterReverbSubmixDefault'
[2025.06.22-21.06.59:809][367]LogAudioMixer: Display: Creating Master Submix 'MasterEQSubmixDefault'
[2025.06.22-21.06.59:809][367]LogAudioMixer: FMixerPlatformXAudio2::StartAudioStream() called
[2025.06.22-21.06.59:809][367]LogAudioMixer: Display: Output buffers initialized: Frames=1024, Channels=2, Samples=2048
[2025.06.22-21.06.59:810][367]LogAudioMixer: Display: Starting AudioMixerPlatformInterface::RunInternal()
[2025.06.22-21.06.59:810][367]LogAudioMixer: Display: FMixerPlatformXAudio2::SubmitBuffer() called for the first time
[2025.06.22-21.06.59:810][367]LogInit: FAudioDevice initialized.
[2025.06.22-21.06.59:810][367]LogAudio: Display: Audio Device (ID: 3) registered with world 'Dopusk'.
[2025.06.22-21.06.59:821][367]LogLoad: Game class is 'DopuskGamemode_C'
[2025.06.22-21.06.59:823][367]LogWorld: Bringing World /Game/Maps/UEDPIE_0_Dopusk.Dopusk up for play (max tick rate 0) at 2025.06.23-00.06.59
[2025.06.22-21.06.59:823][367]LogWorld: Bringing up level for play took: 0.000887
[2025.06.22-21.06.59:823][367]LogOnline: OSS: Creating online subsystem instance for: :Context_5
[2025.06.22-21.06.59:832][367]LogViewport: Display: Viewport MouseCaptureMode Changed, CapturePermanently_IncludingInitialMouseDown -> CapturePermanently
[2025.06.22-21.06.59:834][367]PIE: Server logged in
[2025.06.22-21.06.59:834][367]PIE: Play in editor total start time 0.184 seconds.
[2025.06.22-21.06.59:835][367]LogBlueprintUserMessages: [Stanok_2] 5.946182
[2025.06.22-21.06.59:868][368]LogBlueprintUserMessages: [Stanok_2] 5.946182
[2025.06.22-21.06.59:880][369]LogBlueprintUserMessages: [Stanok_2] 5.946182
[2025.06.22-21.06.59:887][370]LogBlueprintUserMessages: [Stanok_2] 5.946182
[2025.06.22-21.06.59:896][371]LogBlueprintUserMessages: [Stanok_2] 5.946182
[2025.06.22-21.06.59:904][372]LogBlueprintUserMessages: [Stanok_2] 5.946182
[2025.06.22-21.06.59:912][373]LogBlueprintUserMessages: [Stanok_2] 5.946182
[2025.06.22-21.06.59:921][374]LogBlueprintUserMessages: [Stanok_2] 5.946182
[2025.06.22-21.06.59:929][375]LogBlueprintUserMessages: [Stanok_2] 5.946182
[2025.06.22-21.06.59:937][376]LogBlueprintUserMessages: [Stanok_2] 5.946182
[2025.06.22-21.06.59:947][377]LogBlueprintUserMessages: [Stanok_2] 5.946182
[2025.06.22-21.06.59:960][378]LogBlueprintUserMessages: [Stanok_2] 5.946182
[2025.06.22-21.06.59:964][379]LogBlueprintUserMessages: [Stanok_2] 5.946182
[2025.06.22-21.06.59:975][380]LogBlueprintUserMessages: [Stanok_2] 5.946182
[2025.06.22-21.06.59:982][381]LogBlueprintUserMessages: [Stanok_2] 5.946182
[2025.06.22-21.06.59:990][382]LogBlueprintUserMessages: [Stanok_2] 5.946182
[2025.06.22-21.06.59:998][383]LogBlueprintUserMessages: [Stanok_2] 5.946182
[2025.06.22-21.07.00:006][384]LogBlueprintUserMessages: [Stanok_2] 5.946182
[2025.06.22-21.07.00:016][385]LogBlueprintUserMessages: [Stanok_2] 5.946182
[2025.06.22-21.07.00:024][386]LogBlueprintUserMessages: [Stanok_2] 5.946182
[2025.06.22-21.07.00:039][387]LogBlueprintUserMessages: [Stanok_2] 5.946182
[2025.06.22-21.07.00:044][388]LogBlueprintUserMessages: [Stanok_2] 5.946182
[2025.06.22-21.07.00:052][389]LogBlueprintUserMessages: [Stanok_2] 5.946182
[2025.06.22-21.07.00:060][390]LogBlueprintUserMessages: [Stanok_2] 5.946182
[2025.06.22-21.07.00:068][391]LogBlueprintUserMessages: [Stanok_2] 5.946182
[2025.06.22-21.07.00:077][392]LogBlueprintUserMessages: [Stanok_2] 5.946182
[2025.06.22-21.07.00:085][393]LogBlueprintUserMessages: [Stanok_2] 5.946182
[2025.06.22-21.07.00:093][394]LogBlueprintUserMessages: [Stanok_2] 5.946182
[2025.06.22-21.07.00:101][395]LogBlueprintUserMessages: [Stanok_2] 5.946182
[2025.06.22-21.07.00:110][396]LogBlueprintUserMessages: [Stanok_2] 5.946182
[2025.06.22-21.07.00:119][397]LogBlueprintUserMessages: [Stanok_2] 5.946182
[2025.06.22-21.07.00:127][398]LogBlueprintUserMessages: [Stanok_2] 5.946182
[2025.06.22-21.07.00:134][399]LogBlueprintUserMessages: [Stanok_2] 5.946182
[2025.06.22-21.07.00:143][400]LogBlueprintUserMessages: [Stanok_2] 5.946182
[2025.06.22-21.07.00:152][401]LogBlueprintUserMessages: [Stanok_2] 5.946182
[2025.06.22-21.07.00:160][402]LogBlueprintUserMessages: [Stanok_2] 5.946182
[2025.06.22-21.07.00:168][403]LogBlueprintUserMessages: [Stanok_2] 5.946182
[2025.06.22-21.07.00:176][404]LogBlueprintUserMessages: [Stanok_2] 5.946182
[2025.06.22-21.07.00:187][405]LogBlueprintUserMessages: [Stanok_2] 5.946182
[2025.06.22-21.07.00:193][406]LogBlueprintUserMessages: [Stanok_2] 5.946182
[2025.06.22-21.07.00:201][407]LogBlueprintUserMessages: [Stanok_2] 5.946182
[2025.06.22-21.07.00:210][408]LogBlueprintUserMessages: [Stanok_2] 5.946182
[2025.06.22-21.07.00:218][409]LogBlueprintUserMessages: [Stanok_2] 5.946182
[2025.06.22-21.07.00:226][410]LogBlueprintUserMessages: [Stanok_2] 5.946182
[2025.06.22-21.07.00:234][411]LogBlueprintUserMessages: [Stanok_2] 5.946182
[2025.06.22-21.07.00:242][412]LogBlueprintUserMessages: [Stanok_2] 5.946182
[2025.06.22-21.07.00:251][413]LogBlueprintUserMessages: [Stanok_2] 5.946182
[2025.06.22-21.07.00:260][414]LogBlueprintUserMessages: [Stanok_2] 5.946182
[2025.06.22-21.07.00:268][415]LogBlueprintUserMessages: [Stanok_2] 5.946182
[2025.06.22-21.07.00:276][416]LogBlueprintUserMessages: [Stanok_2] 5.946182
[2025.06.22-21.07.00:284][417]LogBlueprintUserMessages: [Stanok_2] 5.946182
[2025.06.22-21.07.00:293][418]LogBlueprintUserMessages: [Stanok_2] 5.946182
[2025.06.22-21.07.00:301][419]LogBlueprintUserMessages: [Stanok_2] 5.946182
[2025.06.22-21.07.00:310][420]LogBlueprintUserMessages: [Stanok_2] 5.946182
[2025.06.22-21.07.00:318][421]LogBlueprintUserMessages: [Stanok_2] 5.946182
[2025.06.22-21.07.00:326][422]LogBlueprintUserMessages: [Stanok_2] 5.946182
[2025.06.22-21.07.00:334][423]LogBlueprintUserMessages: [Stanok_2] 5.946182
[2025.06.22-21.07.00:343][424]LogBlueprintUserMessages: [Stanok_2] 5.946182
[2025.06.22-21.07.00:351][425]LogBlueprintUserMessages: [Stanok_2] 5.946182
[2025.06.22-21.07.00:360][426]LogBlueprintUserMessages: [Stanok_2] 5.946182
[2025.06.22-21.07.00:367][427]LogBlueprintUserMessages: [Stanok_2] 5.946182
[2025.06.22-21.07.00:376][428]LogBlueprintUserMessages: [Stanok_2] 5.946182
[2025.06.22-21.07.00:386][429]LogBlueprintUserMessages: [Stanok_2] 5.946182
[2025.06.22-21.07.00:393][430]LogBlueprintUserMessages: [Stanok_2] 5.946182
[2025.06.22-21.07.00:401][431]LogBlueprintUserMessages: [Stanok_2] 5.946182
[2025.06.22-21.07.00:409][432]LogBlueprintUserMessages: [Stanok_2] 5.946182
[2025.06.22-21.07.00:418][433]LogBlueprintUserMessages: [Stanok_2] 5.946182
[2025.06.22-21.07.00:426][434]LogBlueprintUserMessages: [Stanok_2] 5.946182
[2025.06.22-21.07.00:434][435]LogBlueprintUserMessages: [Stanok_2] 5.946182
[2025.06.22-21.07.00:443][436]LogBlueprintUserMessages: [Stanok_2] 5.946182
[2025.06.22-21.07.00:451][437]LogBlueprintUserMessages: [Stanok_2] 5.946182
[2025.06.22-21.07.00:460][438]LogBlueprintUserMessages: [Stanok_2] 5.946182
[2025.06.22-21.07.00:468][439]LogBlueprintUserMessages: [Stanok_2] 5.946182
[2025.06.22-21.07.00:477][440]LogBlueprintUserMessages: [Stanok_2] 5.946182
[2025.06.22-21.07.00:485][441]LogBlueprintUserMessages: [Stanok_2] 5.946182
[2025.06.22-21.07.00:493][442]LogBlueprintUserMessages: [Stanok_2] 5.946182
[2025.06.22-21.07.00:501][443]LogBlueprintUserMessages: [Stanok_2] 5.946182
[2025.06.22-21.07.00:509][444]LogBlueprintUserMessages: [Stanok_2] 5.946182
[2025.06.22-21.07.00:518][445]LogBlueprintUserMessages: [Stanok_2] 5.946182
[2025.06.22-21.07.00:527][446]LogBlueprintUserMessages: [Stanok_2] 5.946182
[2025.06.22-21.07.00:535][447]LogBlueprintUserMessages: [Stanok_2] 5.946182
[2025.06.22-21.07.00:543][448]LogBlueprintUserMessages: [Stanok_2] 5.946182
[2025.06.22-21.07.00:552][449]LogBlueprintUserMessages: [Stanok_2] 5.946182
[2025.06.22-21.07.00:560][450]LogBlueprintUserMessages: [Stanok_2] 5.946182
[2025.06.22-21.07.00:568][451]LogBlueprintUserMessages: [Stanok_2] 5.946182
[2025.06.22-21.07.00:576][452]LogBlueprintUserMessages: [Stanok_2] 5.946182
[2025.06.22-21.07.00:584][453]LogBlueprintUserMessages: [Stanok_2] 5.946182
[2025.06.22-21.07.00:593][454]LogBlueprintUserMessages: [Stanok_2] 5.946182
[2025.06.22-21.07.00:603][455]LogBlueprintUserMessages: [Stanok_2] 5.946182
[2025.06.22-21.07.00:609][456]LogBlueprintUserMessages: [Stanok_2] 5.946182
[2025.06.22-21.07.00:618][457]LogBlueprintUserMessages: [Stanok_2] 5.946182
[2025.06.22-21.07.00:627][458]LogBlueprintUserMessages: [Stanok_2] 5.946182
[2025.06.22-21.07.00:635][459]LogBlueprintUserMessages: [Stanok_2] 5.946182
[2025.06.22-21.07.00:643][460]LogBlueprintUserMessages: [Stanok_2] 5.946182
[2025.06.22-21.07.00:651][461]LogBlueprintUserMessages: [Stanok_2] 5.946182
[2025.06.22-21.07.00:660][462]LogBlueprintUserMessages: [Stanok_2] 5.946182
[2025.06.22-21.07.00:668][463]LogBlueprintUserMessages: [Stanok_2] 5.946182
[2025.06.22-21.07.00:677][464]LogBlueprintUserMessages: [Stanok_2] 5.946182
[2025.06.22-21.07.00:684][465]LogBlueprintUserMessages: [Stanok_2] 5.946182
[2025.06.22-21.07.00:693][466]LogBlueprintUserMessages: [Stanok_2] 5.946182
[2025.06.22-21.07.00:702][467]LogBlueprintUserMessages: [Stanok_2] 5.946182
[2025.06.22-21.07.00:709][468]LogBlueprintUserMessages: [Stanok_2] 5.946182
[2025.06.22-21.07.00:718][469]LogBlueprintUserMessages: [Stanok_2] 5.946182
[2025.06.22-21.07.00:727][470]LogBlueprintUserMessages: [Stanok_2] 5.946182
[2025.06.22-21.07.00:735][471]LogBlueprintUserMessages: [Stanok_2] 5.946182
[2025.06.22-21.07.00:743][472]LogBlueprintUserMessages: [Stanok_2] 5.946182
[2025.06.22-21.07.00:751][473]LogBlueprintUserMessages: [Stanok_2] 5.946182
[2025.06.22-21.07.00:759][474]LogBlueprintUserMessages: [Stanok_2] 5.946182
[2025.06.22-21.07.00:768][475]LogBlueprintUserMessages: [Stanok_2] 5.946182
[2025.06.22-21.07.00:776][476]LogBlueprintUserMessages: [Stanok_2] 5.946182
[2025.06.22-21.07.00:784][477]LogBlueprintUserMessages: [Stanok_2] 5.946182
[2025.06.22-21.07.00:793][478]LogBlueprintUserMessages: [Stanok_2] 5.946182
[2025.06.22-21.07.00:801][479]LogBlueprintUserMessages: [Stanok_2] 5.946182
[2025.06.22-21.07.00:809][480]LogBlueprintUserMessages: [Stanok_2] 5.946182
[2025.06.22-21.07.00:818][481]LogBlueprintUserMessages: [Stanok_2] 5.946182
[2025.06.22-21.07.00:826][482]LogBlueprintUserMessages: [Stanok_2] 5.946182
[2025.06.22-21.07.00:834][483]LogBlueprintUserMessages: [Stanok_2] 5.946182
[2025.06.22-21.07.00:843][484]LogBlueprintUserMessages: [Stanok_2] 5.946182
[2025.06.22-21.07.00:851][485]LogBlueprintUserMessages: [Stanok_2] 5.946182
[2025.06.22-21.07.00:859][486]LogBlueprintUserMessages: [Stanok_2] 5.946182
[2025.06.22-21.07.00:868][487]LogBlueprintUserMessages: [Stanok_2] 5.946182
[2025.06.22-21.07.00:876][488]LogBlueprintUserMessages: [Stanok_2] 5.946182
[2025.06.22-21.07.00:884][489]LogBlueprintUserMessages: [Stanok_2] 5.946182
[2025.06.22-21.07.00:893][490]LogBlueprintUserMessages: [Stanok_2] 5.946182
[2025.06.22-21.07.00:901][491]LogBlueprintUserMessages: [Stanok_2] 5.946182
[2025.06.22-21.07.00:909][492]LogBlueprintUserMessages: [Stanok_2] 5.946182
[2025.06.22-21.07.00:917][493]LogBlueprintUserMessages: [Stanok_2] 5.946182
[2025.06.22-21.07.00:926][494]LogBlueprintUserMessages: [Stanok_2] 5.946182
[2025.06.22-21.07.00:934][495]LogBlueprintUserMessages: [Stanok_2] 5.946182
[2025.06.22-21.07.00:943][496]LogBlueprintUserMessages: [Stanok_2] 5.946182
[2025.06.22-21.07.00:951][497]LogBlueprintUserMessages: [Stanok_2] 5.946182
[2025.06.22-21.07.00:959][498]LogBlueprintUserMessages: [Stanok_2] 5.946182
[2025.06.22-21.07.00:968][499]LogBlueprintUserMessages: [Stanok_2] 5.946182
[2025.06.22-21.07.00:976][500]LogBlueprintUserMessages: [Stanok_2] 5.946182
[2025.06.22-21.07.00:985][501]LogBlueprintUserMessages: [Stanok_2] 5.946182
[2025.06.22-21.07.00:993][502]LogBlueprintUserMessages: [Stanok_2] 5.946182
[2025.06.22-21.07.01:002][503]LogBlueprintUserMessages: [Stanok_2] 5.946182
[2025.06.22-21.07.01:010][504]LogBlueprintUserMessages: [Stanok_2] 5.946182
[2025.06.22-21.07.01:018][505]LogBlueprintUserMessages: [Stanok_2] 5.946182
[2025.06.22-21.07.01:026][506]LogBlueprintUserMessages: [Stanok_2] 5.946182
[2025.06.22-21.07.01:034][507]LogBlueprintUserMessages: [Stanok_2] 5.946182
[2025.06.22-21.07.01:042][508]LogBlueprintUserMessages: [Stanok_2] 5.946182
[2025.06.22-21.07.01:051][509]LogBlueprintUserMessages: [Stanok_2] 5.946182
[2025.06.22-21.07.01:059][510]LogBlueprintUserMessages: [Stanok_2] 5.946182
[2025.06.22-21.07.01:068][511]LogBlueprintUserMessages: [Stanok_2] 5.946182
[2025.06.22-21.07.01:077][512]LogBlueprintUserMessages: [Stanok_2] 5.946182
[2025.06.22-21.07.01:085][513]LogBlueprintUserMessages: [Stanok_2] 5.946182
[2025.06.22-21.07.01:093][514]LogBlueprintUserMessages: [Stanok_2] 5.946182
[2025.06.22-21.07.01:101][515]LogBlueprintUserMessages: [Stanok_2] 5.946182
[2025.06.22-21.07.01:110][516]LogBlueprintUserMessages: [Stanok_2] 5.946182
[2025.06.22-21.07.01:118][517]LogBlueprintUserMessages: [Stanok_2] 5.946182
[2025.06.22-21.07.01:126][518]LogBlueprintUserMessages: [Stanok_2] 5.946182
[2025.06.22-21.07.01:134][519]LogBlueprintUserMessages: [Stanok_2] 5.946182
[2025.06.22-21.07.01:143][520]LogBlueprintUserMessages: [Stanok_2] 5.946182
[2025.06.22-21.07.01:151][521]LogBlueprintUserMessages: [Stanok_2] 5.946182
[2025.06.22-21.07.01:160][522]LogBlueprintUserMessages: [Stanok_2] 5.946182
[2025.06.22-21.07.01:168][523]LogBlueprintUserMessages: [Stanok_2] 5.946182
[2025.06.22-21.07.01:177][524]LogBlueprintUserMessages: [Stanok_2] 5.946182
[2025.06.22-21.07.01:184][525]LogBlueprintUserMessages: [Stanok_2] 5.946182
[2025.06.22-21.07.01:194][526]LogBlueprintUserMessages: [Stanok_2] 5.946182
[2025.06.22-21.07.01:201][527]LogBlueprintUserMessages: [Stanok_2] 5.946182
[2025.06.22-21.07.01:210][528]LogBlueprintUserMessages: [Stanok_2] 5.946182
[2025.06.22-21.07.01:218][529]LogBlueprintUserMessages: [Stanok_2] 5.946182
[2025.06.22-21.07.01:227][530]LogBlueprintUserMessages: [Stanok_2] 5.946182
[2025.06.22-21.07.01:235][531]LogBlueprintUserMessages: [Stanok_2] 5.946182
[2025.06.22-21.07.01:243][532]LogBlueprintUserMessages: [Stanok_2] 5.946182
[2025.06.22-21.07.01:252][533]LogBlueprintUserMessages: [Stanok_2] 5.946182
[2025.06.22-21.07.01:260][534]LogBlueprintUserMessages: [Stanok_2] 5.946182
[2025.06.22-21.07.01:268][535]LogBlueprintUserMessages: [Stanok_2] 5.946182
[2025.06.22-21.07.01:276][536]LogBlueprintUserMessages: [Stanok_2] 5.946182
[2025.06.22-21.07.01:284][537]LogBlueprintUserMessages: [Stanok_2] 5.946182
[2025.06.22-21.07.01:293][538]LogBlueprintUserMessages: [Stanok_2] 5.946182
[2025.06.22-21.07.01:301][539]LogBlueprintUserMessages: [Stanok_2] 5.946182
[2025.06.22-21.07.01:309][540]LogBlueprintUserMessages: [Stanok_2] 5.946182
[2025.06.22-21.07.01:318][541]LogBlueprintUserMessages: [Stanok_2] 5.946182
[2025.06.22-21.07.01:327][542]LogBlueprintUserMessages: [Stanok_2] 5.946182
[2025.06.22-21.07.01:334][543]LogBlueprintUserMessages: [Stanok_2] 5.946182
[2025.06.22-21.07.01:343][544]LogBlueprintUserMessages: [Stanok_2] 5.946182
[2025.06.22-21.07.01:351][545]LogBlueprintUserMessages: [Stanok_2] 5.946182
[2025.06.22-21.07.01:360][546]LogBlueprintUserMessages: [Stanok_2] 5.946182
[2025.06.22-21.07.01:368][547]LogBlueprintUserMessages: [Stanok_2] 5.946182
[2025.06.22-21.07.01:376][548]LogBlueprintUserMessages: [Stanok_2] 5.946182
[2025.06.22-21.07.01:384][549]LogBlueprintUserMessages: [Stanok_2] 5.946182
[2025.06.22-21.07.01:394][550]LogBlueprintUserMessages: [Stanok_2] 5.946182
[2025.06.22-21.07.01:401][551]LogBlueprintUserMessages: [Stanok_2] 5.946182
[2025.06.22-21.07.01:410][552]LogBlueprintUserMessages: [Stanok_2] 5.946182
[2025.06.22-21.07.01:418][553]LogBlueprintUserMessages: [Stanok_2] 5.946182
[2025.06.22-21.07.01:427][554]LogBlueprintUserMessages: [Stanok_2] 5.946182
[2025.06.22-21.07.01:434][555]LogBlueprintUserMessages: [Stanok_2] 5.946182
[2025.06.22-21.07.01:444][556]LogBlueprintUserMessages: [Stanok_2] 5.946182
[2025.06.22-21.07.01:451][557]LogBlueprintUserMessages: [Stanok_2] 5.946182
[2025.06.22-21.07.01:460][558]LogBlueprintUserMessages: [Stanok_2] 5.946182
[2025.06.22-21.07.01:468][559]LogBlueprintUserMessages: [Stanok_2] 5.946182
[2025.06.22-21.07.01:477][560]LogBlueprintUserMessages: [Stanok_2] 5.946182
[2025.06.22-21.07.01:484][561]LogBlueprintUserMessages: [Stanok_2] 5.946182
[2025.06.22-21.07.01:493][562]LogBlueprintUserMessages: [Stanok_2] 5.946182
[2025.06.22-21.07.01:502][563]LogBlueprintUserMessages: [Stanok_2] 5.946182
[2025.06.22-21.07.01:510][564]LogBlueprintUserMessages: [Stanok_2] 5.946182
[2025.06.22-21.07.01:518][565]LogBlueprintUserMessages: [Stanok_2] 5.946182
[2025.06.22-21.07.01:527][566]LogBlueprintUserMessages: [Stanok_2] 5.946182
[2025.06.22-21.07.01:535][567]LogBlueprintUserMessages: [Stanok_2] 5.946182
[2025.06.22-21.07.01:544][568]LogBlueprintUserMessages: [Stanok_2] 5.946182
[2025.06.22-21.07.01:551][569]LogBlueprintUserMessages: [Stanok_2] 5.946182
[2025.06.22-21.07.01:560][570]LogBlueprintUserMessages: [Stanok_2] 5.946182
[2025.06.22-21.07.01:568][571]LogBlueprintUserMessages: [Stanok_2] 5.946182
[2025.06.22-21.07.01:577][572]LogBlueprintUserMessages: [Stanok_2] 5.946182
[2025.06.22-21.07.01:584][573]LogBlueprintUserMessages: [Stanok_2] 5.946182
[2025.06.22-21.07.01:593][574]LogBlueprintUserMessages: [Stanok_2] 5.946182
[2025.06.22-21.07.01:601][575]LogBlueprintUserMessages: [Stanok_2] 5.946182
[2025.06.22-21.07.01:610][576]LogBlueprintUserMessages: [Stanok_2] 5.946182
[2025.06.22-21.07.01:619][577]LogBlueprintUserMessages: [Stanok_2] 5.946182
[2025.06.22-21.07.01:627][578]LogBlueprintUserMessages: [Stanok_2] 5.946182
[2025.06.22-21.07.01:635][579]LogBlueprintUserMessages: [Stanok_2] 5.946182
[2025.06.22-21.07.01:643][580]LogBlueprintUserMessages: [Stanok_2] 5.946182
[2025.06.22-21.07.01:652][581]LogBlueprintUserMessages: [Stanok_2] 5.946182
[2025.06.22-21.07.01:660][582]LogBlueprintUserMessages: [Stanok_2] 5.946182
[2025.06.22-21.07.01:668][583]LogBlueprintUserMessages: [Stanok_2] 5.946182
[2025.06.22-21.07.01:677][584]LogBlueprintUserMessages: [Stanok_2] 5.946182
[2025.06.22-21.07.01:684][585]LogBlueprintUserMessages: [Stanok_2] 5.946182
[2025.06.22-21.07.01:693][586]LogBlueprintUserMessages: [Stanok_2] 5.946182
[2025.06.22-21.07.01:701][587]LogBlueprintUserMessages: [Stanok_2] 5.946182
[2025.06.22-21.07.01:710][588]LogBlueprintUserMessages: [Stanok_2] 5.946182
[2025.06.22-21.07.01:718][589]LogBlueprintUserMessages: [Stanok_2] 5.946182
[2025.06.22-21.07.01:727][590]LogBlueprintUserMessages: [Stanok_2] 5.946182
[2025.06.22-21.07.01:734][591]LogBlueprintUserMessages: [Stanok_2] 5.946182
[2025.06.22-21.07.01:743][592]LogBlueprintUserMessages: [Stanok_2] 5.946182
[2025.06.22-21.07.01:751][593]LogBlueprintUserMessages: [Stanok_2] 5.946182
[2025.06.22-21.07.01:759][594]LogBlueprintUserMessages: [Stanok_2] 5.946182
[2025.06.22-21.07.01:768][595]LogBlueprintUserMessages: [Stanok_2] 5.946182
[2025.06.22-21.07.01:776][596]LogBlueprintUserMessages: [Stanok_2] 5.946182
[2025.06.22-21.07.01:784][597]LogBlueprintUserMessages: [Stanok_2] 5.946182
[2025.06.22-21.07.01:793][598]LogBlueprintUserMessages: [Stanok_2] 5.946182
[2025.06.22-21.07.01:801][599]LogBlueprintUserMessages: [Stanok_2] 5.946182
[2025.06.22-21.07.01:810][600]LogBlueprintUserMessages: [Stanok_2] 5.946182
[2025.06.22-21.07.01:818][601]LogBlueprintUserMessages: [Stanok_2] 5.946182
[2025.06.22-21.07.01:827][602]LogBlueprintUserMessages: [Stanok_2] 5.946182
[2025.06.22-21.07.01:835][603]LogBlueprintUserMessages: [Stanok_2] 5.946182
[2025.06.22-21.07.01:843][604]LogBlueprintUserMessages: [Stanok_2] 5.946182
[2025.06.22-21.07.01:851][605]LogBlueprintUserMessages: [Stanok_2] 5.946182
[2025.06.22-21.07.01:860][606]LogBlueprintUserMessages: [Stanok_2] 5.946182
[2025.06.22-21.07.01:868][607]LogBlueprintUserMessages: [Stanok_2] 5.946182
[2025.06.22-21.07.01:877][608]LogBlueprintUserMessages: [Stanok_2] 5.946182
[2025.06.22-21.07.01:885][609]LogBlueprintUserMessages: [Stanok_2] 5.946182
[2025.06.22-21.07.01:894][610]LogBlueprintUserMessages: [Stanok_2] 5.946182
[2025.06.22-21.07.01:902][611]LogBlueprintUserMessages: [Stanok_2] 5.946182
[2025.06.22-21.07.01:910][612]LogBlueprintUserMessages: [Stanok_2] 5.946182
[2025.06.22-21.07.01:918][613]LogBlueprintUserMessages: [Stanok_2] 5.946182
[2025.06.22-21.07.01:927][614]LogBlueprintUserMessages: [Stanok_2] 5.946182
[2025.06.22-21.07.01:935][615]LogBlueprintUserMessages: [Stanok_2] 5.946182
[2025.06.22-21.07.01:943][616]LogBlueprintUserMessages: [Stanok_2] 5.946182
[2025.06.22-21.07.01:952][617]LogBlueprintUserMessages: [Stanok_2] 5.946182
[2025.06.22-21.07.01:960][618]LogBlueprintUserMessages: [Stanok_2] 5.946182
[2025.06.22-21.07.01:968][619]LogBlueprintUserMessages: [Stanok_2] 5.946182
[2025.06.22-21.07.01:977][620]LogBlueprintUserMessages: [Stanok_2] 5.946182
[2025.06.22-21.07.01:985][621]LogBlueprintUserMessages: [Stanok_2] 5.946182
[2025.06.22-21.07.01:993][622]LogBlueprintUserMessages: [Stanok_2] 5.946182
[2025.06.22-21.07.02:002][623]LogBlueprintUserMessages: [Stanok_2] 5.946182
[2025.06.22-21.07.02:009][624]LogBlueprintUserMessages: [Stanok_2] 5.946182
[2025.06.22-21.07.02:018][625]LogBlueprintUserMessages: [Stanok_2] 5.946182
[2025.06.22-21.07.02:027][626]LogBlueprintUserMessages: [Stanok_2] 5.946182
[2025.06.22-21.07.02:034][627]LogBlueprintUserMessages: [Stanok_2] 5.946182
[2025.06.22-21.07.02:043][628]LogBlueprintUserMessages: [Stanok_2] 5.946182
[2025.06.22-21.07.02:052][629]LogBlueprintUserMessages: [Stanok_2] 5.946182
[2025.06.22-21.07.02:060][630]LogBlueprintUserMessages: [Stanok_2] 5.946182
[2025.06.22-21.07.02:069][631]LogBlueprintUserMessages: [Stanok_2] 5.946182
[2025.06.22-21.07.02:076][632]LogBlueprintUserMessages: [Stanok_2] 5.946182
[2025.06.22-21.07.02:084][633]LogBlueprintUserMessages: [Stanok_2] 5.946182
[2025.06.22-21.07.02:094][634]LogBlueprintUserMessages: [Stanok_2] 5.946182
[2025.06.22-21.07.02:101][635]LogBlueprintUserMessages: [Stanok_2] 5.946182
[2025.06.22-21.07.02:110][636]LogBlueprintUserMessages: [Stanok_2] 5.946182
[2025.06.22-21.07.02:118][637]LogBlueprintUserMessages: [Stanok_2] 5.946182
[2025.06.22-21.07.02:127][638]LogBlueprintUserMessages: [Stanok_2] 5.946182
[2025.06.22-21.07.02:135][639]LogBlueprintUserMessages: [Stanok_2] 6.256454
[2025.06.22-21.07.02:143][640]LogBlueprintUserMessages: [Stanok_2] 6.566711
[2025.06.22-21.07.02:152][641]LogBlueprintUserMessages: [Stanok_2] 6.876984
[2025.06.22-21.07.02:159][642]LogBlueprintUserMessages: [Stanok_2] 7.187271
[2025.06.22-21.07.02:168][643]LogBlueprintUserMessages: [Stanok_2] 7.497528
[2025.06.22-21.07.02:176][644]LogBlueprintUserMessages: [Stanok_2] 7.8078
[2025.06.22-21.07.02:185][645]LogBlueprintUserMessages: [Stanok_2] 8.118057
[2025.06.22-21.07.02:193][646]LogBlueprintUserMessages: [Stanok_2] 8.428345
[2025.06.22-21.07.02:202][647]LogBlueprintUserMessages: [Stanok_2] 8.738617
[2025.06.22-21.07.02:210][648]LogBlueprintUserMessages: [Stanok_2] 9.048874
[2025.06.22-21.07.02:219][649]LogBlueprintUserMessages: [Stanok_2] 9.359146
[2025.06.22-21.07.02:226][650]LogBlueprintUserMessages: [Stanok_2] 9.669403
[2025.06.22-21.07.02:234][651]LogBlueprintUserMessages: [Stanok_2] 9.979691
[2025.06.22-21.07.02:244][652]LogBlueprintUserMessages: [Stanok_2] 10.289948
[2025.06.22-21.07.02:251][653]LogBlueprintUserMessages: [Stanok_2] 10.60022
[2025.06.22-21.07.02:260][654]LogBlueprintUserMessages: [Stanok_2] 10.910492
[2025.06.22-21.07.02:268][655]LogBlueprintUserMessages: [Stanok_2] 11.220749
[2025.06.22-21.07.02:277][656]LogBlueprintUserMessages: [Stanok_2] 11.531036
[2025.06.22-21.07.02:285][657]LogBlueprintUserMessages: [Stanok_2] 11.841293
[2025.06.22-21.07.02:293][658]LogBlueprintUserMessages: [Stanok_2] 12.151566
[2025.06.22-21.07.02:301][659]LogBlueprintUserMessages: [Stanok_2] 12.461838
[2025.06.22-21.07.02:310][660]LogBlueprintUserMessages: [Stanok_2] 12.772095
[2025.06.22-21.07.02:317][661]LogBlueprintUserMessages: [Stanok_2] 13.082382
[2025.06.22-21.07.02:326][662]LogBlueprintUserMessages: [Stanok_2] 13.392639
[2025.06.22-21.07.02:334][663]LogBlueprintUserMessages: [Stanok_2] 13.702911
[2025.06.22-21.07.02:344][664]LogBlueprintUserMessages: [Stanok_2] 14.013184
[2025.06.22-21.07.02:352][665]LogBlueprintUserMessages: [Stanok_2] 14.323441
[2025.06.22-21.07.02:360][666]LogBlueprintUserMessages: [Stanok_2] 14.633728
[2025.06.22-21.07.02:369][667]LogBlueprintUserMessages: [Stanok_2] 14.943985
[2025.06.22-21.07.02:376][668]LogBlueprintUserMessages: [Stanok_2] 15.254257
[2025.06.22-21.07.02:384][669]LogBlueprintUserMessages: [Stanok_2] 15.564514
[2025.06.22-21.07.02:393][670]LogBlueprintUserMessages: [Stanok_2] 15.874786
[2025.06.22-21.07.02:401][671]LogBlueprintUserMessages: [Stanok_2] 16.185074
[2025.06.22-21.07.02:409][672]LogBlueprintUserMessages: [Stanok_2] 16.495331
[2025.06.22-21.07.02:418][673]LogBlueprintUserMessages: [Stanok_2] 16.805603
[2025.06.22-21.07.02:427][674]LogBlueprintUserMessages: [Stanok_2] 17.11586
[2025.06.22-21.07.02:436][675]LogBlueprintUserMessages: [Stanok_2] 17.426147
[2025.06.22-21.07.02:444][676]LogBlueprintUserMessages: [Stanok_2] 17.73642
[2025.06.22-21.07.02:452][677]LogBlueprintUserMessages: [Stanok_2] 18.046677
[2025.06.22-21.07.02:460][678]LogBlueprintUserMessages: [Stanok_2] 18.356949
[2025.06.22-21.07.02:469][679]LogBlueprintUserMessages: [Stanok_2] 18.667206
[2025.06.22-21.07.02:477][680]LogBlueprintUserMessages: [Stanok_2] 18.977493
[2025.06.22-21.07.02:485][681]LogBlueprintUserMessages: [Stanok_2] 19.28775
[2025.06.22-21.07.02:493][682]LogBlueprintUserMessages: [Stanok_2] 19.598022
[2025.06.22-21.07.02:502][683]LogBlueprintUserMessages: [Stanok_2] 19.908295
[2025.06.22-21.07.02:510][684]LogBlueprintUserMessages: [Stanok_2] 20.218552
[2025.06.22-21.07.02:518][685]LogBlueprintUserMessages: [Stanok_2] 20.528839
[2025.06.22-21.07.02:527][686]LogBlueprintUserMessages: [Stanok_2] 20.839096
[2025.06.22-21.07.02:534][687]LogBlueprintUserMessages: [Stanok_2] 21.149368
[2025.06.22-21.07.02:544][688]LogBlueprintUserMessages: [Stanok_2] 21.459641
[2025.06.22-21.07.02:552][689]LogBlueprintUserMessages: [Stanok_2] 21.769897
[2025.06.22-21.07.02:560][690]LogBlueprintUserMessages: [Stanok_2] 22.080185
[2025.06.22-21.07.02:569][691]LogBlueprintUserMessages: [Stanok_2] 22.390442
[2025.06.22-21.07.02:576][692]LogBlueprintUserMessages: [Stanok_2] 22.700714
[2025.06.22-21.07.02:584][693]LogBlueprintUserMessages: [Stanok_2] 23.010986
[2025.06.22-21.07.02:593][694]LogBlueprintUserMessages: [Stanok_2] 23.321243
[2025.06.22-21.07.02:601][695]LogBlueprintUserMessages: [Stanok_2] 23.631531
[2025.06.22-21.07.02:610][696]LogBlueprintUserMessages: [Stanok_2] 23.941788
[2025.06.22-21.07.02:618][697]LogBlueprintUserMessages: [Stanok_2] 24.25206
[2025.06.22-21.07.02:626][698]LogBlueprintUserMessages: [Stanok_2] 24.562317
[2025.06.22-21.07.02:634][699]LogBlueprintUserMessages: [Stanok_2] 24.872589
[2025.06.22-21.07.02:643][700]LogBlueprintUserMessages: [Stanok_2] 25.182877
[2025.06.22-21.07.02:652][701]LogBlueprintUserMessages: [Stanok_2] 25.493134
[2025.06.22-21.07.02:659][702]LogBlueprintUserMessages: [Stanok_2] 25.803406
[2025.06.22-21.07.02:668][703]LogBlueprintUserMessages: [Stanok_2] 26.113663
[2025.06.22-21.07.02:677][704]LogBlueprintUserMessages: [Stanok_2] 26.42395
[2025.06.22-21.07.02:684][705]LogBlueprintUserMessages: [Stanok_2] 26.734222
[2025.06.22-21.07.02:695][706]LogBlueprintUserMessages: [Stanok_2] 27.044479
[2025.06.22-21.07.02:703][707]LogBlueprintUserMessages: [Stanok_2] 27.354752
[2025.06.22-21.07.02:710][708]LogBlueprintUserMessages: [Stanok_2] 27.665009
[2025.06.22-21.07.02:718][709]LogBlueprintUserMessages: [Stanok_2] 27.975296
[2025.06.22-21.07.02:727][710]LogBlueprintUserMessages: [Stanok_2] 28.285553
[2025.06.22-21.07.02:735][711]LogBlueprintUserMessages: [Stanok_2] 28.595825
[2025.06.22-21.07.02:743][712]LogBlueprintUserMessages: [Stanok_2] 28.906097
[2025.06.22-21.07.02:752][713]LogBlueprintUserMessages: [Stanok_2] 29.216354
[2025.06.22-21.07.02:760][714]LogBlueprintUserMessages: [Stanok_2] 29.526642
[2025.06.22-21.07.02:768][715]LogBlueprintUserMessages: [Stanok_2] 29.836899
[2025.06.22-21.07.02:777][716]LogBlueprintUserMessages: [Stanok_2] 30.147171
[2025.06.22-21.07.02:784][717]LogBlueprintUserMessages: [Stanok_2] 30.457443
[2025.06.22-21.07.02:793][718]LogBlueprintUserMessages: [Stanok_2] 30.7677
[2025.06.22-21.07.02:801][719]LogBlueprintUserMessages: [Stanok_2] 31.077988
[2025.06.22-21.07.02:810][720]LogBlueprintUserMessages: [Stanok_2] 31.388245
[2025.06.22-21.07.02:817][721]LogBlueprintUserMessages: [Stanok_2] 31.698517
[2025.06.22-21.07.02:827][722]LogBlueprintUserMessages: [Stanok_2] 32.008789
[2025.06.22-21.07.02:835][723]LogBlueprintUserMessages: [Stanok_2] 32.319046
[2025.06.22-21.07.02:844][724]LogBlueprintUserMessages: [Stanok_2] 32.629333
[2025.06.22-21.07.02:852][725]LogBlueprintUserMessages: [Stanok_2] 32.93959
[2025.06.22-21.07.02:860][726]LogBlueprintUserMessages: [Stanok_2] 33.249863
[2025.06.22-21.07.02:868][727]LogBlueprintUserMessages: [Stanok_2] 33.56012
[2025.06.22-21.07.02:877][728]LogBlueprintUserMessages: [Stanok_2] 33.870392
[2025.06.22-21.07.02:884][729]LogBlueprintUserMessages: [Stanok_2] 34.180679
[2025.06.22-21.07.02:893][730]LogBlueprintUserMessages: [Stanok_2] 34.490936
[2025.06.22-21.07.02:902][731]LogBlueprintUserMessages: [Stanok_2] 34.801208
[2025.06.22-21.07.02:911][732]LogBlueprintUserMessages: [Stanok_2] 35.111465
[2025.06.22-21.07.02:918][733]LogBlueprintUserMessages: [Stanok_2] 35.421753
[2025.06.22-21.07.02:928][734]LogBlueprintUserMessages: [Stanok_2] 35.732025
[2025.06.22-21.07.02:936][735]LogBlueprintUserMessages: [Stanok_2] 36.042282
[2025.06.22-21.07.02:943][736]LogBlueprintUserMessages: [Stanok_2] 36.352554
[2025.06.22-21.07.02:952][737]LogBlueprintUserMessages: [Stanok_2] 36.662811
[2025.06.22-21.07.02:960][738]LogBlueprintUserMessages: [Stanok_2] 36.973099
[2025.06.22-21.07.02:968][739]LogBlueprintUserMessages: [Stanok_2] 37.283356
[2025.06.22-21.07.02:977][740]LogBlueprintUserMessages: [Stanok_2] 37.593628
[2025.06.22-21.07.02:985][741]LogBlueprintUserMessages: [Stanok_2] 37.9039
[2025.06.22-21.07.02:993][742]LogBlueprintUserMessages: [Stanok_2] 38.214157
[2025.06.22-21.07.03:001][743]LogBlueprintUserMessages: [Stanok_2] 38.524445
[2025.06.22-21.07.03:010][744]LogBlueprintUserMessages: [Stanok_2] 38.834702
[2025.06.22-21.07.03:020][745]LogBlueprintUserMessages: [Stanok_2] 39.144974
[2025.06.22-21.07.03:027][746]LogBlueprintUserMessages: [Stanok_2] 39.455246
[2025.06.22-21.07.03:035][747]LogBlueprintUserMessages: [Stanok_2] 39.765503
[2025.06.22-21.07.03:043][748]LogBlueprintUserMessages: [Stanok_2] 40.07579
[2025.06.22-21.07.03:052][749]LogBlueprintUserMessages: [Stanok_2] 40.386047
[2025.06.22-21.07.03:059][750]LogBlueprintUserMessages: [Stanok_2] 40.69632
[2025.06.22-21.07.03:068][751]LogBlueprintUserMessages: [Stanok_2] 41.006592
[2025.06.22-21.07.03:076][752]LogBlueprintUserMessages: [Stanok_2] 41.316849
[2025.06.22-21.07.03:084][753]LogBlueprintUserMessages: [Stanok_2] 41.627136
[2025.06.22-21.07.03:094][754]LogBlueprintUserMessages: [Stanok_2] 41.937393
[2025.06.22-21.07.03:102][755]LogBlueprintUserMessages: [Stanok_2] 42.247665
[2025.06.22-21.07.03:110][756]LogBlueprintUserMessages: [Stanok_2] 42.557922
[2025.06.22-21.07.03:118][757]LogBlueprintUserMessages: [Stanok_2] 42.868195
[2025.06.22-21.07.03:127][758]LogBlueprintUserMessages: [Stanok_2] 43.178482
[2025.06.22-21.07.03:134][759]LogBlueprintUserMessages: [Stanok_2] 43.488739
[2025.06.22-21.07.03:144][760]LogBlueprintUserMessages: [Stanok_2] 43.799011
[2025.06.22-21.07.03:151][761]LogBlueprintUserMessages: [Stanok_2] 44.109268
[2025.06.22-21.07.03:160][762]LogBlueprintUserMessages: [Stanok_2] 44.419556
[2025.06.22-21.07.03:168][763]LogBlueprintUserMessages: [Stanok_2] 44.729828
[2025.06.22-21.07.03:177][764]LogBlueprintUserMessages: [Stanok_2] 45.040085
[2025.06.22-21.07.03:184][765]LogBlueprintUserMessages: [Stanok_2] 45.350357
[2025.06.22-21.07.03:193][766]LogBlueprintUserMessages: [Stanok_2] 45.660614
[2025.06.22-21.07.03:202][767]LogBlueprintUserMessages: [Stanok_2] 45.970901
[2025.06.22-21.07.03:210][768]LogBlueprintUserMessages: [Stanok_2] 46.281158
[2025.06.22-21.07.03:218][769]LogBlueprintUserMessages: [Stanok_2] 46.591431
[2025.06.22-21.07.03:227][770]LogBlueprintUserMessages: [Stanok_2] 46.901703
[2025.06.22-21.07.03:234][771]LogBlueprintUserMessages: [Stanok_2] 47.21196
[2025.06.22-21.07.03:243][772]LogBlueprintUserMessages: [Stanok_2] 47.522247
[2025.06.22-21.07.03:252][773]LogBlueprintUserMessages: [Stanok_2] 47.832504
[2025.06.22-21.07.03:260][774]LogBlueprintUserMessages: [Stanok_2] 48.142776
[2025.06.22-21.07.03:268][775]LogBlueprintUserMessages: [Stanok_2] 48.453049
[2025.06.22-21.07.03:276][776]LogBlueprintUserMessages: [Stanok_2] 48.763306
[2025.06.22-21.07.03:285][777]LogBlueprintUserMessages: [Stanok_2] 49.073593
[2025.06.22-21.07.03:294][778]LogBlueprintUserMessages: [Stanok_2] 49.38385
[2025.06.22-21.07.03:302][779]LogBlueprintUserMessages: [Stanok_2] 49.694122
[2025.06.22-21.07.03:310][780]LogBlueprintUserMessages: [Stanok_2] 50.004395
[2025.06.22-21.07.03:318][781]LogBlueprintUserMessages: [Stanok_2] 50.314651
[2025.06.22-21.07.03:327][782]LogBlueprintUserMessages: [Stanok_2] 50.624939
[2025.06.22-21.07.03:335][783]LogBlueprintUserMessages: [Stanok_2] 50.935196
[2025.06.22-21.07.03:343][784]LogBlueprintUserMessages: [Stanok_2] 51.245468
[2025.06.22-21.07.03:351][785]LogBlueprintUserMessages: [Stanok_2] 51.555725
[2025.06.22-21.07.03:360][786]LogBlueprintUserMessages: [Stanok_2] 51.865997
[2025.06.22-21.07.03:368][787]LogBlueprintUserMessages: [Stanok_2] 52.176285
[2025.06.22-21.07.03:377][788]LogBlueprintUserMessages: [Stanok_2] 52.486542
[2025.06.22-21.07.03:384][789]LogBlueprintUserMessages: [Stanok_2] 52.796814
[2025.06.22-21.07.03:394][790]LogBlueprintUserMessages: [Stanok_2] 53.107071
[2025.06.22-21.07.03:401][791]LogBlueprintUserMessages: [Stanok_2] 53.417358
[2025.06.22-21.07.03:410][792]LogBlueprintUserMessages: [Stanok_2] 53.727631
[2025.06.22-21.07.03:418][793]LogBlueprintUserMessages: [Stanok_2] 54.037888
[2025.06.22-21.07.03:427][794]LogBlueprintUserMessages: [Stanok_2] 54.34816
[2025.06.22-21.07.03:435][795]LogBlueprintUserMessages: [Stanok_2] 54.658417
[2025.06.22-21.07.03:443][796]LogBlueprintUserMessages: [Stanok_2] 54.968704
[2025.06.22-21.07.03:452][797]LogBlueprintUserMessages: [Stanok_2] 55.278961
[2025.06.22-21.07.03:460][798]LogBlueprintUserMessages: [Stanok_2] 55.589233
[2025.06.22-21.07.03:468][799]LogBlueprintUserMessages: [Stanok_2] 55.899506
[2025.06.22-21.07.03:476][800]LogBlueprintUserMessages: [Stanok_2] 56.209763
[2025.06.22-21.07.03:484][801]LogBlueprintUserMessages: [Stanok_2] 56.52005
[2025.06.22-21.07.03:493][802]LogBlueprintUserMessages: [Stanok_2] 56.830307
[2025.06.22-21.07.03:501][803]LogBlueprintUserMessages: [Stanok_2] 57.140579
[2025.06.22-21.07.03:510][804]LogBlueprintUserMessages: [Stanok_2] 57.450851
[2025.06.22-21.07.03:518][805]LogBlueprintUserMessages: [Stanok_2] 57.761108
[2025.06.22-21.07.03:526][806]LogBlueprintUserMessages: [Stanok_2] 58.071396
[2025.06.22-21.07.03:535][807]LogBlueprintUserMessages: [Stanok_2] 58.381653
[2025.06.22-21.07.03:544][808]LogBlueprintUserMessages: [Stanok_2] 58.691925
[2025.06.22-21.07.03:552][809]LogBlueprintUserMessages: [Stanok_2] 59.002197
[2025.06.22-21.07.03:560][810]LogBlueprintUserMessages: [Stanok_2] 59.312454
[2025.06.22-21.07.03:568][811]LogBlueprintUserMessages: [Stanok_2] 59.622742
[2025.06.22-21.07.03:577][812]LogBlueprintUserMessages: [Stanok_2] 59.932999
[2025.06.22-21.07.03:584][813]LogBlueprintUserMessages: [Stanok_2] 60.243271
[2025.06.22-21.07.03:593][814]LogBlueprintUserMessages: [Stanok_2] 60.553528
[2025.06.22-21.07.03:601][815]LogBlueprintUserMessages: [Stanok_2] 60.8638
[2025.06.22-21.07.03:610][816]LogBlueprintUserMessages: [Stanok_2] 61.174088
[2025.06.22-21.07.03:619][817]LogBlueprintUserMessages: [Stanok_2] 61.484344
[2025.06.22-21.07.03:627][818]LogBlueprintUserMessages: [Stanok_2] 61.794617
[2025.06.22-21.07.03:634][819]LogBlueprintUserMessages: [Stanok_2] 62.104874
[2025.06.22-21.07.03:643][820]LogBlueprintUserMessages: [Stanok_2] 62.415161
[2025.06.22-21.07.03:652][821]LogBlueprintUserMessages: [Stanok_2] 62.725433
[2025.06.22-21.07.03:660][822]LogBlueprintUserMessages: [Stanok_2] 63.03569
[2025.06.22-21.07.03:668][823]LogBlueprintUserMessages: [Stanok_2] 63.345963
[2025.06.22-21.07.03:676][824]LogBlueprintUserMessages: [Stanok_2] 63.656219
[2025.06.22-21.07.03:684][825]LogBlueprintUserMessages: [Stanok_2] 63.966507
[2025.06.22-21.07.03:694][826]LogBlueprintUserMessages: [Stanok_2] 64.276764
[2025.06.22-21.07.03:701][827]LogBlueprintUserMessages: [Stanok_2] 64.587036
[2025.06.22-21.07.03:710][828]LogBlueprintUserMessages: [Stanok_2] 64.897308
[2025.06.22-21.07.03:718][829]LogBlueprintUserMessages: [Stanok_2] 65.207565
[2025.06.22-21.07.03:726][830]LogBlueprintUserMessages: [Stanok_2] 65.517853
[2025.06.22-21.07.03:734][831]LogBlueprintUserMessages: [Stanok_2] 65.82811
[2025.06.22-21.07.03:743][832]LogBlueprintUserMessages: [Stanok_2] 66.138382
[2025.06.22-21.07.03:752][833]LogBlueprintUserMessages: [Stanok_2] 66.448654
[2025.06.22-21.07.03:760][834]LogBlueprintUserMessages: [Stanok_2] 66.758911
[2025.06.22-21.07.03:768][835]LogBlueprintUserMessages: [Stanok_2] 67.069199
[2025.06.22-21.07.03:777][836]LogBlueprintUserMessages: [Stanok_2] 67.379456
[2025.06.22-21.07.03:784][837]LogBlueprintUserMessages: [Stanok_2] 67.689728
[2025.06.22-21.07.03:794][838]LogBlueprintUserMessages: [Stanok_2] 68.0
[2025.06.22-21.07.03:801][839]LogBlueprintUserMessages: [Stanok_2] 68.310257
[2025.06.22-21.07.03:810][840]LogBlueprintUserMessages: [Stanok_2] 68.620544
[2025.06.22-21.07.03:818][841]LogBlueprintUserMessages: [Stanok_2] 68.930801
[2025.06.22-21.07.03:827][842]LogBlueprintUserMessages: [Stanok_2] 69.241074
[2025.06.22-21.07.03:835][843]LogBlueprintUserMessages: [Stanok_2] 69.551331
[2025.06.22-21.07.03:843][844]LogBlueprintUserMessages: [Stanok_2] 69.861603
[2025.06.22-21.07.03:852][845]LogBlueprintUserMessages: [Stanok_2] 70.17189
[2025.06.22-21.07.03:861][846]LogBlueprintUserMessages: [Stanok_2] 70.482147
[2025.06.22-21.07.03:868][847]LogBlueprintUserMessages: [Stanok_2] 70.792419
[2025.06.22-21.07.03:877][848]LogBlueprintUserMessages: [Stanok_2] 71.102676
[2025.06.22-21.07.03:884][849]LogBlueprintUserMessages: [Stanok_2] 71.412964
[2025.06.22-21.07.03:893][850]LogBlueprintUserMessages: [Stanok_2] 71.723236
[2025.06.22-21.07.03:901][851]LogBlueprintUserMessages: [Stanok_2] 72.033493
[2025.06.22-21.07.03:910][852]LogBlueprintUserMessages: [Stanok_2] 72.343765
[2025.06.22-21.07.03:918][853]LogBlueprintUserMessages: [Stanok_2] 72.654022
[2025.06.22-21.07.03:927][854]LogBlueprintUserMessages: [Stanok_2] 72.96431
[2025.06.22-21.07.03:934][855]LogBlueprintUserMessages: [Stanok_2] 73.274567
[2025.06.22-21.07.03:944][856]LogBlueprintUserMessages: [Stanok_2] 73.584839
[2025.06.22-21.07.03:951][857]LogBlueprintUserMessages: [Stanok_2] 73.895111
[2025.06.22-21.07.03:960][858]LogBlueprintUserMessages: [Stanok_2] 74.205368
[2025.06.22-21.07.03:968][859]LogBlueprintUserMessages: [Stanok_2] 74.515656
[2025.06.22-21.07.03:977][860]LogBlueprintUserMessages: [Stanok_2] 74.825912
[2025.06.22-21.07.03:987][861]LogBlueprintUserMessages: [Stanok_2] 75.136185
[2025.06.22-21.07.03:994][862]LogBlueprintUserMessages: [Stanok_2] 75.446457
[2025.06.22-21.07.04:002][863]LogBlueprintUserMessages: [Stanok_2] 75.756714
[2025.06.22-21.07.04:010][864]LogBlueprintUserMessages: [Stanok_2] 76.066986
[2025.06.22-21.07.04:018][865]LogBlueprintUserMessages: [Stanok_2] 76.377258
[2025.06.22-21.07.04:027][866]LogBlueprintUserMessages: [Stanok_2] 76.687531
[2025.06.22-21.07.04:035][867]LogBlueprintUserMessages: [Stanok_2] 76.997803
[2025.06.22-21.07.04:043][868]LogBlueprintUserMessages: [Stanok_2] 77.308075
[2025.06.22-21.07.04:052][869]LogBlueprintUserMessages: [Stanok_2] 77.618347
[2025.06.22-21.07.04:060][870]LogBlueprintUserMessages: [Stanok_2] 77.928589
[2025.06.22-21.07.04:068][871]LogBlueprintUserMessages: [Stanok_2] 78.238892
[2025.06.22-21.07.04:077][872]LogBlueprintUserMessages: [Stanok_2] 78.549133
[2025.06.22-21.07.04:085][873]LogBlueprintUserMessages: [Stanok_2] 78.859406
[2025.06.22-21.07.04:093][874]LogBlueprintUserMessages: [Stanok_2] 79.169678
[2025.06.22-21.07.04:102][875]LogBlueprintUserMessages: [Stanok_2] 79.47995
[2025.06.22-21.07.04:110][876]LogBlueprintUserMessages: [Stanok_2] 79.790222
[2025.06.22-21.07.04:118][877]LogBlueprintUserMessages: [Stanok_2] 80.100494
[2025.06.22-21.07.04:126][878]LogBlueprintUserMessages: [Stanok_2] 80.410767
[2025.06.22-21.07.04:135][879]LogBlueprintUserMessages: [Stanok_2] 80.721039
[2025.06.22-21.07.04:143][880]LogBlueprintUserMessages: [Stanok_2] 81.031281
[2025.06.22-21.07.04:152][881]LogBlueprintUserMessages: [Stanok_2] 81.341583
[2025.06.22-21.07.04:160][882]LogBlueprintUserMessages: [Stanok_2] 81.651825
[2025.06.22-21.07.04:168][883]LogBlueprintUserMessages: [Stanok_2] 81.962097
[2025.06.22-21.07.04:177][884]LogBlueprintUserMessages: [Stanok_2] 82.272369
[2025.06.22-21.07.04:186][885]LogBlueprintUserMessages: [Stanok_2] 82.582642
[2025.06.22-21.07.04:194][886]LogBlueprintUserMessages: [Stanok_2] 82.892914
[2025.06.22-21.07.04:201][887]LogBlueprintUserMessages: [Stanok_2] 83.203186
[2025.06.22-21.07.04:210][888]LogBlueprintUserMessages: [Stanok_2] 83.513458
[2025.06.22-21.07.04:218][889]LogBlueprintUserMessages: [Stanok_2] 83.8237
[2025.06.22-21.07.04:227][890]LogBlueprintUserMessages: [Stanok_2] 84.133972
[2025.06.22-21.07.04:234][891]LogBlueprintUserMessages: [Stanok_2] 84.444275
[2025.06.22-21.07.04:243][892]LogBlueprintUserMessages: [Stanok_2] 84.754517
[2025.06.22-21.07.04:252][893]LogBlueprintUserMessages: [Stanok_2] 85.064789
[2025.06.22-21.07.04:260][894]LogBlueprintUserMessages: [Stanok_2] 85.375061
[2025.06.22-21.07.04:268][895]LogBlueprintUserMessages: [Stanok_2] 85.685333
[2025.06.22-21.07.04:277][896]LogBlueprintUserMessages: [Stanok_2] 85.995605
[2025.06.22-21.07.04:285][897]LogBlueprintUserMessages: [Stanok_2] 86.305878
[2025.06.22-21.07.04:293][898]LogBlueprintUserMessages: [Stanok_2] 86.61615
[2025.06.22-21.07.04:302][899]LogBlueprintUserMessages: [Stanok_2] 86.926392
[2025.06.22-21.07.04:312][900]LogBlueprintUserMessages: [Stanok_2] 87.236694
[2025.06.22-21.07.04:318][901]LogBlueprintUserMessages: [Stanok_2] 87.546936
[2025.06.22-21.07.04:326][902]LogBlueprintUserMessages: [Stanok_2] 87.857208
[2025.06.22-21.07.04:335][903]LogBlueprintUserMessages: [Stanok_2] 88.16748
[2025.06.22-21.07.04:343][904]LogBlueprintUserMessages: [Stanok_2] 88.477753
[2025.06.22-21.07.04:352][905]LogBlueprintUserMessages: [Stanok_2] 88.788025
[2025.06.22-21.07.04:360][906]LogBlueprintUserMessages: [Stanok_2] 89.098297
[2025.06.22-21.07.04:369][907]LogBlueprintUserMessages: [Stanok_2] 89.408569
[2025.06.22-21.07.04:377][908]LogBlueprintUserMessages: [Stanok_2] 89.718842
[2025.06.22-21.07.04:385][909]LogBlueprintUserMessages: [Stanok_2] 90.029083
[2025.06.22-21.07.04:393][910]LogBlueprintUserMessages: [Stanok_2] 90.339386
[2025.06.22-21.07.04:402][911]LogBlueprintUserMessages: [Stanok_2] 90.649628
[2025.06.22-21.07.04:410][912]LogBlueprintUserMessages: [Stanok_2] 90.9599
[2025.06.22-21.07.04:419][913]LogBlueprintUserMessages: [Stanok_2] 91.270172
[2025.06.22-21.07.04:427][914]LogBlueprintUserMessages: [Stanok_2] 91.580444
[2025.06.22-21.07.04:434][915]LogBlueprintUserMessages: [Stanok_2] 91.890717
[2025.06.22-21.07.04:444][916]LogBlueprintUserMessages: [Stanok_2] 92.200989
[2025.06.22-21.07.04:451][917]LogBlueprintUserMessages: [Stanok_2] 92.511261
[2025.06.22-21.07.04:460][918]LogBlueprintUserMessages: [Stanok_2] 92.821503
[2025.06.22-21.07.04:468][919]LogBlueprintUserMessages: [Stanok_2] 93.131775
[2025.06.22-21.07.04:476][920]LogBlueprintUserMessages: [Stanok_2] 93.442078
[2025.06.22-21.07.04:486][921]LogBlueprintUserMessages: [Stanok_2] 93.752319
[2025.06.22-21.07.04:494][922]LogBlueprintUserMessages: [Stanok_2] 94.062592
[2025.06.22-21.07.04:501][923]LogBlueprintUserMessages: [Stanok_2] 94.372864
[2025.06.22-21.07.04:510][924]LogBlueprintUserMessages: [Stanok_2] 94.683136
[2025.06.22-21.07.04:518][925]LogBlueprintUserMessages: [Stanok_2] 94.993408
[2025.06.22-21.07.04:527][926]LogBlueprintUserMessages: [Stanok_2] 95.30368
[2025.06.22-21.07.04:535][927]LogBlueprintUserMessages: [Stanok_2] 95.613953
[2025.06.22-21.07.04:546][928]LogBlueprintUserMessages: [Stanok_2] 95.924194
[2025.06.22-21.07.04:551][929]LogBlueprintUserMessages: [Stanok_2] 96.234497
[2025.06.22-21.07.04:560][930]LogBlueprintUserMessages: [Stanok_2] 96.544739
[2025.06.22-21.07.04:568][931]LogBlueprintUserMessages: [Stanok_2] 96.855011
[2025.06.22-21.07.04:577][932]LogBlueprintUserMessages: [Stanok_2] 97.165283
[2025.06.22-21.07.04:584][933]LogBlueprintUserMessages: [Stanok_2] 97.475555
[2025.06.22-21.07.04:593][934]LogBlueprintUserMessages: [Stanok_2] 97.785828
[2025.06.22-21.07.04:602][935]LogBlueprintUserMessages: [Stanok_2] 98.0961
[2025.06.22-21.07.04:610][936]LogBlueprintUserMessages: [Stanok_2] 98.406372
[2025.06.22-21.07.04:618][937]LogBlueprintUserMessages: [Stanok_2] 98.716644
[2025.06.22-21.07.04:627][938]LogBlueprintUserMessages: [Stanok_2] 99.026886
[2025.06.22-21.07.04:637][939]LogBlueprintUserMessages: [Stanok_2] 99.337189
[2025.06.22-21.07.04:643][940]LogBlueprintUserMessages: [Stanok_2] 99.64743
[2025.06.22-21.07.04:651][941]LogBlueprintUserMessages: [Stanok_2] 99.957703
[2025.06.22-21.07.04:660][942]LogBlueprintUserMessages: [Stanok_2] 100.267975
[2025.06.22-21.07.04:668][943]LogBlueprintUserMessages: [Stanok_2] 100.578247
[2025.06.22-21.07.04:677][944]LogBlueprintUserMessages: [Stanok_2] 100.888519
[2025.06.22-21.07.04:684][945]LogBlueprintUserMessages: [Stanok_2] 101.198792
[2025.06.22-21.07.04:694][946]LogBlueprintUserMessages: [Stanok_2] 101.509064
[2025.06.22-21.07.04:702][947]LogBlueprintUserMessages: [Stanok_2] 101.819305
[2025.06.22-21.07.04:710][948]LogBlueprintUserMessages: [Stanok_2] 102.129578
[2025.06.22-21.07.04:718][949]LogBlueprintUserMessages: [Stanok_2] 102.43988
[2025.06.22-21.07.04:726][950]LogBlueprintUserMessages: [Stanok_2] 102.750122
[2025.06.22-21.07.04:735][951]LogBlueprintUserMessages: [Stanok_2] 103.060394
[2025.06.22-21.07.04:744][952]LogBlueprintUserMessages: [Stanok_2] 103.370667
[2025.06.22-21.07.04:752][953]LogBlueprintUserMessages: [Stanok_2] 103.680939
[2025.06.22-21.07.04:760][954]LogBlueprintUserMessages: [Stanok_2] 103.991211
[2025.06.22-21.07.04:769][955]LogBlueprintUserMessages: [Stanok_2] 104.301483
[2025.06.22-21.07.04:776][956]LogBlueprintUserMessages: [Stanok_2] 104.611755
[2025.06.22-21.07.04:785][957]LogBlueprintUserMessages: [Stanok_2] 104.921997
[2025.06.22-21.07.04:794][958]LogBlueprintUserMessages: [Stanok_2] 105.2323
[2025.06.22-21.07.04:801][959]LogBlueprintUserMessages: [Stanok_2] 105.542542
[2025.06.22-21.07.04:810][960]LogBlueprintUserMessages: [Stanok_2] 105.852814
[2025.06.22-21.07.04:819][961]LogBlueprintUserMessages: [Stanok_2] 106.163086
[2025.06.22-21.07.04:827][962]LogBlueprintUserMessages: [Stanok_2] 106.473358
[2025.06.22-21.07.04:834][963]LogBlueprintUserMessages: [Stanok_2] 106.78363
[2025.06.22-21.07.04:844][964]LogBlueprintUserMessages: [Stanok_2] 107.093903
[2025.06.22-21.07.04:852][965]LogBlueprintUserMessages: [Stanok_2] 107.404175
[2025.06.22-21.07.04:860][966]LogBlueprintUserMessages: [Stanok_2] 107.714447
[2025.06.22-21.07.04:869][967]LogBlueprintUserMessages: [Stanok_2] 108.024689
[2025.06.22-21.07.04:877][968]LogBlueprintUserMessages: [Stanok_2] 108.334991
[2025.06.22-21.07.04:885][969]LogBlueprintUserMessages: [Stanok_2] 108.645233
[2025.06.22-21.07.04:894][970]LogBlueprintUserMessages: [Stanok_2] 108.955505
[2025.06.22-21.07.04:902][971]LogBlueprintUserMessages: [Stanok_2] 109.265778
[2025.06.22-21.07.04:910][972]LogBlueprintUserMessages: [Stanok_2] 109.57605
[2025.06.22-21.07.04:919][973]LogBlueprintUserMessages: [Stanok_2] 109.886322
[2025.06.22-21.07.04:927][974]LogBlueprintUserMessages: [Stanok_2] 110.196594
[2025.06.22-21.07.04:935][975]LogBlueprintUserMessages: [Stanok_2] 110.506866
[2025.06.22-21.07.04:943][976]LogBlueprintUserMessages: [Stanok_2] 110.817108
[2025.06.22-21.07.04:952][977]LogBlueprintUserMessages: [Stanok_2] 111.12738
[2025.06.22-21.07.04:960][978]LogBlueprintUserMessages: [Stanok_2] 111.437683
[2025.06.22-21.07.04:969][979]LogBlueprintUserMessages: [Stanok_2] 111.747925
[2025.06.22-21.07.04:977][980]LogBlueprintUserMessages: [Stanok_2] 112.058197
[2025.06.22-21.07.04:985][981]LogBlueprintUserMessages: [Stanok_2] 112.368469
[2025.06.22-21.07.04:993][982]LogBlueprintUserMessages: [Stanok_2] 112.678741
[2025.06.22-21.07.05:002][983]LogBlueprintUserMessages: [Stanok_2] 112.989014
[2025.06.22-21.07.05:010][984]LogBlueprintUserMessages: [Stanok_2] 113.299286
[2025.06.22-21.07.05:019][985]LogBlueprintUserMessages: [Stanok_2] 113.609558
[2025.06.22-21.07.05:027][986]LogBlueprintUserMessages: [Stanok_2] 113.9198
[2025.06.22-21.07.05:034][987]LogBlueprintUserMessages: [Stanok_2] 114.230103
[2025.06.22-21.07.05:044][988]LogBlueprintUserMessages: [Stanok_2] 114.540344
[2025.06.22-21.07.05:051][989]LogBlueprintUserMessages: [Stanok_2] 114.850616
[2025.06.22-21.07.05:060][990]LogBlueprintUserMessages: [Stanok_2] 115.160889
[2025.06.22-21.07.05:068][991]LogBlueprintUserMessages: [Stanok_2] 115.471161
[2025.06.22-21.07.05:077][992]LogBlueprintUserMessages: [Stanok_2] 115.781433
[2025.06.22-21.07.05:086][993]LogBlueprintUserMessages: [Stanok_2] 116.091705
[2025.06.22-21.07.05:094][994]LogBlueprintUserMessages: [Stanok_2] 116.401978
[2025.06.22-21.07.05:102][995]LogBlueprintUserMessages: [Stanok_2] 116.71225
[2025.06.22-21.07.05:110][996]LogBlueprintUserMessages: [Stanok_2] 117.022491
[2025.06.22-21.07.05:119][997]LogBlueprintUserMessages: [Stanok_2] 117.332794
[2025.06.22-21.07.05:127][998]LogBlueprintUserMessages: [Stanok_2] 117.643036
[2025.06.22-21.07.05:135][999]LogBlueprintUserMessages: [Stanok_2] 117.953308
[2025.06.22-21.07.05:144][  0]LogBlueprintUserMessages: [Stanok_2] 118.26358
[2025.06.22-21.07.05:152][  1]LogBlueprintUserMessages: [Stanok_2] 118.573853
[2025.06.22-21.07.05:160][  2]LogBlueprintUserMessages: [Stanok_2] 118.884125
[2025.06.22-21.07.05:168][  3]LogBlueprintUserMessages: [Stanok_2] 119.194397
[2025.06.22-21.07.05:178][  4]LogBlueprintUserMessages: [Stanok_2] 119.504669
[2025.06.22-21.07.05:185][  5]LogBlueprintUserMessages: [Stanok_2] 119.814911
[2025.06.22-21.07.05:193][  6]LogBlueprintUserMessages: [Stanok_2] 120.125183
[2025.06.22-21.07.05:202][  7]LogBlueprintUserMessages: [Stanok_2] 120.435486
[2025.06.22-21.07.05:210][  8]LogBlueprintUserMessages: [Stanok_2] 120.745728
[2025.06.22-21.07.05:218][  9]LogBlueprintUserMessages: [Stanok_2] 121.056
[2025.06.22-21.07.05:227][ 10]LogBlueprintUserMessages: [Stanok_2] 121.366272
[2025.06.22-21.07.05:234][ 11]LogBlueprintUserMessages: [Stanok_2] 121.676544
[2025.06.22-21.07.05:244][ 12]LogBlueprintUserMessages: [Stanok_2] 121.986816
[2025.06.22-21.07.05:252][ 13]LogBlueprintUserMessages: [Stanok_2] 122.297089
[2025.06.22-21.07.05:260][ 14]LogBlueprintUserMessages: [Stanok_2] 122.607361
[2025.06.22-21.07.05:269][ 15]LogBlueprintUserMessages: [Stanok_2] 122.917603
[2025.06.22-21.07.05:277][ 16]LogBlueprintUserMessages: [Stanok_2] 123.227905
[2025.06.22-21.07.05:284][ 17]LogBlueprintUserMessages: [Stanok_2] 123.538147
[2025.06.22-21.07.05:293][ 18]LogBlueprintUserMessages: [Stanok_2] 123.848419
[2025.06.22-21.07.05:302][ 19]LogBlueprintUserMessages: [Stanok_2] 124.158691
[2025.06.22-21.07.05:310][ 20]LogBlueprintUserMessages: [Stanok_2] 124.468964
[2025.06.22-21.07.05:319][ 21]LogBlueprintUserMessages: [Stanok_2] 124.779236
[2025.06.22-21.07.05:327][ 22]LogBlueprintUserMessages: [Stanok_2] 125.089508
[2025.06.22-21.07.05:335][ 23]LogBlueprintUserMessages: [Stanok_2] 125.39978
[2025.06.22-21.07.05:343][ 24]LogBlueprintUserMessages: [Stanok_2] 125.710052
[2025.06.22-21.07.05:352][ 25]LogBlueprintUserMessages: [Stanok_2] 126.020294
[2025.06.22-21.07.05:360][ 26]LogBlueprintUserMessages: [Stanok_2] 126.330597
[2025.06.22-21.07.05:369][ 27]LogBlueprintUserMessages: [Stanok_2] 126.640839
[2025.06.22-21.07.05:377][ 28]LogBlueprintUserMessages: [Stanok_2] 126.951111
[2025.06.22-21.07.05:384][ 29]LogBlueprintUserMessages: [Stanok_2] 127.261383
[2025.06.22-21.07.05:394][ 30]LogBlueprintUserMessages: [Stanok_2] 127.571655
[2025.06.22-21.07.05:401][ 31]LogBlueprintUserMessages: [Stanok_2] 127.881927
[2025.06.22-21.07.05:410][ 32]LogBlueprintUserMessages: [Stanok_2] 128.1922
[2025.06.22-21.07.05:419][ 33]LogBlueprintUserMessages: [Stanok_2] 128.502472
[2025.06.22-21.07.05:427][ 34]LogBlueprintUserMessages: [Stanok_2] 128.812714
[2025.06.22-21.07.05:434][ 35]LogBlueprintUserMessages: [Stanok_2] 129.122986
[2025.06.22-21.07.05:444][ 36]LogBlueprintUserMessages: [Stanok_2] 129.433289
[2025.06.22-21.07.05:451][ 37]LogBlueprintUserMessages: [Stanok_2] 129.74353
[2025.06.22-21.07.05:460][ 38]LogBlueprintUserMessages: [Stanok_2] 130.053802
[2025.06.22-21.07.05:469][ 39]LogBlueprintUserMessages: [Stanok_2] 130.364075
[2025.06.22-21.07.05:476][ 40]LogBlueprintUserMessages: [Stanok_2] 130.674347
[2025.06.22-21.07.05:485][ 41]LogBlueprintUserMessages: [Stanok_2] 130.984619
[2025.06.22-21.07.05:494][ 42]LogBlueprintUserMessages: [Stanok_2] 131.294891
[2025.06.22-21.07.05:502][ 43]LogBlueprintUserMessages: [Stanok_2] 131.605164
[2025.06.22-21.07.05:510][ 44]LogBlueprintUserMessages: [Stanok_2] 131.915405
[2025.06.22-21.07.05:519][ 45]LogBlueprintUserMessages: [Stanok_2] 132.225708
[2025.06.22-21.07.05:527][ 46]LogBlueprintUserMessages: [Stanok_2] 132.53595
[2025.06.22-21.07.05:534][ 47]LogBlueprintUserMessages: [Stanok_2] 132.846222
[2025.06.22-21.07.05:544][ 48]LogBlueprintUserMessages: [Stanok_2] 133.156494
[2025.06.22-21.07.05:552][ 49]LogBlueprintUserMessages: [Stanok_2] 133.466766
[2025.06.22-21.07.05:560][ 50]LogBlueprintUserMessages: [Stanok_2] 133.777039
[2025.06.22-21.07.05:569][ 51]LogBlueprintUserMessages: [Stanok_2] 134.087311
[2025.06.22-21.07.05:577][ 52]LogBlueprintUserMessages: [Stanok_2] 134.397583
[2025.06.22-21.07.05:585][ 53]LogBlueprintUserMessages: [Stanok_2] 134.707855
[2025.06.22-21.07.05:593][ 54]LogBlueprintUserMessages: [Stanok_2] 135.018097
[2025.06.22-21.07.05:602][ 55]LogBlueprintUserMessages: [Stanok_2] 135.3284
[2025.06.22-21.07.05:610][ 56]LogBlueprintUserMessages: [Stanok_2] 135.638641
[2025.06.22-21.07.05:619][ 57]LogBlueprintUserMessages: [Stanok_2] 135.948914
[2025.06.22-21.07.05:627][ 58]LogBlueprintUserMessages: [Stanok_2] 136.259186
[2025.06.22-21.07.05:636][ 59]LogBlueprintUserMessages: [Stanok_2] 136.569458
[2025.06.22-21.07.05:643][ 60]LogBlueprintUserMessages: [Stanok_2] 136.87973
[2025.06.22-21.07.05:652][ 61]LogBlueprintUserMessages: [Stanok_2] 137.190002
[2025.06.22-21.07.05:661][ 62]LogBlueprintUserMessages: [Stanok_2] 137.500275
[2025.06.22-21.07.05:668][ 63]LogBlueprintUserMessages: [Stanok_2] 137.810516
[2025.06.22-21.07.05:677][ 64]LogBlueprintUserMessages: [Stanok_2] 138.120789
[2025.06.22-21.07.05:685][ 65]LogBlueprintUserMessages: [Stanok_2] 138.431091
[2025.06.22-21.07.05:694][ 66]LogBlueprintUserMessages: [Stanok_2] 138.741333
[2025.06.22-21.07.05:701][ 67]LogBlueprintUserMessages: [Stanok_2] 139.051605
[2025.06.22-21.07.05:710][ 68]LogBlueprintUserMessages: [Stanok_2] 139.361877
[2025.06.22-21.07.05:719][ 69]LogBlueprintUserMessages: [Stanok_2] 139.67215
[2025.06.22-21.07.05:727][ 70]LogBlueprintUserMessages: [Stanok_2] 139.982422
[2025.06.22-21.07.05:735][ 71]LogBlueprintUserMessages: [Stanok_2] 140.292694
[2025.06.22-21.07.05:744][ 72]LogBlueprintUserMessages: [Stanok_2] 140.602966
[2025.06.22-21.07.05:752][ 73]LogBlueprintUserMessages: [Stanok_2] 140.913208
[2025.06.22-21.07.05:760][ 74]LogBlueprintUserMessages: [Stanok_2] 141.223511
[2025.06.22-21.07.05:768][ 75]LogBlueprintUserMessages: [Stanok_2] 141.533752
[2025.06.22-21.07.05:777][ 76]LogBlueprintUserMessages: [Stanok_2] 141.844025
[2025.06.22-21.07.05:785][ 77]LogBlueprintUserMessages: [Stanok_2] 142.154297
[2025.06.22-21.07.05:793][ 78]LogBlueprintUserMessages: [Stanok_2] 142.464569
[2025.06.22-21.07.05:802][ 79]LogBlueprintUserMessages: [Stanok_2] 142.774841
[2025.06.22-21.07.05:810][ 80]LogBlueprintUserMessages: [Stanok_2] 143.085114
[2025.06.22-21.07.05:819][ 81]LogBlueprintUserMessages: [Stanok_2] 143.395386
[2025.06.22-21.07.05:826][ 82]LogBlueprintUserMessages: [Stanok_2] 143.705658
[2025.06.22-21.07.05:836][ 83]LogBlueprintUserMessages: [Stanok_2] 144.0159
[2025.06.22-21.07.05:844][ 84]LogBlueprintUserMessages: [Stanok_2] 144.326202
[2025.06.22-21.07.05:851][ 85]LogBlueprintUserMessages: [Stanok_2] 144.636444
[2025.06.22-21.07.05:861][ 86]LogBlueprintUserMessages: [Stanok_2] 144.946716
[2025.06.22-21.07.05:868][ 87]LogBlueprintUserMessages: [Stanok_2] 145.256989
[2025.06.22-21.07.05:877][ 88]LogBlueprintUserMessages: [Stanok_2] 145.567261
[2025.06.22-21.07.05:884][ 89]LogBlueprintUserMessages: [Stanok_2] 145.877533
[2025.06.22-21.07.05:894][ 90]LogBlueprintUserMessages: [Stanok_2] 146.187805
[2025.06.22-21.07.05:902][ 91]LogBlueprintUserMessages: [Stanok_2] 146.498077
[2025.06.22-21.07.05:910][ 92]LogBlueprintUserMessages: [Stanok_2] 146.808319
[2025.06.22-21.07.05:919][ 93]LogBlueprintUserMessages: [Stanok_2] 147.118591
[2025.06.22-21.07.05:927][ 94]LogBlueprintUserMessages: [Stanok_2] 147.428894
[2025.06.22-21.07.05:936][ 95]LogBlueprintUserMessages: [Stanok_2] 147.739136
[2025.06.22-21.07.05:944][ 96]LogBlueprintUserMessages: [Stanok_2] 148.049408
[2025.06.22-21.07.05:952][ 97]LogBlueprintUserMessages: [Stanok_2] 148.35968
[2025.06.22-21.07.05:960][ 98]LogBlueprintUserMessages: [Stanok_2] 148.669952
[2025.06.22-21.07.05:968][ 99]LogBlueprintUserMessages: [Stanok_2] 148.980225
[2025.06.22-21.07.05:977][100]LogBlueprintUserMessages: [Stanok_2] 149.290497
[2025.06.22-21.07.05:985][101]LogBlueprintUserMessages: [Stanok_2] 149.600769
[2025.06.22-21.07.05:993][102]LogBlueprintUserMessages: [Stanok_2] 149.911011
[2025.06.22-21.07.06:002][103]LogBlueprintUserMessages: [Stanok_2] 150.221313
[2025.06.22-21.07.06:010][104]LogBlueprintUserMessages: [Stanok_2] 150.531555
[2025.06.22-21.07.06:018][105]LogBlueprintUserMessages: [Stanok_2] 150.841827
[2025.06.22-21.07.06:027][106]LogBlueprintUserMessages: [Stanok_2] 151.1521
[2025.06.22-21.07.06:034][107]LogBlueprintUserMessages: [Stanok_2] 151.462372
[2025.06.22-21.07.06:043][108]LogBlueprintUserMessages: [Stanok_2] 151.772644
[2025.06.22-21.07.06:052][109]LogBlueprintUserMessages: [Stanok_2] 152.082916
[2025.06.22-21.07.06:060][110]LogBlueprintUserMessages: [Stanok_2] 152.393188
[2025.06.22-21.07.06:069][111]LogBlueprintUserMessages: [Stanok_2] 152.703461
[2025.06.22-21.07.06:077][112]LogBlueprintUserMessages: [Stanok_2] 153.013702
[2025.06.22-21.07.06:084][113]LogBlueprintUserMessages: [Stanok_2] 153.324005
[2025.06.22-21.07.06:094][114]LogBlueprintUserMessages: [Stanok_2] 153.634247
[2025.06.22-21.07.06:102][115]LogBlueprintUserMessages: [Stanok_2] 153.944519
[2025.06.22-21.07.06:110][116]LogBlueprintUserMessages: [Stanok_2] 154.254791
[2025.06.22-21.07.06:118][117]LogBlueprintUserMessages: [Stanok_2] 154.565063
[2025.06.22-21.07.06:127][118]LogBlueprintUserMessages: [Stanok_2] 154.875336
[2025.06.22-21.07.06:136][119]LogBlueprintUserMessages: [Stanok_2] 155.185608
[2025.06.22-21.07.06:144][120]LogBlueprintUserMessages: [Stanok_2] 155.49588
[2025.06.22-21.07.06:152][121]LogBlueprintUserMessages: [Stanok_2] 155.806122
[2025.06.22-21.07.06:161][122]LogBlueprintUserMessages: [Stanok_2] 156.116394
[2025.06.22-21.07.06:168][123]LogBlueprintUserMessages: [Stanok_2] 156.426697
[2025.06.22-21.07.06:177][124]LogBlueprintUserMessages: [Stanok_2] 156.736938
[2025.06.22-21.07.06:185][125]LogBlueprintUserMessages: [Stanok_2] 157.047211
[2025.06.22-21.07.06:193][126]LogBlueprintUserMessages: [Stanok_2] 157.357483
[2025.06.22-21.07.06:202][127]LogBlueprintUserMessages: [Stanok_2] 157.667755
[2025.06.22-21.07.06:210][128]LogBlueprintUserMessages: [Stanok_2] 157.978027
[2025.06.22-21.07.06:219][129]LogBlueprintUserMessages: [Stanok_2] 158.2883
[2025.06.22-21.07.06:227][130]LogBlueprintUserMessages: [Stanok_2] 158.598572
[2025.06.22-21.07.06:234][131]LogBlueprintUserMessages: [Stanok_2] 158.908813
[2025.06.22-21.07.06:243][132]LogBlueprintUserMessages: [Stanok_2] 159.219116
[2025.06.22-21.07.06:252][133]LogBlueprintUserMessages: [Stanok_2] 159.529358
[2025.06.22-21.07.06:260][134]LogBlueprintUserMessages: [Stanok_2] 159.83963
[2025.06.22-21.07.06:269][135]LogBlueprintUserMessages: [Stanok_2] 160.149902
[2025.06.22-21.07.06:276][136]LogBlueprintUserMessages: [Stanok_2] 160.460175
[2025.06.22-21.07.06:284][137]LogBlueprintUserMessages: [Stanok_2] 160.770447
[2025.06.22-21.07.06:293][138]LogBlueprintUserMessages: [Stanok_2] 161.080719
[2025.06.22-21.07.06:302][139]LogBlueprintUserMessages: [Stanok_2] 161.390991
[2025.06.22-21.07.06:310][140]LogBlueprintUserMessages: [Stanok_2] 161.701263
[2025.06.22-21.07.06:319][141]LogBlueprintUserMessages: [Stanok_2] 162.011505
[2025.06.22-21.07.06:327][142]LogBlueprintUserMessages: [Stanok_2] 162.321808
[2025.06.22-21.07.06:335][143]LogBlueprintUserMessages: [Stanok_2] 162.63205
[2025.06.22-21.07.06:344][144]LogBlueprintUserMessages: [Stanok_2] 162.942322
[2025.06.22-21.07.06:352][145]LogBlueprintUserMessages: [Stanok_2] 163.252594
[2025.06.22-21.07.06:360][146]LogBlueprintUserMessages: [Stanok_2] 163.562866
[2025.06.22-21.07.06:368][147]LogBlueprintUserMessages: [Stanok_2] 163.873138
[2025.06.22-21.07.06:377][148]LogBlueprintUserMessages: [Stanok_2] 164.183411
[2025.06.22-21.07.06:384][149]LogBlueprintUserMessages: [Stanok_2] 164.493683
[2025.06.22-21.07.06:393][150]LogBlueprintUserMessages: [Stanok_2] 164.803925
[2025.06.22-21.07.06:402][151]LogBlueprintUserMessages: [Stanok_2] 165.114197
[2025.06.22-21.07.06:410][152]LogBlueprintUserMessages: [Stanok_2] 165.4245
[2025.06.22-21.07.06:419][153]LogBlueprintUserMessages: [Stanok_2] 165.734741
[2025.06.22-21.07.06:427][154]LogBlueprintUserMessages: [Stanok_2] 166.045013
[2025.06.22-21.07.06:435][155]LogBlueprintUserMessages: [Stanok_2] 166.355286
[2025.06.22-21.07.06:443][156]LogBlueprintUserMessages: [Stanok_2] 166.665558
[2025.06.22-21.07.06:452][157]LogBlueprintUserMessages: [Stanok_2] 166.97583
[2025.06.22-21.07.06:460][158]LogBlueprintUserMessages: [Stanok_2] 167.286102
[2025.06.22-21.07.06:468][159]LogBlueprintUserMessages: [Stanok_2] 167.596375
[2025.06.22-21.07.06:477][160]LogBlueprintUserMessages: [Stanok_2] 167.906616
[2025.06.22-21.07.06:484][161]LogBlueprintUserMessages: [Stanok_2] 168.216919
[2025.06.22-21.07.06:494][162]LogBlueprintUserMessages: [Stanok_2] 168.527161
[2025.06.22-21.07.06:502][163]LogBlueprintUserMessages: [Stanok_2] 168.837433
[2025.06.22-21.07.06:510][164]LogBlueprintUserMessages: [Stanok_2] 169.147705
[2025.06.22-21.07.06:519][165]LogBlueprintUserMessages: [Stanok_2] 169.457977
[2025.06.22-21.07.06:527][166]LogBlueprintUserMessages: [Stanok_2] 169.76825
[2025.06.22-21.07.06:534][167]LogBlueprintUserMessages: [Stanok_2] 170.078522
[2025.06.22-21.07.06:544][168]LogBlueprintUserMessages: [Stanok_2] 170.388794
[2025.06.22-21.07.06:552][169]LogBlueprintUserMessages: [Stanok_2] 170.699066
[2025.06.22-21.07.06:560][170]LogBlueprintUserMessages: [Stanok_2] 171.009308
[2025.06.22-21.07.06:569][171]LogBlueprintUserMessages: [Stanok_2] 171.319611
[2025.06.22-21.07.06:577][172]LogBlueprintUserMessages: [Stanok_2] 171.629852
[2025.06.22-21.07.06:586][173]LogBlueprintUserMessages: [Stanok_2] 171.940125
[2025.06.22-21.07.06:593][174]LogBlueprintUserMessages: [Stanok_2] 172.250397
[2025.06.22-21.07.06:602][175]LogBlueprintUserMessages: [Stanok_2] 172.560669
[2025.06.22-21.07.06:610][176]LogBlueprintUserMessages: [Stanok_2] 172.870941
[2025.06.22-21.07.06:619][177]LogBlueprintUserMessages: [Stanok_2] 173.181213
[2025.06.22-21.07.06:627][178]LogBlueprintUserMessages: [Stanok_2] 173.491486
[2025.06.22-21.07.06:635][179]LogBlueprintUserMessages: [Stanok_2] 173.801727
[2025.06.22-21.07.06:643][180]LogBlueprintUserMessages: [Stanok_2] 174.112
[2025.06.22-21.07.06:652][181]LogBlueprintUserMessages: [Stanok_2] 174.422302
[2025.06.22-21.07.06:660][182]LogBlueprintUserMessages: [Stanok_2] 174.732544
[2025.06.22-21.07.06:669][183]LogBlueprintUserMessages: [Stanok_2] 175.042816
[2025.06.22-21.07.06:676][184]LogBlueprintUserMessages: [Stanok_2] 175.353088
[2025.06.22-21.07.06:685][185]LogBlueprintUserMessages: [Stanok_2] 175.663361
[2025.06.22-21.07.06:693][186]LogBlueprintUserMessages: [Stanok_2] 175.973633
[2025.06.22-21.07.06:702][187]LogBlueprintUserMessages: [Stanok_2] 176.283905
[2025.06.22-21.07.06:710][188]LogBlueprintUserMessages: [Stanok_2] 176.594177
[2025.06.22-21.07.06:718][189]LogBlueprintUserMessages: [Stanok_2] 176.904419
[2025.06.22-21.07.06:727][190]LogBlueprintUserMessages: [Stanok_2] 177.214722
[2025.06.22-21.07.06:734][191]LogBlueprintUserMessages: [Stanok_2] 177.524963
[2025.06.22-21.07.06:744][192]LogBlueprintUserMessages: [Stanok_2] 177.835236
[2025.06.22-21.07.06:751][193]LogBlueprintUserMessages: [Stanok_2] 178.145508
[2025.06.22-21.07.06:760][194]LogBlueprintUserMessages: [Stanok_2] 178.45578
[2025.06.22-21.07.06:769][195]LogBlueprintUserMessages: [Stanok_2] 178.766052
[2025.06.22-21.07.06:777][196]LogBlueprintUserMessages: [Stanok_2] 179.076324
[2025.06.22-21.07.06:784][197]LogBlueprintUserMessages: [Stanok_2] 179.386597
[2025.06.22-21.07.06:794][198]LogBlueprintUserMessages: [Stanok_2] 179.696869
[2025.06.22-21.07.06:802][199]LogBlueprintUserMessages: [Stanok_2] 180.007111
[2025.06.22-21.07.06:811][200]LogBlueprintUserMessages: [Stanok_2] 180.317413
[2025.06.22-21.07.06:818][201]LogBlueprintUserMessages: [Stanok_2] 180.627686
[2025.06.22-21.07.06:827][202]LogBlueprintUserMessages: [Stanok_2] 180.937927
[2025.06.22-21.07.06:835][203]LogBlueprintUserMessages: [Stanok_2] 181.248199
[2025.06.22-21.07.06:843][204]LogBlueprintUserMessages: [Stanok_2] 181.558472
[2025.06.22-21.07.06:852][205]LogBlueprintUserMessages: [Stanok_2] 181.868744
[2025.06.22-21.07.06:860][206]LogBlueprintUserMessages: [Stanok_2] 182.179016
[2025.06.22-21.07.06:868][207]LogBlueprintUserMessages: [Stanok_2] 182.489258
[2025.06.22-21.07.06:877][208]LogBlueprintUserMessages: [Stanok_2] 182.79953
[2025.06.22-21.07.06:885][209]LogBlueprintUserMessages: [Stanok_2] 183.109802
[2025.06.22-21.07.06:893][210]LogBlueprintUserMessages: [Stanok_2] 183.420105
[2025.06.22-21.07.06:902][211]LogBlueprintUserMessages: [Stanok_2] 183.730377
[2025.06.22-21.07.06:910][212]LogBlueprintUserMessages: [Stanok_2] 184.040619
[2025.06.22-21.07.06:919][213]LogBlueprintUserMessages: [Stanok_2] 184.350891
[2025.06.22-21.07.06:927][214]LogBlueprintUserMessages: [Stanok_2] 184.661163
[2025.06.22-21.07.06:934][215]LogBlueprintUserMessages: [Stanok_2] 184.971436
[2025.06.22-21.07.06:944][216]LogBlueprintUserMessages: [Stanok_2] 184.971436
[2025.06.22-21.07.06:951][217]LogBlueprintUserMessages: [Stanok_2] 184.971436
[2025.06.22-21.07.06:960][218]LogBlueprintUserMessages: [Stanok_2] 184.971436
[2025.06.22-21.07.06:969][219]LogBlueprintUserMessages: [Stanok_2] 184.971436
[2025.06.22-21.07.06:976][220]LogBlueprintUserMessages: [Stanok_2] 184.971436
[2025.06.22-21.07.06:984][221]LogBlueprintUserMessages: [Stanok_2] 184.971436
[2025.06.22-21.07.06:994][222]LogBlueprintUserMessages: [Stanok_2] 184.971436
[2025.06.22-21.07.07:002][223]LogBlueprintUserMessages: [Stanok_2] 184.971436
[2025.06.22-21.07.07:010][224]LogBlueprintUserMessages: [Stanok_2] 184.971436
[2025.06.22-21.07.07:019][225]LogBlueprintUserMessages: [Stanok_2] 184.971436
[2025.06.22-21.07.07:026][226]LogBlueprintUserMessages: [Stanok_2] 184.971436
[2025.06.22-21.07.07:035][227]LogBlueprintUserMessages: [Stanok_2] 184.971436
[2025.06.22-21.07.07:044][228]LogBlueprintUserMessages: [Stanok_2] 184.971436
[2025.06.22-21.07.07:051][229]LogBlueprintUserMessages: [Stanok_2] 184.971436
[2025.06.22-21.07.07:060][230]LogBlueprintUserMessages: [Stanok_2] 184.971436
[2025.06.22-21.07.07:069][231]LogBlueprintUserMessages: [Stanok_2] 184.971436
[2025.06.22-21.07.07:076][232]LogBlueprintUserMessages: [Stanok_2] 184.971436
[2025.06.22-21.07.07:085][233]LogBlueprintUserMessages: [Stanok_2] 184.971436
[2025.06.22-21.07.07:093][234]LogBlueprintUserMessages: [Stanok_2] 184.971436
[2025.06.22-21.07.07:102][235]LogBlueprintUserMessages: [Stanok_2] 184.971436
[2025.06.22-21.07.07:110][236]LogBlueprintUserMessages: [Stanok_2] 184.971436
[2025.06.22-21.07.07:119][237]LogBlueprintUserMessages: [Stanok_2] 184.971436
[2025.06.22-21.07.07:127][238]LogBlueprintUserMessages: [Stanok_2] 184.971436
[2025.06.22-21.07.07:135][239]LogBlueprintUserMessages: [Stanok_2] 184.971436
[2025.06.22-21.07.07:143][240]LogBlueprintUserMessages: [Stanok_2] 184.971436
[2025.06.22-21.07.07:152][241]LogBlueprintUserMessages: [Stanok_2] 184.971436
[2025.06.22-21.07.07:160][242]LogBlueprintUserMessages: [Stanok_2] 184.971436
[2025.06.22-21.07.07:168][243]LogBlueprintUserMessages: [Stanok_2] 184.971436
[2025.06.22-21.07.07:177][244]LogBlueprintUserMessages: [Stanok_2] 184.971436
[2025.06.22-21.07.07:185][245]LogBlueprintUserMessages: [Stanok_2] 184.971436
[2025.06.22-21.07.07:193][246]LogBlueprintUserMessages: [Stanok_2] 184.971436
[2025.06.22-21.07.07:202][247]LogBlueprintUserMessages: [Stanok_2] 184.971436
[2025.06.22-21.07.07:210][248]LogBlueprintUserMessages: [Stanok_2] 184.971436
[2025.06.22-21.07.07:218][249]LogBlueprintUserMessages: [Stanok_2] 184.971436
[2025.06.22-21.07.07:227][250]LogBlueprintUserMessages: [Stanok_2] 184.971436
[2025.06.22-21.07.07:235][251]LogBlueprintUserMessages: [Stanok_2] 184.971436
[2025.06.22-21.07.07:243][252]LogBlueprintUserMessages: [Stanok_2] 184.971436
[2025.06.22-21.07.07:251][253]LogBlueprintUserMessages: [Stanok_2] 184.971436
[2025.06.22-21.07.07:260][254]LogBlueprintUserMessages: [Stanok_2] 184.971436
[2025.06.22-21.07.07:268][255]LogBlueprintUserMessages: [Stanok_2] 184.971436
[2025.06.22-21.07.07:277][256]LogBlueprintUserMessages: [Stanok_2] 184.971436
[2025.06.22-21.07.07:285][257]LogBlueprintUserMessages: [Stanok_2] 184.971436
[2025.06.22-21.07.07:293][258]LogBlueprintUserMessages: [Stanok_2] 184.971436
[2025.06.22-21.07.07:302][259]LogBlueprintUserMessages: [Stanok_2] 184.971436
[2025.06.22-21.07.07:310][260]LogBlueprintUserMessages: [Stanok_2] 184.971436
[2025.06.22-21.07.07:319][261]LogBlueprintUserMessages: [Stanok_2] 184.971436
[2025.06.22-21.07.07:327][262]LogBlueprintUserMessages: [Stanok_2] 184.971436
[2025.06.22-21.07.07:335][263]LogBlueprintUserMessages: [Stanok_2] 184.971436
[2025.06.22-21.07.07:343][264]LogBlueprintUserMessages: [Stanok_2] 184.971436
[2025.06.22-21.07.07:352][265]LogBlueprintUserMessages: [Stanok_2] 184.971436
[2025.06.22-21.07.07:360][266]LogBlueprintUserMessages: [Stanok_2] 184.971436
[2025.06.22-21.07.07:369][267]LogBlueprintUserMessages: [Stanok_2] 184.971436
[2025.06.22-21.07.07:377][268]LogBlueprintUserMessages: [Stanok_2] 184.971436
[2025.06.22-21.07.07:386][269]LogBlueprintUserMessages: [Stanok_2] 184.971436
[2025.06.22-21.07.07:394][270]LogBlueprintUserMessages: [Stanok_2] 184.971436
[2025.06.22-21.07.07:402][271]LogBlueprintUserMessages: [Stanok_2] 184.971436
[2025.06.22-21.07.07:410][272]LogBlueprintUserMessages: [Stanok_2] 184.971436
[2025.06.22-21.07.07:418][273]LogBlueprintUserMessages: [Stanok_2] 184.971436
[2025.06.22-21.07.07:427][274]LogBlueprintUserMessages: [Stanok_2] 184.971436
[2025.06.22-21.07.07:435][275]LogBlueprintUserMessages: [Stanok_2] 184.971436
[2025.06.22-21.07.07:444][276]LogBlueprintUserMessages: [Stanok_2] 184.971436
[2025.06.22-21.07.07:452][277]LogBlueprintUserMessages: [Stanok_2] 184.971436
[2025.06.22-21.07.07:460][278]LogBlueprintUserMessages: [Stanok_2] 184.971436
[2025.06.22-21.07.07:468][279]LogBlueprintUserMessages: [Stanok_2] 184.971436
[2025.06.22-21.07.07:477][280]LogBlueprintUserMessages: [Stanok_2] 184.971436
[2025.06.22-21.07.07:487][281]LogBlueprintUserMessages: [Stanok_2] 184.971436
[2025.06.22-21.07.07:494][282]LogBlueprintUserMessages: [Stanok_2] 184.971436
[2025.06.22-21.07.07:502][283]LogBlueprintUserMessages: [Stanok_2] 184.971436
[2025.06.22-21.07.07:510][284]LogBlueprintUserMessages: [Stanok_2] 184.971436
[2025.06.22-21.07.07:518][285]LogBlueprintUserMessages: [Stanok_2] 184.971436
[2025.06.22-21.07.07:527][286]LogBlueprintUserMessages: [Stanok_2] 184.971436
[2025.06.22-21.07.07:535][287]LogBlueprintUserMessages: [Stanok_2] 184.971436
[2025.06.22-21.07.07:544][288]LogBlueprintUserMessages: [Stanok_2] 184.971436
[2025.06.22-21.07.07:552][289]LogBlueprintUserMessages: [Stanok_2] 184.971436
[2025.06.22-21.07.07:560][290]LogBlueprintUserMessages: [Stanok_2] 184.971436
[2025.06.22-21.07.07:569][291]LogBlueprintUserMessages: [Stanok_2] 184.971436
[2025.06.22-21.07.07:577][292]LogBlueprintUserMessages: [Stanok_2] 184.971436
[2025.06.22-21.07.07:585][293]LogBlueprintUserMessages: [Stanok_2] 184.971436
[2025.06.22-21.07.07:593][294]LogBlueprintUserMessages: [Stanok_2] 184.971436
[2025.06.22-21.07.07:602][295]LogBlueprintUserMessages: [Stanok_2] 184.971436
[2025.06.22-21.07.07:610][296]LogBlueprintUserMessages: [Stanok_2] 184.971436
[2025.06.22-21.07.07:618][297]LogBlueprintUserMessages: [Stanok_2] 184.971436
[2025.06.22-21.07.07:626][298]LogBlueprintUserMessages: [Stanok_2] 184.971436
[2025.06.22-21.07.07:635][299]LogBlueprintUserMessages: [Stanok_2] 184.971436
[2025.06.22-21.07.07:644][300]LogBlueprintUserMessages: [Stanok_2] 184.971436
[2025.06.22-21.07.07:651][301]LogBlueprintUserMessages: [Stanok_2] 184.971436
[2025.06.22-21.07.07:660][302]LogBlueprintUserMessages: [Stanok_2] 184.971436
[2025.06.22-21.07.07:668][303]LogBlueprintUserMessages: [Stanok_2] 184.971436
[2025.06.22-21.07.07:677][304]LogBlueprintUserMessages: [Stanok_2] 184.971436
[2025.06.22-21.07.07:684][305]LogBlueprintUserMessages: [Stanok_2] 184.971436
[2025.06.22-21.07.07:693][306]LogBlueprintUserMessages: [Stanok_2] 184.971436
[2025.06.22-21.07.07:704][307]LogBlueprintUserMessages: [Stanok_2] 184.971436
[2025.06.22-21.07.07:711][308]LogBlueprintUserMessages: [Stanok_2] 184.661163
[2025.06.22-21.07.07:718][309]LogBlueprintUserMessages: [Stanok_2] 184.350891
[2025.06.22-21.07.07:727][310]LogBlueprintUserMessages: [Stanok_2] 184.040619
[2025.06.22-21.07.07:734][311]LogBlueprintUserMessages: [Stanok_2] 183.730377
[2025.06.22-21.07.07:744][312]LogBlueprintUserMessages: [Stanok_2] 183.420105
[2025.06.22-21.07.07:751][313]LogBlueprintUserMessages: [Stanok_2] 183.109802
[2025.06.22-21.07.07:760][314]LogBlueprintUserMessages: [Stanok_2] 182.79953
[2025.06.22-21.07.07:769][315]LogBlueprintUserMessages: [Stanok_2] 182.489258
[2025.06.22-21.07.07:777][316]LogBlueprintUserMessages: [Stanok_2] 182.179016
[2025.06.22-21.07.07:785][317]LogBlueprintUserMessages: [Stanok_2] 181.868744
[2025.06.22-21.07.07:793][318]LogBlueprintUserMessages: [Stanok_2] 181.558472
[2025.06.22-21.07.07:802][319]LogBlueprintUserMessages: [Stanok_2] 181.248199
[2025.06.22-21.07.07:810][320]LogBlueprintUserMessages: [Stanok_2] 180.937927
[2025.06.22-21.07.07:818][321]LogBlueprintUserMessages: [Stanok_2] 180.627686
[2025.06.22-21.07.07:826][322]LogBlueprintUserMessages: [Stanok_2] 180.317413
[2025.06.22-21.07.07:834][323]LogBlueprintUserMessages: [Stanok_2] 180.007111
[2025.06.22-21.07.07:844][324]LogBlueprintUserMessages: [Stanok_2] 179.696869
[2025.06.22-21.07.07:852][325]LogBlueprintUserMessages: [Stanok_2] 179.386597
[2025.06.22-21.07.07:860][326]LogBlueprintUserMessages: [Stanok_2] 179.076324
[2025.06.22-21.07.07:868][327]LogBlueprintUserMessages: [Stanok_2] 178.766052
[2025.06.22-21.07.07:877][328]LogBlueprintUserMessages: [Stanok_2] 178.45578
[2025.06.22-21.07.07:885][329]LogBlueprintUserMessages: [Stanok_2] 178.145508
[2025.06.22-21.07.07:893][330]LogBlueprintUserMessages: [Stanok_2] 177.835236
[2025.06.22-21.07.07:902][331]LogBlueprintUserMessages: [Stanok_2] 177.524963
[2025.06.22-21.07.07:911][332]LogBlueprintUserMessages: [Stanok_2] 177.214722
[2025.06.22-21.07.07:918][333]LogBlueprintUserMessages: [Stanok_2] 176.904419
[2025.06.22-21.07.07:927][334]LogBlueprintUserMessages: [Stanok_2] 176.594177
[2025.06.22-21.07.07:934][335]LogBlueprintUserMessages: [Stanok_2] 176.283905
[2025.06.22-21.07.07:944][336]LogBlueprintUserMessages: [Stanok_2] 175.973633
[2025.06.22-21.07.07:951][337]LogBlueprintUserMessages: [Stanok_2] 175.663361
[2025.06.22-21.07.07:960][338]LogBlueprintUserMessages: [Stanok_2] 175.353088
[2025.06.22-21.07.07:968][339]LogBlueprintUserMessages: [Stanok_2] 175.042816
[2025.06.22-21.07.07:977][340]LogBlueprintUserMessages: [Stanok_2] 174.732544
[2025.06.22-21.07.07:986][341]LogBlueprintUserMessages: [Stanok_2] 174.422302
[2025.06.22-21.07.07:994][342]LogBlueprintUserMessages: [Stanok_2] 174.112
[2025.06.22-21.07.08:001][343]LogBlueprintUserMessages: [Stanok_2] 173.801727
[2025.06.22-21.07.08:010][344]LogBlueprintUserMessages: [Stanok_2] 173.491486
[2025.06.22-21.07.08:018][345]LogBlueprintUserMessages: [Stanok_2] 173.181213
[2025.06.22-21.07.08:027][346]LogBlueprintUserMessages: [Stanok_2] 172.870941
[2025.06.22-21.07.08:035][347]LogBlueprintUserMessages: [Stanok_2] 172.560669
[2025.06.22-21.07.08:043][348]LogBlueprintUserMessages: [Stanok_2] 172.250397
[2025.06.22-21.07.08:052][349]LogBlueprintUserMessages: [Stanok_2] 171.940125
[2025.06.22-21.07.08:061][350]LogBlueprintUserMessages: [Stanok_2] 171.629852
[2025.06.22-21.07.08:068][351]LogBlueprintUserMessages: [Stanok_2] 171.319611
[2025.06.22-21.07.08:077][352]LogBlueprintUserMessages: [Stanok_2] 171.009308
[2025.06.22-21.07.08:085][353]LogBlueprintUserMessages: [Stanok_2] 170.699066
[2025.06.22-21.07.08:093][354]LogBlueprintUserMessages: [Stanok_2] 170.388794
[2025.06.22-21.07.08:102][355]LogBlueprintUserMessages: [Stanok_2] 170.078522
[2025.06.22-21.07.08:110][356]LogBlueprintUserMessages: [Stanok_2] 169.76825
[2025.06.22-21.07.08:119][357]LogBlueprintUserMessages: [Stanok_2] 169.457977
[2025.06.22-21.07.08:127][358]LogBlueprintUserMessages: [Stanok_2] 169.147705
[2025.06.22-21.07.08:135][359]LogBlueprintUserMessages: [Stanok_2] 168.837433
[2025.06.22-21.07.08:144][360]LogBlueprintUserMessages: [Stanok_2] 168.527161
[2025.06.22-21.07.08:152][361]LogBlueprintUserMessages: [Stanok_2] 168.216919
[2025.06.22-21.07.08:161][362]LogBlueprintUserMessages: [Stanok_2] 167.906616
[2025.06.22-21.07.08:170][363]LogBlueprintUserMessages: [Stanok_2] 167.596375
[2025.06.22-21.07.08:178][364]LogBlueprintUserMessages: [Stanok_2] 167.286102
[2025.06.22-21.07.08:185][365]LogBlueprintUserMessages: [Stanok_2] 166.97583
[2025.06.22-21.07.08:193][366]LogBlueprintUserMessages: [Stanok_2] 166.665558
[2025.06.22-21.07.08:202][367]LogBlueprintUserMessages: [Stanok_2] 166.355286
[2025.06.22-21.07.08:210][368]LogBlueprintUserMessages: [Stanok_2] 166.045013
[2025.06.22-21.07.08:219][369]LogBlueprintUserMessages: [Stanok_2] 165.734741
[2025.06.22-21.07.08:227][370]LogBlueprintUserMessages: [Stanok_2] 165.4245
[2025.06.22-21.07.08:234][371]LogBlueprintUserMessages: [Stanok_2] 165.114197
[2025.06.22-21.07.08:244][372]LogBlueprintUserMessages: [Stanok_2] 164.803925
[2025.06.22-21.07.08:251][373]LogBlueprintUserMessages: [Stanok_2] 164.493683
[2025.06.22-21.07.08:260][374]LogBlueprintUserMessages: [Stanok_2] 164.183411
[2025.06.22-21.07.08:268][375]LogBlueprintUserMessages: [Stanok_2] 163.873138
[2025.06.22-21.07.08:277][376]LogBlueprintUserMessages: [Stanok_2] 163.562866
[2025.06.22-21.07.08:284][377]LogBlueprintUserMessages: [Stanok_2] 163.252594
[2025.06.22-21.07.08:294][378]LogBlueprintUserMessages: [Stanok_2] 162.942322
[2025.06.22-21.07.08:302][379]LogBlueprintUserMessages: [Stanok_2] 162.63205
[2025.06.22-21.07.08:310][380]LogBlueprintUserMessages: [Stanok_2] 162.321808
[2025.06.22-21.07.08:318][381]LogBlueprintUserMessages: [Stanok_2] 162.011505
[2025.06.22-21.07.08:326][382]LogBlueprintUserMessages: [Stanok_2] 161.701263
[2025.06.22-21.07.08:335][383]LogBlueprintUserMessages: [Stanok_2] 161.390991
[2025.06.22-21.07.08:344][384]LogBlueprintUserMessages: [Stanok_2] 161.080719
[2025.06.22-21.07.08:351][385]LogBlueprintUserMessages: [Stanok_2] 160.770447
[2025.06.22-21.07.08:360][386]LogBlueprintUserMessages: [Stanok_2] 160.460175
[2025.06.22-21.07.08:369][387]LogBlueprintUserMessages: [Stanok_2] 160.149902
[2025.06.22-21.07.08:377][388]LogBlueprintUserMessages: [Stanok_2] 159.83963
[2025.06.22-21.07.08:385][389]LogBlueprintUserMessages: [Stanok_2] 159.529358
[2025.06.22-21.07.08:393][390]LogBlueprintUserMessages: [Stanok_2] 159.219116
[2025.06.22-21.07.08:403][391]LogBlueprintUserMessages: [Stanok_2] 158.908813
[2025.06.22-21.07.08:410][392]LogBlueprintUserMessages: [Stanok_2] 158.598572
[2025.06.22-21.07.08:419][393]LogBlueprintUserMessages: [Stanok_2] 158.2883
[2025.06.22-21.07.08:427][394]LogBlueprintUserMessages: [Stanok_2] 157.978027
[2025.06.22-21.07.08:436][395]LogBlueprintUserMessages: [Stanok_2] 157.667755
[2025.06.22-21.07.08:444][396]LogBlueprintUserMessages: [Stanok_2] 157.357483
[2025.06.22-21.07.08:451][397]LogBlueprintUserMessages: [Stanok_2] 157.047211
[2025.06.22-21.07.08:460][398]LogBlueprintUserMessages: [Stanok_2] 156.736938
[2025.06.22-21.07.08:469][399]LogBlueprintUserMessages: [Stanok_2] 156.426697
[2025.06.22-21.07.08:477][400]LogBlueprintUserMessages: [Stanok_2] 156.116394
[2025.06.22-21.07.08:484][401]LogBlueprintUserMessages: [Stanok_2] 155.806122
[2025.06.22-21.07.08:493][402]LogBlueprintUserMessages: [Stanok_2] 155.49588
[2025.06.22-21.07.08:502][403]LogBlueprintUserMessages: [Stanok_2] 155.185608
[2025.06.22-21.07.08:511][404]LogBlueprintUserMessages: [Stanok_2] 154.875336
[2025.06.22-21.07.08:519][405]LogBlueprintUserMessages: [Stanok_2] 154.565063
[2025.06.22-21.07.08:526][406]LogBlueprintUserMessages: [Stanok_2] 154.254791
[2025.06.22-21.07.08:535][407]LogBlueprintUserMessages: [Stanok_2] 153.944519
[2025.06.22-21.07.08:544][408]LogBlueprintUserMessages: [Stanok_2] 153.634247
[2025.06.22-21.07.08:552][409]LogBlueprintUserMessages: [Stanok_2] 153.324005
[2025.06.22-21.07.08:560][410]LogBlueprintUserMessages: [Stanok_2] 153.013702
[2025.06.22-21.07.08:568][411]LogBlueprintUserMessages: [Stanok_2] 152.703461
[2025.06.22-21.07.08:577][412]LogBlueprintUserMessages: [Stanok_2] 152.393188
[2025.06.22-21.07.08:585][413]LogBlueprintUserMessages: [Stanok_2] 152.082916
[2025.06.22-21.07.08:594][414]LogBlueprintUserMessages: [Stanok_2] 151.772644
[2025.06.22-21.07.08:601][415]LogBlueprintUserMessages: [Stanok_2] 151.462372
[2025.06.22-21.07.08:610][416]LogBlueprintUserMessages: [Stanok_2] 151.1521
[2025.06.22-21.07.08:619][417]LogBlueprintUserMessages: [Stanok_2] 150.841827
[2025.06.22-21.07.08:626][418]LogBlueprintUserMessages: [Stanok_2] 150.531555
[2025.06.22-21.07.08:635][419]LogBlueprintUserMessages: [Stanok_2] 150.221313
[2025.06.22-21.07.08:643][420]LogBlueprintUserMessages: [Stanok_2] 149.911011
[2025.06.22-21.07.08:652][421]LogBlueprintUserMessages: [Stanok_2] 149.600769
[2025.06.22-21.07.08:660][422]LogBlueprintUserMessages: [Stanok_2] 149.290497
[2025.06.22-21.07.08:669][423]LogBlueprintUserMessages: [Stanok_2] 148.980225
[2025.06.22-21.07.08:677][424]LogBlueprintUserMessages: [Stanok_2] 148.669952
[2025.06.22-21.07.08:685][425]LogBlueprintUserMessages: [Stanok_2] 148.35968
[2025.06.22-21.07.08:693][426]LogBlueprintUserMessages: [Stanok_2] 148.049408
[2025.06.22-21.07.08:702][427]LogBlueprintUserMessages: [Stanok_2] 147.739136
[2025.06.22-21.07.08:710][428]LogBlueprintUserMessages: [Stanok_2] 147.428894
[2025.06.22-21.07.08:719][429]LogBlueprintUserMessages: [Stanok_2] 147.118591
[2025.06.22-21.07.08:728][430]LogBlueprintUserMessages: [Stanok_2] 146.808319
[2025.06.22-21.07.08:735][431]LogBlueprintUserMessages: [Stanok_2] 146.498077
[2025.06.22-21.07.08:744][432]LogBlueprintUserMessages: [Stanok_2] 146.187805
[2025.06.22-21.07.08:752][433]LogBlueprintUserMessages: [Stanok_2] 145.877533
[2025.06.22-21.07.08:761][434]LogBlueprintUserMessages: [Stanok_2] 145.567261
[2025.06.22-21.07.08:768][435]LogBlueprintUserMessages: [Stanok_2] 145.256989
[2025.06.22-21.07.08:777][436]LogBlueprintUserMessages: [Stanok_2] 144.946716
[2025.06.22-21.07.08:785][437]LogBlueprintUserMessages: [Stanok_2] 144.636444
[2025.06.22-21.07.08:793][438]LogBlueprintUserMessages: [Stanok_2] 144.326202
[2025.06.22-21.07.08:802][439]LogBlueprintUserMessages: [Stanok_2] 144.0159
[2025.06.22-21.07.08:810][440]LogBlueprintUserMessages: [Stanok_2] 143.705658
[2025.06.22-21.07.08:818][441]LogBlueprintUserMessages: [Stanok_2] 143.395386
[2025.06.22-21.07.08:827][442]LogBlueprintUserMessages: [Stanok_2] 143.085114
[2025.06.22-21.07.08:836][443]LogBlueprintUserMessages: [Stanok_2] 142.774841
[2025.06.22-21.07.08:843][444]LogBlueprintUserMessages: [Stanok_2] 142.464569
[2025.06.22-21.07.08:852][445]LogBlueprintUserMessages: [Stanok_2] 142.154297
[2025.06.22-21.07.08:860][446]LogBlueprintUserMessages: [Stanok_2] 141.844025
[2025.06.22-21.07.08:869][447]LogBlueprintUserMessages: [Stanok_2] 141.533752
[2025.06.22-21.07.08:877][448]LogBlueprintUserMessages: [Stanok_2] 141.223511
[2025.06.22-21.07.08:884][449]LogBlueprintUserMessages: [Stanok_2] 140.913208
[2025.06.22-21.07.08:894][450]LogBlueprintUserMessages: [Stanok_2] 140.602966
[2025.06.22-21.07.08:901][451]LogBlueprintUserMessages: [Stanok_2] 140.292694
[2025.06.22-21.07.08:910][452]LogBlueprintUserMessages: [Stanok_2] 139.982422
[2025.06.22-21.07.08:919][453]LogBlueprintUserMessages: [Stanok_2] 139.67215
[2025.06.22-21.07.08:927][454]LogBlueprintUserMessages: [Stanok_2] 139.361877
[2025.06.22-21.07.08:936][455]LogBlueprintUserMessages: [Stanok_2] 139.051605
[2025.06.22-21.07.08:943][456]LogBlueprintUserMessages: [Stanok_2] 138.741333
[2025.06.22-21.07.08:952][457]LogBlueprintUserMessages: [Stanok_2] 138.431091
[2025.06.22-21.07.08:960][458]LogBlueprintUserMessages: [Stanok_2] 138.120789
[2025.06.22-21.07.08:969][459]LogBlueprintUserMessages: [Stanok_2] 137.810516
[2025.06.22-21.07.08:977][460]LogBlueprintUserMessages: [Stanok_2] 137.500275
[2025.06.22-21.07.08:985][461]LogBlueprintUserMessages: [Stanok_2] 137.190002
[2025.06.22-21.07.08:993][462]LogBlueprintUserMessages: [Stanok_2] 136.87973
[2025.06.22-21.07.09:002][463]LogBlueprintUserMessages: [Stanok_2] 136.569458
[2025.06.22-21.07.09:010][464]LogBlueprintUserMessages: [Stanok_2] 136.259186
[2025.06.22-21.07.09:019][465]LogBlueprintUserMessages: [Stanok_2] 135.948914
[2025.06.22-21.07.09:027][466]LogBlueprintUserMessages: [Stanok_2] 135.638641
[2025.06.22-21.07.09:036][467]LogBlueprintUserMessages: [Stanok_2] 135.3284
[2025.06.22-21.07.09:044][468]LogBlueprintUserMessages: [Stanok_2] 135.018097
[2025.06.22-21.07.09:052][469]LogBlueprintUserMessages: [Stanok_2] 134.707855
[2025.06.22-21.07.09:060][470]LogBlueprintUserMessages: [Stanok_2] 134.397583
[2025.06.22-21.07.09:068][471]LogBlueprintUserMessages: [Stanok_2] 134.087311
[2025.06.22-21.07.09:077][472]LogBlueprintUserMessages: [Stanok_2] 133.777039
[2025.06.22-21.07.09:084][473]LogBlueprintUserMessages: [Stanok_2] 133.466766
[2025.06.22-21.07.09:094][474]LogBlueprintUserMessages: [Stanok_2] 133.156494
[2025.06.22-21.07.09:102][475]LogBlueprintUserMessages: [Stanok_2] 132.846222
[2025.06.22-21.07.09:110][476]LogBlueprintUserMessages: [Stanok_2] 132.53595
[2025.06.22-21.07.09:119][477]LogBlueprintUserMessages: [Stanok_2] 132.225708
[2025.06.22-21.07.09:127][478]LogBlueprintUserMessages: [Stanok_2] 131.915405
[2025.06.22-21.07.09:134][479]LogBlueprintUserMessages: [Stanok_2] 131.605164
[2025.06.22-21.07.09:143][480]LogBlueprintUserMessages: [Stanok_2] 131.294891
[2025.06.22-21.07.09:152][481]LogBlueprintUserMessages: [Stanok_2] 130.984619
[2025.06.22-21.07.09:160][482]LogBlueprintUserMessages: [Stanok_2] 130.674347
[2025.06.22-21.07.09:169][483]LogBlueprintUserMessages: [Stanok_2] 130.364075
[2025.06.22-21.07.09:177][484]LogBlueprintUserMessages: [Stanok_2] 130.053802
[2025.06.22-21.07.09:185][485]LogBlueprintUserMessages: [Stanok_2] 129.74353
[2025.06.22-21.07.09:194][486]LogBlueprintUserMessages: [Stanok_2] 129.433289
[2025.06.22-21.07.09:202][487]LogBlueprintUserMessages: [Stanok_2] 129.122986
[2025.06.22-21.07.09:210][488]LogBlueprintUserMessages: [Stanok_2] 128.812714
[2025.06.22-21.07.09:219][489]LogBlueprintUserMessages: [Stanok_2] 128.502472
[2025.06.22-21.07.09:227][490]LogBlueprintUserMessages: [Stanok_2] 128.1922
[2025.06.22-21.07.09:235][491]LogBlueprintUserMessages: [Stanok_2] 127.881927
[2025.06.22-21.07.09:243][492]LogBlueprintUserMessages: [Stanok_2] 127.571655
[2025.06.22-21.07.09:252][493]LogBlueprintUserMessages: [Stanok_2] 127.261383
[2025.06.22-21.07.09:261][494]LogBlueprintUserMessages: [Stanok_2] 126.951111
[2025.06.22-21.07.09:268][495]LogBlueprintUserMessages: [Stanok_2] 126.640839
[2025.06.22-21.07.09:277][496]LogBlueprintUserMessages: [Stanok_2] 126.330597
[2025.06.22-21.07.09:284][497]LogBlueprintUserMessages: [Stanok_2] 126.020294
[2025.06.22-21.07.09:293][498]LogBlueprintUserMessages: [Stanok_2] 125.710052
[2025.06.22-21.07.09:302][499]LogBlueprintUserMessages: [Stanok_2] 125.39978
[2025.06.22-21.07.09:310][500]LogBlueprintUserMessages: [Stanok_2] 125.089508
[2025.06.22-21.07.09:318][501]LogBlueprintUserMessages: [Stanok_2] 124.779236
[2025.06.22-21.07.09:327][502]LogBlueprintUserMessages: [Stanok_2] 124.468964
[2025.06.22-21.07.09:334][503]LogBlueprintUserMessages: [Stanok_2] 124.158691
[2025.06.22-21.07.09:344][504]LogBlueprintUserMessages: [Stanok_2] 123.848419
[2025.06.22-21.07.09:352][505]LogBlueprintUserMessages: [Stanok_2] 123.538147
[2025.06.22-21.07.09:360][506]LogBlueprintUserMessages: [Stanok_2] 123.227905
[2025.06.22-21.07.09:369][507]LogBlueprintUserMessages: [Stanok_2] 122.917603
[2025.06.22-21.07.09:376][508]LogBlueprintUserMessages: [Stanok_2] 122.607361
[2025.06.22-21.07.09:385][509]LogBlueprintUserMessages: [Stanok_2] 122.297089
[2025.06.22-21.07.09:394][510]LogBlueprintUserMessages: [Stanok_2] 121.986816
[2025.06.22-21.07.09:401][511]LogBlueprintUserMessages: [Stanok_2] 121.676544
[2025.06.22-21.07.09:410][512]LogBlueprintUserMessages: [Stanok_2] 121.366272
[2025.06.22-21.07.09:419][513]LogBlueprintUserMessages: [Stanok_2] 121.056
[2025.06.22-21.07.09:427][514]LogBlueprintUserMessages: [Stanok_2] 120.745728
[2025.06.22-21.07.09:434][515]LogBlueprintUserMessages: [Stanok_2] 120.435486
[2025.06.22-21.07.09:443][516]LogBlueprintUserMessages: [Stanok_2] 120.125183
[2025.06.22-21.07.09:452][517]LogBlueprintUserMessages: [Stanok_2] 119.814911
[2025.06.22-21.07.09:462][518]LogBlueprintUserMessages: [Stanok_2] 119.504669
[2025.06.22-21.07.09:469][519]LogBlueprintUserMessages: [Stanok_2] 119.194397
[2025.06.22-21.07.09:477][520]LogBlueprintUserMessages: [Stanok_2] 118.884125
[2025.06.22-21.07.09:485][521]LogBlueprintUserMessages: [Stanok_2] 118.573853
[2025.06.22-21.07.09:494][522]LogBlueprintUserMessages: [Stanok_2] 118.26358
[2025.06.22-21.07.09:502][523]LogBlueprintUserMessages: [Stanok_2] 117.953308
[2025.06.22-21.07.09:510][524]LogBlueprintUserMessages: [Stanok_2] 117.643036
[2025.06.22-21.07.09:518][525]LogBlueprintUserMessages: [Stanok_2] 117.332794
[2025.06.22-21.07.09:527][526]LogBlueprintUserMessages: [Stanok_2] 117.022491
[2025.06.22-21.07.09:536][527]LogBlueprintUserMessages: [Stanok_2] 116.71225
[2025.06.22-21.07.09:544][528]LogBlueprintUserMessages: [Stanok_2] 116.401978
[2025.06.22-21.07.09:551][529]LogBlueprintUserMessages: [Stanok_2] 116.091705
[2025.06.22-21.07.09:560][530]LogBlueprintUserMessages: [Stanok_2] 115.781433
[2025.06.22-21.07.09:569][531]LogBlueprintUserMessages: [Stanok_2] 115.471161
[2025.06.22-21.07.09:577][532]LogBlueprintUserMessages: [Stanok_2] 115.160889
[2025.06.22-21.07.09:586][533]LogBlueprintUserMessages: [Stanok_2] 114.850616
[2025.06.22-21.07.09:593][534]LogBlueprintUserMessages: [Stanok_2] 114.540344
[2025.06.22-21.07.09:602][535]LogBlueprintUserMessages: [Stanok_2] 114.230103
[2025.06.22-21.07.09:611][536]LogBlueprintUserMessages: [Stanok_2] 113.9198
[2025.06.22-21.07.09:618][537]LogBlueprintUserMessages: [Stanok_2] 113.609558
[2025.06.22-21.07.09:627][538]LogBlueprintUserMessages: [Stanok_2] 113.299286
[2025.06.22-21.07.09:635][539]LogBlueprintUserMessages: [Stanok_2] 112.989014
[2025.06.22-21.07.09:643][540]LogBlueprintUserMessages: [Stanok_2] 112.678741
[2025.06.22-21.07.09:652][541]LogBlueprintUserMessages: [Stanok_2] 112.368469
[2025.06.22-21.07.09:662][542]LogBlueprintUserMessages: [Stanok_2] 112.058197
[2025.06.22-21.07.09:669][543]LogBlueprintUserMessages: [Stanok_2] 111.747925
[2025.06.22-21.07.09:677][544]LogBlueprintUserMessages: [Stanok_2] 111.437683
[2025.06.22-21.07.09:685][545]LogBlueprintUserMessages: [Stanok_2] 111.12738
[2025.06.22-21.07.09:694][546]LogBlueprintUserMessages: [Stanok_2] 110.817108
[2025.06.22-21.07.09:701][547]LogBlueprintUserMessages: [Stanok_2] 110.506866
[2025.06.22-21.07.09:710][548]LogBlueprintUserMessages: [Stanok_2] 110.196594
[2025.06.22-21.07.09:718][549]LogBlueprintUserMessages: [Stanok_2] 109.886322
[2025.06.22-21.07.09:727][550]LogBlueprintUserMessages: [Stanok_2] 109.57605
[2025.06.22-21.07.09:734][551]LogBlueprintUserMessages: [Stanok_2] 109.265778
[2025.06.22-21.07.09:744][552]LogBlueprintUserMessages: [Stanok_2] 108.955505
[2025.06.22-21.07.09:752][553]LogBlueprintUserMessages: [Stanok_2] 108.645233
[2025.06.22-21.07.09:761][554]LogBlueprintUserMessages: [Stanok_2] 108.334991
[2025.06.22-21.07.09:768][555]LogBlueprintUserMessages: [Stanok_2] 108.024689
[2025.06.22-21.07.09:777][556]LogBlueprintUserMessages: [Stanok_2] 107.714447
[2025.06.22-21.07.09:785][557]LogBlueprintUserMessages: [Stanok_2] 107.404175
[2025.06.22-21.07.09:794][558]LogBlueprintUserMessages: [Stanok_2] 107.093903
[2025.06.22-21.07.09:802][559]LogBlueprintUserMessages: [Stanok_2] 106.78363
[2025.06.22-21.07.09:810][560]LogBlueprintUserMessages: [Stanok_2] 106.473358
[2025.06.22-21.07.09:819][561]LogBlueprintUserMessages: [Stanok_2] 106.163086
[2025.06.22-21.07.09:827][562]LogBlueprintUserMessages: [Stanok_2] 105.852814
[2025.06.22-21.07.09:835][563]LogBlueprintUserMessages: [Stanok_2] 105.542542
[2025.06.22-21.07.09:843][564]LogBlueprintUserMessages: [Stanok_2] 105.2323
[2025.06.22-21.07.09:852][565]LogBlueprintUserMessages: [Stanok_2] 103.680542
[2025.06.22-21.07.09:860][566]LogBlueprintUserMessages: [Stanok_2] 102.128845
[2025.06.22-21.07.09:869][567]LogBlueprintUserMessages: [Stanok_2] 100.577118
[2025.06.22-21.07.09:877][568]LogBlueprintUserMessages: [Stanok_2] 99.025391
[2025.06.22-21.07.09:886][569]LogBlueprintUserMessages: [Stanok_2] 97.473663
[2025.06.22-21.07.09:894][570]LogBlueprintUserMessages: [Stanok_2] 95.921936
[2025.06.22-21.07.09:901][571]LogBlueprintUserMessages: [Stanok_2] 94.370209
[2025.06.22-21.07.09:910][572]LogBlueprintUserMessages: [Stanok_2] 92.818481
[2025.06.22-21.07.09:919][573]LogBlueprintUserMessages: [Stanok_2] 91.266785
[2025.06.22-21.07.09:927][574]LogBlueprintUserMessages: [Stanok_2] 89.715027
[2025.06.22-21.07.09:935][575]LogBlueprintUserMessages: [Stanok_2] 88.1633
[2025.06.22-21.07.09:943][576]LogBlueprintUserMessages: [Stanok_2] 86.611603
[2025.06.22-21.07.09:952][577]LogBlueprintUserMessages: [Stanok_2] 85.059875
[2025.06.22-21.07.09:961][578]LogBlueprintUserMessages: [Stanok_2] 83.508148
[2025.06.22-21.07.09:969][579]LogBlueprintUserMessages: [Stanok_2] 81.956421
[2025.06.22-21.07.09:976][580]LogBlueprintUserMessages: [Stanok_2] 80.404694
[2025.06.22-21.07.09:985][581]LogBlueprintUserMessages: [Stanok_2] 78.852966
[2025.06.22-21.07.09:994][582]LogBlueprintUserMessages: [Stanok_2] 77.301239
[2025.06.22-21.07.10:002][583]LogBlueprintUserMessages: [Stanok_2] 75.749527
[2025.06.22-21.07.10:010][584]LogBlueprintUserMessages: [Stanok_2] 74.1978
[2025.06.22-21.07.10:019][585]LogBlueprintUserMessages: [Stanok_2] 72.646088
[2025.06.22-21.07.10:027][586]LogBlueprintUserMessages: [Stanok_2] 71.09436
[2025.06.22-21.07.10:035][587]LogBlueprintUserMessages: [Stanok_2] 69.542618
[2025.06.22-21.07.10:044][588]LogBlueprintUserMessages: [Stanok_2] 67.990906
[2025.06.22-21.07.10:051][589]LogBlueprintUserMessages: [Stanok_2] 66.439178
[2025.06.22-21.07.10:060][590]LogBlueprintUserMessages: [Stanok_2] 64.887466
[2025.06.22-21.07.10:069][591]LogBlueprintUserMessages: [Stanok_2] 63.335724
[2025.06.22-21.07.10:077][592]LogBlueprintUserMessages: [Stanok_2] 61.783997
[2025.06.22-21.07.10:085][593]LogBlueprintUserMessages: [Stanok_2] 60.232285
[2025.06.22-21.07.10:093][594]LogBlueprintUserMessages: [Stanok_2] 58.680557
[2025.06.22-21.07.10:102][595]LogBlueprintUserMessages: [Stanok_2] 57.128845
[2025.06.22-21.07.10:110][596]LogBlueprintUserMessages: [Stanok_2] 55.577103
[2025.06.22-21.07.10:119][597]LogBlueprintUserMessages: [Stanok_2] 54.025391
[2025.06.22-21.07.10:127][598]LogBlueprintUserMessages: [Stanok_2] 52.473663
[2025.06.22-21.07.10:136][599]LogBlueprintUserMessages: [Stanok_2] 50.921936
[2025.06.22-21.07.10:144][600]LogBlueprintUserMessages: [Stanok_2] 49.370224
[2025.06.22-21.07.10:151][601]LogBlueprintUserMessages: [Stanok_2] 47.818481
[2025.06.22-21.07.10:160][602]LogBlueprintUserMessages: [Stanok_2] 46.266769
[2025.06.22-21.07.10:169][603]LogBlueprintUserMessages: [Stanok_2] 44.715042
[2025.06.22-21.07.10:177][604]LogBlueprintUserMessages: [Stanok_2] 43.163315
[2025.06.22-21.07.10:186][605]LogBlueprintUserMessages: [Stanok_2] 41.611603
[2025.06.22-21.07.10:194][606]LogBlueprintUserMessages: [Stanok_2] 40.05986
[2025.06.22-21.07.10:202][607]LogBlueprintUserMessages: [Stanok_2] 38.508148
[2025.06.22-21.07.10:210][608]LogBlueprintUserMessages: [Stanok_2] 36.956421
[2025.06.22-21.07.10:218][609]LogBlueprintUserMessages: [Stanok_2] 35.404694
[2025.06.22-21.07.10:226][610]LogBlueprintUserMessages: [Stanok_2] 33.852982
[2025.06.22-21.07.10:235][611]LogBlueprintUserMessages: [Stanok_2] 32.301239
[2025.06.22-21.07.10:244][612]LogBlueprintUserMessages: [Stanok_2] 30.749527
[2025.06.22-21.07.10:252][613]LogBlueprintUserMessages: [Stanok_2] 29.1978
[2025.06.22-21.07.10:261][614]LogBlueprintUserMessages: [Stanok_2] 27.646088
[2025.06.22-21.07.10:268][615]LogBlueprintUserMessages: [Stanok_2] 26.09436
[2025.06.22-21.07.10:277][616]LogBlueprintUserMessages: [Stanok_2] 24.542618
[2025.06.22-21.07.10:285][617]LogBlueprintUserMessages: [Stanok_2] 22.990906
[2025.06.22-21.07.10:293][618]LogBlueprintUserMessages: [Stanok_2] 21.439178
[2025.06.22-21.07.10:302][619]LogBlueprintUserMessages: [Stanok_2] 19.887466
[2025.06.22-21.07.10:310][620]LogBlueprintUserMessages: [Stanok_2] 18.335724
[2025.06.22-21.07.10:319][621]LogBlueprintUserMessages: [Stanok_2] 16.783997
[2025.06.22-21.07.10:327][622]LogBlueprintUserMessages: [Stanok_2] 15.232285
[2025.06.22-21.07.10:334][623]LogBlueprintUserMessages: [Stanok_2] 13.680557
[2025.06.22-21.07.10:344][624]LogBlueprintUserMessages: [Stanok_2] 12.128845
[2025.06.22-21.07.10:352][625]LogBlueprintUserMessages: [Stanok_2] 10.577103
[2025.06.22-21.07.10:360][626]LogBlueprintUserMessages: [Stanok_2] 9.025391
[2025.06.22-21.07.10:368][627]LogBlueprintUserMessages: [Stanok_2] 7.473663
[2025.06.22-21.07.10:377][628]LogBlueprintUserMessages: [Stanok_2] 5.921936
[2025.06.22-21.07.10:385][629]LogBlueprintUserMessages: [Stanok_2] 4.370224
[2025.06.22-21.07.10:393][630]LogBlueprintUserMessages: [Stanok_2] 2.818481
[2025.06.22-21.07.10:402][631]LogBlueprintUserMessages: [Stanok_2] 1.266769
[2025.06.22-21.07.10:411][632]LogBlueprintUserMessages: [Stanok_2] -0.284958
[2025.06.22-21.07.10:418][633]LogBlueprintUserMessages: [Stanok_2] -1.836685
[2025.06.22-21.07.10:427][634]LogBlueprintUserMessages: [Stanok_2] -3.388397
[2025.06.22-21.07.10:434][635]LogBlueprintUserMessages: [Stanok_2] -4.94014
[2025.06.22-21.07.10:444][636]LogBlueprintUserMessages: [Stanok_2] -6.491852
[2025.06.22-21.07.10:452][637]LogBlueprintUserMessages: [Stanok_2] -8.043579
[2025.06.22-21.07.10:460][638]LogBlueprintUserMessages: [Stanok_2] -9.595306
[2025.06.22-21.07.10:469][639]LogBlueprintUserMessages: [Stanok_2] -11.147018
[2025.06.22-21.07.10:478][640]LogBlueprintUserMessages: [Stanok_2] -12.698746
[2025.06.22-21.07.10:485][641]LogBlueprintUserMessages: [Stanok_2] -14.250473
[2025.06.22-21.07.10:494][642]LogBlueprintUserMessages: [Stanok_2] -15.8022
[2025.06.22-21.07.10:502][643]LogBlueprintUserMessages: [Stanok_2] -17.353928
[2025.06.22-21.07.10:510][644]LogBlueprintUserMessages: [Stanok_2] -18.90564
[2025.06.22-21.07.10:519][645]LogBlueprintUserMessages: [Stanok_2] -20.457367
[2025.06.22-21.07.10:527][646]LogBlueprintUserMessages: [Stanok_2] -22.009094
[2025.06.22-21.07.10:536][647]LogBlueprintUserMessages: [Stanok_2] -23.560822
[2025.06.22-21.07.10:543][648]LogBlueprintUserMessages: [Stanok_2] -25.112549
[2025.06.22-21.07.10:552][649]LogBlueprintUserMessages: [Stanok_2] -26.664276
[2025.06.22-21.07.10:560][650]LogBlueprintUserMessages: [Stanok_2] -28.215988
[2025.06.22-21.07.10:569][651]LogBlueprintUserMessages: [Stanok_2] -29.767715
[2025.06.22-21.07.10:577][652]LogBlueprintUserMessages: [Stanok_2] -31.319443
[2025.06.22-21.07.10:585][653]LogBlueprintUserMessages: [Stanok_2] -32.87117
[2025.06.22-21.07.10:594][654]LogBlueprintUserMessages: [Stanok_2] -34.422897
[2025.06.22-21.07.10:602][655]LogBlueprintUserMessages: [Stanok_2] -35.974609
[2025.06.22-21.07.10:610][656]LogBlueprintUserMessages: [Stanok_2] -37.526337
[2025.06.22-21.07.10:619][657]LogBlueprintUserMessages: [Stanok_2] -39.078064
[2025.06.22-21.07.10:627][658]LogBlueprintUserMessages: [Stanok_2] -40.629776
[2025.06.22-21.07.10:636][659]LogBlueprintUserMessages: [Stanok_2] -42.181519
[2025.06.22-21.07.10:644][660]LogBlueprintUserMessages: [Stanok_2] -43.733231
[2025.06.22-21.07.10:652][661]LogBlueprintUserMessages: [Stanok_2] -45.284958
[2025.06.22-21.07.10:661][662]LogBlueprintUserMessages: [Stanok_2] -46.836685
[2025.06.22-21.07.10:668][663]LogBlueprintUserMessages: [Stanok_2] -48.388397
[2025.06.22-21.07.10:678][664]LogBlueprintUserMessages: [Stanok_2] -49.94014
[2025.06.22-21.07.10:685][665]LogBlueprintUserMessages: [Stanok_2] -51.491852
[2025.06.22-21.07.10:694][666]LogBlueprintUserMessages: [Stanok_2] -53.043579
[2025.06.22-21.07.10:702][667]LogBlueprintUserMessages: [Stanok_2] -54.595299
[2025.06.22-21.07.10:711][668]LogBlueprintUserMessages: [Stanok_2] -56.147026
[2025.06.22-21.07.10:719][669]LogBlueprintUserMessages: [Stanok_2] -57.698746
[2025.06.22-21.07.10:727][670]LogBlueprintUserMessages: [Stanok_2] -59.250481
[2025.06.22-21.07.10:736][671]LogBlueprintUserMessages: [Stanok_2] -60.8022
[2025.06.22-21.07.10:745][672]LogBlueprintUserMessages: [Stanok_2] -62.353928
[2025.06.22-21.07.10:752][673]LogBlueprintUserMessages: [Stanok_2] -63.905647
[2025.06.22-21.07.10:761][674]LogBlueprintUserMessages: [Stanok_2] -65.457367
[2025.06.22-21.07.10:769][675]LogBlueprintUserMessages: [Stanok_2] -67.009094
[2025.06.22-21.07.10:777][676]LogBlueprintUserMessages: [Stanok_2] -68.560822
[2025.06.22-21.07.10:785][677]LogBlueprintUserMessages: [Stanok_2] -70.112549
[2025.06.22-21.07.10:793][678]LogBlueprintUserMessages: [Stanok_2] -71.664268
[2025.06.22-21.07.10:802][679]LogBlueprintUserMessages: [Stanok_2] -73.215988
[2025.06.22-21.07.10:810][680]LogBlueprintUserMessages: [Stanok_2] -74.767715
[2025.06.22-21.07.10:819][681]LogBlueprintUserMessages: [Stanok_2] -76.319435
[2025.06.22-21.07.10:827][682]LogBlueprintUserMessages: [Stanok_2] -77.87117
[2025.06.22-21.07.10:836][683]LogBlueprintUserMessages: [Stanok_2] -79.42289
[2025.06.22-21.07.10:844][684]LogBlueprintUserMessages: [Stanok_2] -80.974617
[2025.06.22-21.07.10:852][685]LogBlueprintUserMessages: [Stanok_2] -82.526337
[2025.06.22-21.07.10:861][686]LogBlueprintUserMessages: [Stanok_2] -84.078056
[2025.06.22-21.07.10:869][687]LogBlueprintUserMessages: [Stanok_2] -85.629784
[2025.06.22-21.07.10:877][688]LogBlueprintUserMessages: [Stanok_2] -87.181511
[2025.06.22-21.07.10:886][689]LogBlueprintUserMessages: [Stanok_2] -88.733238
[2025.06.22-21.07.10:894][690]LogBlueprintUserMessages: [Stanok_2] -90.284958
[2025.06.22-21.07.10:901][691]LogBlueprintUserMessages: [Stanok_2] -91.836678
[2025.06.22-21.07.10:911][692]LogBlueprintUserMessages: [Stanok_2] -93.388405
[2025.06.22-21.07.10:919][693]LogBlueprintUserMessages: [Stanok_2] -94.940132
[2025.06.22-21.07.10:927][694]LogBlueprintUserMessages: [Stanok_2] -96.491852
[2025.06.22-21.07.10:935][695]LogBlueprintUserMessages: [Stanok_2] -98.043579
[2025.06.22-21.07.10:944][696]LogBlueprintUserMessages: [Stanok_2] -99.595299
[2025.06.22-21.07.10:953][697]LogBlueprintUserMessages: [Stanok_2] -101.147026
[2025.06.22-21.07.10:961][698]LogBlueprintUserMessages: [Stanok_2] -102.698753
[2025.06.22-21.07.10:969][699]LogBlueprintUserMessages: [Stanok_2] -104.250473
[2025.06.22-21.07.10:977][700]LogBlueprintUserMessages: [Stanok_2] -105.8022
[2025.06.22-21.07.10:987][701]LogBlueprintUserMessages: [Stanok_2] -107.353928
[2025.06.22-21.07.10:995][702]LogBlueprintUserMessages: [Stanok_2] -108.905647
[2025.06.22-21.07.11:002][703]LogBlueprintUserMessages: [Stanok_2] -110.457367
[2025.06.22-21.07.11:011][704]LogBlueprintUserMessages: [Stanok_2] -112.009094
[2025.06.22-21.07.11:018][705]LogBlueprintUserMessages: [Stanok_2] -113.560822
[2025.06.22-21.07.11:027][706]LogBlueprintUserMessages: [Stanok_2] -115.112549
[2025.06.22-21.07.11:036][707]LogBlueprintUserMessages: [Stanok_2] -116.664268
[2025.06.22-21.07.11:044][708]LogBlueprintUserMessages: [Stanok_2] -118.215988
[2025.06.22-21.07.11:052][709]LogBlueprintUserMessages: [Stanok_2] -119.767715
[2025.06.22-21.07.11:061][710]LogBlueprintUserMessages: [Stanok_2] -121.319443
[2025.06.22-21.07.11:069][711]LogBlueprintUserMessages: [Stanok_2] -122.871162
[2025.06.22-21.07.11:077][712]LogBlueprintUserMessages: [Stanok_2] -124.42289
[2025.06.22-21.07.11:086][713]LogBlueprintUserMessages: [Stanok_2] -125.974609
[2025.06.22-21.07.11:094][714]LogBlueprintUserMessages: [Stanok_2] -127.526337
[2025.06.22-21.07.11:102][715]LogBlueprintUserMessages: [Stanok_2] -129.078064
[2025.06.22-21.07.11:111][716]LogBlueprintUserMessages: [Stanok_2] -130.629791
[2025.06.22-21.07.11:118][717]LogBlueprintUserMessages: [Stanok_2] -132.181503
[2025.06.22-21.07.11:127][718]LogBlueprintUserMessages: [Stanok_2] -133.733231
[2025.06.22-21.07.11:136][719]LogBlueprintUserMessages: [Stanok_2] -135.284958
[2025.06.22-21.07.11:144][720]LogBlueprintUserMessages: [Stanok_2] -136.836685
[2025.06.22-21.07.11:152][721]LogBlueprintUserMessages: [Stanok_2] -138.388397
[2025.06.22-21.07.11:160][722]LogBlueprintUserMessages: [Stanok_2] -139.940125
[2025.06.22-21.07.11:169][723]LogBlueprintUserMessages: [Stanok_2] -141.491852
[2025.06.22-21.07.11:177][724]LogBlueprintUserMessages: [Stanok_2] -143.043579
[2025.06.22-21.07.11:185][725]LogBlueprintUserMessages: [Stanok_2] -144.595306
[2025.06.22-21.07.11:193][726]LogBlueprintUserMessages: [Stanok_2] -146.147034
[2025.06.22-21.07.11:202][727]LogBlueprintUserMessages: [Stanok_2] -147.698761
[2025.06.22-21.07.11:211][728]LogBlueprintUserMessages: [Stanok_2] -149.250473
[2025.06.22-21.07.11:219][729]LogBlueprintUserMessages: [Stanok_2] -150.8022
[2025.06.22-21.07.11:227][730]LogBlueprintUserMessages: [Stanok_2] -152.353928
[2025.06.22-21.07.11:235][731]LogBlueprintUserMessages: [Stanok_2] -153.90564
[2025.06.22-21.07.11:243][732]LogBlueprintUserMessages: [Stanok_2] -155.457367
[2025.06.22-21.07.11:252][733]LogBlueprintUserMessages: [Stanok_2] -157.009094
[2025.06.22-21.07.11:261][734]LogBlueprintUserMessages: [Stanok_2] -158.560822
[2025.06.22-21.07.11:268][735]LogBlueprintUserMessages: [Stanok_2] -160.112549
[2025.06.22-21.07.11:277][736]LogBlueprintUserMessages: [Stanok_2] -161.664276
[2025.06.22-21.07.11:285][737]LogBlueprintUserMessages: [Stanok_2] -163.215988
[2025.06.22-21.07.11:294][738]LogBlueprintUserMessages: [Stanok_2] -164.767715
[2025.06.22-21.07.11:302][739]LogBlueprintUserMessages: [Stanok_2] -166.319443
[2025.06.22-21.07.11:310][740]LogBlueprintUserMessages: [Stanok_2] -167.87117
[2025.06.22-21.07.11:318][741]LogBlueprintUserMessages: [Stanok_2] -169.422882
[2025.06.22-21.07.11:327][742]LogBlueprintUserMessages: [Stanok_2] -170.974609
[2025.06.22-21.07.11:335][743]LogBlueprintUserMessages: [Stanok_2] -172.526337
[2025.06.22-21.07.11:344][744]LogBlueprintUserMessages: [Stanok_2] -174.078064
[2025.06.22-21.07.11:352][745]LogBlueprintUserMessages: [Stanok_2] -174.078064
[2025.06.22-21.07.11:361][746]LogBlueprintUserMessages: [Stanok_2] -174.078064
[2025.06.22-21.07.11:368][747]LogBlueprintUserMessages: [Stanok_2] -174.078064
[2025.06.22-21.07.11:377][748]LogBlueprintUserMessages: [Stanok_2] -174.078064
[2025.06.22-21.07.11:385][749]LogBlueprintUserMessages: [Stanok_2] -174.078064
[2025.06.22-21.07.11:393][750]LogBlueprintUserMessages: [Stanok_2] -174.078064
[2025.06.22-21.07.11:401][751]LogBlueprintUserMessages: [Stanok_2] -174.078064
[2025.06.22-21.07.11:410][752]LogBlueprintUserMessages: [Stanok_2] -174.078064
[2025.06.22-21.07.11:419][753]LogBlueprintUserMessages: [Stanok_2] -174.078064
[2025.06.22-21.07.11:427][754]LogBlueprintUserMessages: [Stanok_2] -174.078064
[2025.06.22-21.07.11:436][755]LogBlueprintUserMessages: [Stanok_2] -174.078064
[2025.06.22-21.07.11:444][756]LogBlueprintUserMessages: [Stanok_2] -174.078064
[2025.06.22-21.07.11:452][757]LogBlueprintUserMessages: [Stanok_2] -174.078064
[2025.06.22-21.07.11:460][758]LogBlueprintUserMessages: [Stanok_2] -174.078064
[2025.06.22-21.07.11:469][759]LogBlueprintUserMessages: [Stanok_2] -174.078064
[2025.06.22-21.07.11:477][760]LogBlueprintUserMessages: [Stanok_2] -174.078064
[2025.06.22-21.07.11:486][761]LogBlueprintUserMessages: [Stanok_2] -174.078064
[2025.06.22-21.07.11:494][762]LogBlueprintUserMessages: [Stanok_2] -174.078064
[2025.06.22-21.07.11:502][763]LogBlueprintUserMessages: [Stanok_2] -174.078064
[2025.06.22-21.07.11:510][764]LogBlueprintUserMessages: [Stanok_2] -174.078064
[2025.06.22-21.07.11:519][765]LogBlueprintUserMessages: [Stanok_2] -174.078064
[2025.06.22-21.07.11:527][766]LogBlueprintUserMessages: [Stanok_2] -174.078064
[2025.06.22-21.07.11:536][767]LogBlueprintUserMessages: [Stanok_2] -174.078064
[2025.06.22-21.07.11:544][768]LogBlueprintUserMessages: [Stanok_2] -174.078064
[2025.06.22-21.07.11:552][769]LogBlueprintUserMessages: [Stanok_2] -174.078064
[2025.06.22-21.07.11:560][770]LogBlueprintUserMessages: [Stanok_2] -174.078064
[2025.06.22-21.07.11:568][771]LogBlueprintUserMessages: [Stanok_2] -174.078064
[2025.06.22-21.07.11:577][772]LogBlueprintUserMessages: [Stanok_2] -174.078064
[2025.06.22-21.07.11:586][773]LogBlueprintUserMessages: [Stanok_2] -174.078064
[2025.06.22-21.07.11:594][774]LogBlueprintUserMessages: [Stanok_2] -174.078064
[2025.06.22-21.07.11:602][775]LogBlueprintUserMessages: [Stanok_2] -174.078064
[2025.06.22-21.07.11:611][776]LogBlueprintUserMessages: [Stanok_2] -174.078064
[2025.06.22-21.07.11:619][777]LogBlueprintUserMessages: [Stanok_2] -174.078064
[2025.06.22-21.07.11:627][778]LogBlueprintUserMessages: [Stanok_2] -174.078064
[2025.06.22-21.07.11:635][779]LogBlueprintUserMessages: [Stanok_2] -174.078064
[2025.06.22-21.07.11:644][780]LogBlueprintUserMessages: [Stanok_2] -174.078064
[2025.06.22-21.07.11:652][781]LogBlueprintUserMessages: [Stanok_2] -174.078064
[2025.06.22-21.07.11:660][782]LogBlueprintUserMessages: [Stanok_2] -174.078064
[2025.06.22-21.07.11:669][783]LogBlueprintUserMessages: [Stanok_2] -174.078064
[2025.06.22-21.07.11:677][784]LogBlueprintUserMessages: [Stanok_2] -174.078064
[2025.06.22-21.07.11:686][785]LogBlueprintUserMessages: [Stanok_2] -174.078064
[2025.06.22-21.07.11:694][786]LogBlueprintUserMessages: [Stanok_2] -174.078064
[2025.06.22-21.07.11:702][787]LogBlueprintUserMessages: [Stanok_2] -174.078064
[2025.06.22-21.07.11:710][788]LogBlueprintUserMessages: [Stanok_2] -174.078064
[2025.06.22-21.07.11:719][789]LogBlueprintUserMessages: [Stanok_2] -174.078064
[2025.06.22-21.07.11:727][790]LogBlueprintUserMessages: [Stanok_2] -174.078064
[2025.06.22-21.07.11:736][791]LogBlueprintUserMessages: [Stanok_2] -174.078064
[2025.06.22-21.07.11:744][792]LogBlueprintUserMessages: [Stanok_2] -174.078064
[2025.06.22-21.07.11:752][793]LogBlueprintUserMessages: [Stanok_2] -174.078064
[2025.06.22-21.07.11:761][794]LogBlueprintUserMessages: [Stanok_2] -174.078064
[2025.06.22-21.07.11:769][795]LogBlueprintUserMessages: [Stanok_2] -174.078064
[2025.06.22-21.07.11:778][796]LogBlueprintUserMessages: [Stanok_2] -174.078064
[2025.06.22-21.07.11:786][797]LogBlueprintUserMessages: [Stanok_2] -174.078064
[2025.06.22-21.07.11:793][798]LogBlueprintUserMessages: [Stanok_2] -174.078064
[2025.06.22-21.07.11:802][799]LogBlueprintUserMessages: [Stanok_2] -174.078064
[2025.06.22-21.07.11:810][800]LogBlueprintUserMessages: [Stanok_2] -174.078064
[2025.06.22-21.07.11:819][801]LogBlueprintUserMessages: [Stanok_2] -174.078064
[2025.06.22-21.07.11:827][802]LogBlueprintUserMessages: [Stanok_2] -174.078064
[2025.06.22-21.07.11:835][803]LogBlueprintUserMessages: [Stanok_2] -174.078064
[2025.06.22-21.07.11:843][804]LogBlueprintUserMessages: [Stanok_2] -174.078064
[2025.06.22-21.07.11:852][805]LogBlueprintUserMessages: [Stanok_2] -174.078064
[2025.06.22-21.07.11:860][806]LogBlueprintUserMessages: [Stanok_2] -174.078064
[2025.06.22-21.07.11:869][807]LogBlueprintUserMessages: [Stanok_2] -174.078064
[2025.06.22-21.07.11:877][808]LogBlueprintUserMessages: [Stanok_2] -174.078064
[2025.06.22-21.07.11:886][809]LogBlueprintUserMessages: [Stanok_2] -174.078064
[2025.06.22-21.07.11:894][810]LogBlueprintUserMessages: [Stanok_2] -174.078064
[2025.06.22-21.07.11:902][811]LogBlueprintUserMessages: [Stanok_2] -174.078064
[2025.06.22-21.07.11:910][812]LogBlueprintUserMessages: [Stanok_2] -174.078064
[2025.06.22-21.07.11:919][813]LogBlueprintUserMessages: [Stanok_2] -174.078064
[2025.06.22-21.07.11:927][814]LogBlueprintUserMessages: [Stanok_2] -174.078064
[2025.06.22-21.07.11:936][815]LogBlueprintUserMessages: [Stanok_2] -172.526337
[2025.06.22-21.07.11:943][816]LogBlueprintUserMessages: [Stanok_2] -170.974609
[2025.06.22-21.07.11:952][817]LogBlueprintUserMessages: [Stanok_2] -169.422882
[2025.06.22-21.07.11:961][818]LogBlueprintUserMessages: [Stanok_2] -167.87117
[2025.06.22-21.07.11:969][819]LogBlueprintUserMessages: [Stanok_2] -166.319443
[2025.06.22-21.07.11:977][820]LogBlueprintUserMessages: [Stanok_2] -164.767715
[2025.06.22-21.07.11:985][821]LogBlueprintUserMessages: [Stanok_2] -163.215988
[2025.06.22-21.07.11:993][822]LogBlueprintUserMessages: [Stanok_2] -161.664276
[2025.06.22-21.07.12:002][823]LogBlueprintUserMessages: [Stanok_2] -160.112549
[2025.06.22-21.07.12:011][824]LogBlueprintUserMessages: [Stanok_2] -158.560822
[2025.06.22-21.07.12:019][825]LogBlueprintUserMessages: [Stanok_2] -157.009094
[2025.06.22-21.07.12:027][826]LogBlueprintUserMessages: [Stanok_2] -155.457367
[2025.06.22-21.07.12:035][827]LogBlueprintUserMessages: [Stanok_2] -153.90564
[2025.06.22-21.07.12:043][828]LogBlueprintUserMessages: [Stanok_2] -152.353928
[2025.06.22-21.07.12:052][829]LogBlueprintUserMessages: [Stanok_2] -150.8022
[2025.06.22-21.07.12:060][830]LogBlueprintUserMessages: [Stanok_2] -149.250473
[2025.06.22-21.07.12:069][831]LogBlueprintUserMessages: [Stanok_2] -147.698761
[2025.06.22-21.07.12:077][832]LogBlueprintUserMessages: [Stanok_2] -146.147034
[2025.06.22-21.07.12:085][833]LogBlueprintUserMessages: [Stanok_2] -144.595306
[2025.06.22-21.07.12:094][834]LogBlueprintUserMessages: [Stanok_2] -143.043579
[2025.06.22-21.07.12:102][835]LogBlueprintUserMessages: [Stanok_2] -141.491852
[2025.06.22-21.07.12:111][836]LogBlueprintUserMessages: [Stanok_2] -139.940125
[2025.06.22-21.07.12:118][837]LogBlueprintUserMessages: [Stanok_2] -138.388397
[2025.06.22-21.07.12:127][838]LogBlueprintUserMessages: [Stanok_2] -136.836685
[2025.06.22-21.07.12:136][839]LogBlueprintUserMessages: [Stanok_2] -135.284958
[2025.06.22-21.07.12:144][840]LogBlueprintUserMessages: [Stanok_2] -133.733231
[2025.06.22-21.07.12:152][841]LogBlueprintUserMessages: [Stanok_2] -132.181503
[2025.06.22-21.07.12:160][842]LogBlueprintUserMessages: [Stanok_2] -130.629791
[2025.06.22-21.07.12:169][843]LogBlueprintUserMessages: [Stanok_2] -129.078064
[2025.06.22-21.07.12:177][844]LogBlueprintUserMessages: [Stanok_2] -127.526337
[2025.06.22-21.07.12:186][845]LogBlueprintUserMessages: [Stanok_2] -125.974609
[2025.06.22-21.07.12:194][846]LogBlueprintUserMessages: [Stanok_2] -124.42289
[2025.06.22-21.07.12:202][847]LogBlueprintUserMessages: [Stanok_2] -122.871162
[2025.06.22-21.07.12:211][848]LogBlueprintUserMessages: [Stanok_2] -121.319443
[2025.06.22-21.07.12:219][849]LogBlueprintUserMessages: [Stanok_2] -119.767715
[2025.06.22-21.07.12:227][850]LogBlueprintUserMessages: [Stanok_2] -118.215988
[2025.06.22-21.07.12:236][851]LogBlueprintUserMessages: [Stanok_2] -116.664268
[2025.06.22-21.07.12:244][852]LogBlueprintUserMessages: [Stanok_2] -115.112549
[2025.06.22-21.07.12:252][853]LogBlueprintUserMessages: [Stanok_2] -113.560822
[2025.06.22-21.07.12:260][854]LogBlueprintUserMessages: [Stanok_2] -112.009094
[2025.06.22-21.07.12:268][855]LogBlueprintUserMessages: [Stanok_2] -110.457367
[2025.06.22-21.07.12:277][856]LogBlueprintUserMessages: [Stanok_2] -108.905647
[2025.06.22-21.07.12:286][857]LogBlueprintUserMessages: [Stanok_2] -107.353928
[2025.06.22-21.07.12:294][858]LogBlueprintUserMessages: [Stanok_2] -105.8022
[2025.06.22-21.07.12:302][859]LogBlueprintUserMessages: [Stanok_2] -104.250473
[2025.06.22-21.07.12:311][860]LogBlueprintUserMessages: [Stanok_2] -102.698753
[2025.06.22-21.07.12:318][861]LogBlueprintUserMessages: [Stanok_2] -101.147026
[2025.06.22-21.07.12:327][862]LogBlueprintUserMessages: [Stanok_2] -99.595299
[2025.06.22-21.07.12:335][863]LogBlueprintUserMessages: [Stanok_2] -98.043579
[2025.06.22-21.07.12:344][864]LogBlueprintUserMessages: [Stanok_2] -96.491852
[2025.06.22-21.07.12:352][865]LogBlueprintUserMessages: [Stanok_2] -94.940132
[2025.06.22-21.07.12:360][866]LogBlueprintUserMessages: [Stanok_2] -93.388405
[2025.06.22-21.07.12:369][867]LogBlueprintUserMessages: [Stanok_2] -91.836678
[2025.06.22-21.07.12:377][868]LogBlueprintUserMessages: [Stanok_2] -90.284958
[2025.06.22-21.07.12:386][869]LogBlueprintUserMessages: [Stanok_2] -88.733238
[2025.06.22-21.07.12:394][870]LogBlueprintUserMessages: [Stanok_2] -87.181511
[2025.06.22-21.07.12:402][871]LogBlueprintUserMessages: [Stanok_2] -85.629784
[2025.06.22-21.07.12:411][872]LogBlueprintUserMessages: [Stanok_2] -84.078056
[2025.06.22-21.07.12:419][873]LogBlueprintUserMessages: [Stanok_2] -82.526337
[2025.06.22-21.07.12:427][874]LogBlueprintUserMessages: [Stanok_2] -80.974617
[2025.06.22-21.07.12:436][875]LogBlueprintUserMessages: [Stanok_2] -79.42289
[2025.06.22-21.07.12:444][876]LogBlueprintUserMessages: [Stanok_2] -77.87117
[2025.06.22-21.07.12:452][877]LogBlueprintUserMessages: [Stanok_2] -76.319435
[2025.06.22-21.07.12:461][878]LogBlueprintUserMessages: [Stanok_2] -74.767715
[2025.06.22-21.07.12:468][879]LogBlueprintUserMessages: [Stanok_2] -73.215988
[2025.06.22-21.07.12:477][880]LogBlueprintUserMessages: [Stanok_2] -71.664268
[2025.06.22-21.07.12:485][881]LogBlueprintUserMessages: [Stanok_2] -70.112549
[2025.06.22-21.07.12:494][882]LogBlueprintUserMessages: [Stanok_2] -68.560822
[2025.06.22-21.07.12:502][883]LogBlueprintUserMessages: [Stanok_2] -67.009094
[2025.06.22-21.07.12:511][884]LogBlueprintUserMessages: [Stanok_2] -65.457367
[2025.06.22-21.07.12:519][885]LogBlueprintUserMessages: [Stanok_2] -63.905647
[2025.06.22-21.07.12:527][886]LogBlueprintUserMessages: [Stanok_2] -62.353928
[2025.06.22-21.07.12:535][887]LogBlueprintUserMessages: [Stanok_2] -60.8022
[2025.06.22-21.07.12:543][888]LogBlueprintUserMessages: [Stanok_2] -59.250481
[2025.06.22-21.07.12:552][889]LogBlueprintUserMessages: [Stanok_2] -57.698746
[2025.06.22-21.07.12:560][890]LogBlueprintUserMessages: [Stanok_2] -56.147026
[2025.06.22-21.07.12:569][891]LogBlueprintUserMessages: [Stanok_2] -54.595299
[2025.06.22-21.07.12:577][892]LogBlueprintUserMessages: [Stanok_2] -53.043579
[2025.06.22-21.07.12:586][893]LogBlueprintUserMessages: [Stanok_2] -51.491852
[2025.06.22-21.07.12:594][894]LogBlueprintUserMessages: [Stanok_2] -49.94014
[2025.06.22-21.07.12:602][895]LogBlueprintUserMessages: [Stanok_2] -48.388397
[2025.06.22-21.07.12:610][896]LogBlueprintUserMessages: [Stanok_2] -46.836685
[2025.06.22-21.07.12:619][897]LogBlueprintUserMessages: [Stanok_2] -45.284958
[2025.06.22-21.07.12:627][898]LogBlueprintUserMessages: [Stanok_2] -43.733231
[2025.06.22-21.07.12:636][899]LogBlueprintUserMessages: [Stanok_2] -42.181519
[2025.06.22-21.07.12:644][900]LogBlueprintUserMessages: [Stanok_2] -40.629776
[2025.06.22-21.07.12:653][901]LogBlueprintUserMessages: [Stanok_2] -39.078064
[2025.06.22-21.07.12:660][902]LogBlueprintUserMessages: [Stanok_2] -37.526337
[2025.06.22-21.07.12:669][903]LogBlueprintUserMessages: [Stanok_2] -35.974609
[2025.06.22-21.07.12:677][904]LogBlueprintUserMessages: [Stanok_2] -34.422897
[2025.06.22-21.07.12:685][905]LogBlueprintUserMessages: [Stanok_2] -32.87117
[2025.06.22-21.07.12:694][906]LogBlueprintUserMessages: [Stanok_2] -31.319443
[2025.06.22-21.07.12:702][907]LogBlueprintUserMessages: [Stanok_2] -29.767715
[2025.06.22-21.07.12:710][908]LogBlueprintUserMessages: [Stanok_2] -28.215988
[2025.06.22-21.07.12:719][909]LogBlueprintUserMessages: [Stanok_2] -26.664276
[2025.06.22-21.07.12:727][910]LogBlueprintUserMessages: [Stanok_2] -25.112549
[2025.06.22-21.07.12:736][911]LogBlueprintUserMessages: [Stanok_2] -23.560822
[2025.06.22-21.07.12:744][912]LogBlueprintUserMessages: [Stanok_2] -22.009094
[2025.06.22-21.07.12:752][913]LogBlueprintUserMessages: [Stanok_2] -20.457367
[2025.06.22-21.07.12:760][914]LogBlueprintUserMessages: [Stanok_2] -18.90564
[2025.06.22-21.07.12:769][915]LogBlueprintUserMessages: [Stanok_2] -17.353928
[2025.06.22-21.07.12:777][916]LogBlueprintUserMessages: [Stanok_2] -15.8022
[2025.06.22-21.07.12:785][917]LogBlueprintUserMessages: [Stanok_2] -14.250473
[2025.06.22-21.07.12:794][918]LogBlueprintUserMessages: [Stanok_2] -12.698746
[2025.06.22-21.07.12:802][919]LogBlueprintUserMessages: [Stanok_2] -11.147018
[2025.06.22-21.07.12:811][920]LogBlueprintUserMessages: [Stanok_2] -9.595306
[2025.06.22-21.07.12:818][921]LogBlueprintUserMessages: [Stanok_2] -8.043579
[2025.06.22-21.07.12:827][922]LogBlueprintUserMessages: [Stanok_2] -6.491852
[2025.06.22-21.07.12:836][923]LogBlueprintUserMessages: [Stanok_2] -4.94014
[2025.06.22-21.07.12:844][924]LogBlueprintUserMessages: [Stanok_2] -3.388397
[2025.06.22-21.07.12:853][925]LogBlueprintUserMessages: [Stanok_2] -1.836685
[2025.06.22-21.07.12:861][926]LogBlueprintUserMessages: [Stanok_2] -0.284958
[2025.06.22-21.07.12:869][927]LogBlueprintUserMessages: [Stanok_2] 1.266769
[2025.06.22-21.07.12:877][928]LogBlueprintUserMessages: [Stanok_2] 2.818481
[2025.06.22-21.07.12:886][929]LogBlueprintUserMessages: [Stanok_2] 4.370224
[2025.06.22-21.07.12:894][930]LogBlueprintUserMessages: [Stanok_2] 5.921936
[2025.06.22-21.07.12:902][931]LogBlueprintUserMessages: [Stanok_2] 7.473663
[2025.06.22-21.07.12:910][932]LogBlueprintUserMessages: [Stanok_2] 9.025391
[2025.06.22-21.07.12:921][933]LogBlueprintUserMessages: [Stanok_2] 10.577103
[2025.06.22-21.07.12:927][934]LogBlueprintUserMessages: [Stanok_2] 12.128845
[2025.06.22-21.07.12:935][935]LogBlueprintUserMessages: [Stanok_2] 13.680557
[2025.06.22-21.07.12:944][936]LogBlueprintUserMessages: [Stanok_2] 15.232285
[2025.06.22-21.07.12:953][937]LogBlueprintUserMessages: [Stanok_2] 16.783997
[2025.06.22-21.07.12:960][938]LogBlueprintUserMessages: [Stanok_2] 18.335724
[2025.06.22-21.07.12:968][939]LogBlueprintUserMessages: [Stanok_2] 19.887466
[2025.06.22-21.07.12:977][940]LogBlueprintUserMessages: [Stanok_2] 21.439178
[2025.06.22-21.07.12:985][941]LogBlueprintUserMessages: [Stanok_2] 22.990906
[2025.06.22-21.07.12:993][942]LogBlueprintUserMessages: [Stanok_2] 24.542618
[2025.06.22-21.07.13:003][943]LogBlueprintUserMessages: [Stanok_2] 26.09436
[2025.06.22-21.07.13:010][944]LogBlueprintUserMessages: [Stanok_2] 27.646088
[2025.06.22-21.07.13:019][945]LogBlueprintUserMessages: [Stanok_2] 29.1978
[2025.06.22-21.07.13:027][946]LogBlueprintUserMessages: [Stanok_2] 30.749527
[2025.06.22-21.07.13:036][947]LogBlueprintUserMessages: [Stanok_2] 32.301239
[2025.06.22-21.07.13:044][948]LogBlueprintUserMessages: [Stanok_2] 33.852982
[2025.06.22-21.07.13:052][949]LogBlueprintUserMessages: [Stanok_2] 35.404694
[2025.06.22-21.07.13:061][950]LogBlueprintUserMessages: [Stanok_2] 36.956421
[2025.06.22-21.07.13:069][951]LogBlueprintUserMessages: [Stanok_2] 38.508148
[2025.06.22-21.07.13:077][952]LogBlueprintUserMessages: [Stanok_2] 40.05986
[2025.06.22-21.07.13:085][953]LogBlueprintUserMessages: [Stanok_2] 41.611603
[2025.06.22-21.07.13:094][954]LogBlueprintUserMessages: [Stanok_2] 43.163315
[2025.06.22-21.07.13:102][955]LogBlueprintUserMessages: [Stanok_2] 44.715042
[2025.06.22-21.07.13:111][956]LogBlueprintUserMessages: [Stanok_2] 46.266769
[2025.06.22-21.07.13:121][957]LogBlueprintUserMessages: [Stanok_2] 47.818481
[2025.06.22-21.07.13:127][958]LogBlueprintUserMessages: [Stanok_2] 47.818481
[2025.06.22-21.07.13:136][959]LogBlueprintUserMessages: [Stanok_2] 47.818481
[2025.06.22-21.07.13:144][960]LogBlueprintUserMessages: [Stanok_2] 47.818481
[2025.06.22-21.07.13:153][961]LogBlueprintUserMessages: [Stanok_2] 47.818481
[2025.06.22-21.07.13:160][962]LogBlueprintUserMessages: [Stanok_2] 46.266769
[2025.06.22-21.07.13:169][963]LogBlueprintUserMessages: [Stanok_2] 44.715042
[2025.06.22-21.07.13:177][964]LogBlueprintUserMessages: [Stanok_2] 43.163315
[2025.06.22-21.07.13:186][965]LogBlueprintUserMessages: [Stanok_2] 41.611603
[2025.06.22-21.07.13:194][966]LogBlueprintUserMessages: [Stanok_2] 40.05986
[2025.06.22-21.07.13:202][967]LogBlueprintUserMessages: [Stanok_2] 38.508148
[2025.06.22-21.07.13:211][968]LogBlueprintUserMessages: [Stanok_2] 36.956421
[2025.06.22-21.07.13:219][969]LogBlueprintUserMessages: [Stanok_2] 35.404694
[2025.06.22-21.07.13:227][970]LogBlueprintUserMessages: [Stanok_2] 33.852982
[2025.06.22-21.07.13:236][971]LogBlueprintUserMessages: [Stanok_2] 32.301239
[2025.06.22-21.07.13:244][972]LogBlueprintUserMessages: [Stanok_2] 30.749527
[2025.06.22-21.07.13:253][973]LogBlueprintUserMessages: [Stanok_2] 29.1978
[2025.06.22-21.07.13:260][974]LogBlueprintUserMessages: [Stanok_2] 27.646088
[2025.06.22-21.07.13:269][975]LogBlueprintUserMessages: [Stanok_2] 26.09436
[2025.06.22-21.07.13:278][976]LogBlueprintUserMessages: [Stanok_2] 24.542618
[2025.06.22-21.07.13:286][977]LogBlueprintUserMessages: [Stanok_2] 22.990906
[2025.06.22-21.07.13:294][978]LogBlueprintUserMessages: [Stanok_2] 21.439178
[2025.06.22-21.07.13:302][979]LogBlueprintUserMessages: [Stanok_2] 19.887466
[2025.06.22-21.07.13:310][980]LogBlueprintUserMessages: [Stanok_2] 18.335724
[2025.06.22-21.07.13:319][981]LogBlueprintUserMessages: [Stanok_2] 16.783997
[2025.06.22-21.07.13:327][982]LogBlueprintUserMessages: [Stanok_2] 15.232285
[2025.06.22-21.07.13:336][983]LogBlueprintUserMessages: [Stanok_2] 13.680557
[2025.06.22-21.07.13:344][984]LogBlueprintUserMessages: [Stanok_2] 12.128845
[2025.06.22-21.07.13:352][985]LogBlueprintUserMessages: [Stanok_2] 10.577103
[2025.06.22-21.07.13:360][986]LogBlueprintUserMessages: [Stanok_2] 9.025391
[2025.06.22-21.07.13:369][987]LogBlueprintUserMessages: [Stanok_2] 7.473663
[2025.06.22-21.07.13:377][988]LogBlueprintUserMessages: [Stanok_2] 5.921936
[2025.06.22-21.07.13:386][989]LogBlueprintUserMessages: [Stanok_2] 4.370224
[2025.06.22-21.07.13:394][990]LogBlueprintUserMessages: [Stanok_2] 2.818481
[2025.06.22-21.07.13:402][991]LogBlueprintUserMessages: [Stanok_2] 1.266769
[2025.06.22-21.07.13:410][992]LogBlueprintUserMessages: [Stanok_2] -0.284958
[2025.06.22-21.07.13:419][993]LogBlueprintUserMessages: [Stanok_2] -1.836685
[2025.06.22-21.07.13:427][994]LogBlueprintUserMessages: [Stanok_2] -1.836685
[2025.06.22-21.07.13:436][995]LogBlueprintUserMessages: [Stanok_2] -0.284958
[2025.06.22-21.07.13:444][996]LogBlueprintUserMessages: [Stanok_2] 1.266769
[2025.06.22-21.07.13:452][997]LogBlueprintUserMessages: [Stanok_2] 2.818481
[2025.06.22-21.07.13:460][998]LogBlueprintUserMessages: [Stanok_2] 4.370224
[2025.06.22-21.07.13:469][999]LogBlueprintUserMessages: [Stanok_2] 5.921936
[2025.06.22-21.07.13:477][  0]LogBlueprintUserMessages: [Stanok_2] 7.473663
[2025.06.22-21.07.13:486][  1]LogBlueprintUserMessages: [Stanok_2] 9.025391
[2025.06.22-21.07.13:493][  2]LogBlueprintUserMessages: [Stanok_2] 10.577103
[2025.06.22-21.07.13:502][  3]LogBlueprintUserMessages: [Stanok_2] 12.128845
[2025.06.22-21.07.13:511][  4]LogBlueprintUserMessages: [Stanok_2] 13.680557
[2025.06.22-21.07.13:519][  5]LogBlueprintUserMessages: [Stanok_2] 15.232285
[2025.06.22-21.07.13:527][  6]LogBlueprintUserMessages: [Stanok_2] 16.783997
[2025.06.22-21.07.13:536][  7]LogBlueprintUserMessages: [Stanok_2] 18.335724
[2025.06.22-21.07.13:543][  8]LogBlueprintUserMessages: [Stanok_2] 19.887466
[2025.06.22-21.07.13:552][  9]LogBlueprintUserMessages: [Stanok_2] 21.439178
[2025.06.22-21.07.13:561][ 10]LogBlueprintUserMessages: [Stanok_2] 22.990906
[2025.06.22-21.07.13:569][ 11]LogBlueprintUserMessages: [Stanok_2] 24.542618
[2025.06.22-21.07.13:577][ 12]LogBlueprintUserMessages: [Stanok_2] 26.09436
[2025.06.22-21.07.13:586][ 13]LogBlueprintUserMessages: [Stanok_2] 27.646088
[2025.06.22-21.07.13:594][ 14]LogBlueprintUserMessages: [Stanok_2] 29.1978
[2025.06.22-21.07.13:602][ 15]LogBlueprintUserMessages: [Stanok_2] 30.749527
[2025.06.22-21.07.13:611][ 16]LogBlueprintUserMessages: [Stanok_2] 32.301239
[2025.06.22-21.07.13:619][ 17]LogBlueprintUserMessages: [Stanok_2] 33.852982
[2025.06.22-21.07.13:627][ 18]LogBlueprintUserMessages: [Stanok_2] 35.404694
[2025.06.22-21.07.13:636][ 19]LogBlueprintUserMessages: [Stanok_2] 36.956421
[2025.06.22-21.07.13:644][ 20]LogBlueprintUserMessages: [Stanok_2] 38.508148
[2025.06.22-21.07.13:652][ 21]LogBlueprintUserMessages: [Stanok_2] 40.05986
[2025.06.22-21.07.13:660][ 22]LogBlueprintUserMessages: [Stanok_2] 40.05986
[2025.06.22-21.07.13:669][ 23]LogBlueprintUserMessages: [Stanok_2] 40.05986
[2025.06.22-21.07.13:677][ 24]LogBlueprintUserMessages: [Stanok_2] 40.05986
[2025.06.22-21.07.13:686][ 25]LogBlueprintUserMessages: [Stanok_2] 40.05986
[2025.06.22-21.07.13:694][ 26]LogBlueprintUserMessages: [Stanok_2] 40.05986
[2025.06.22-21.07.13:702][ 27]LogBlueprintUserMessages: [Stanok_2] 40.05986
[2025.06.22-21.07.13:711][ 28]LogBlueprintUserMessages: [Stanok_2] 40.05986
[2025.06.22-21.07.13:718][ 29]LogBlueprintUserMessages: [Stanok_2] 40.05986
[2025.06.22-21.07.13:726][ 30]LogBlueprintUserMessages: [Stanok_2] 40.05986
[2025.06.22-21.07.13:736][ 31]LogBlueprintUserMessages: [Stanok_2] 40.05986
[2025.06.22-21.07.13:744][ 32]LogBlueprintUserMessages: [Stanok_2] 40.05986
[2025.06.22-21.07.13:752][ 33]LogBlueprintUserMessages: [Stanok_2] 40.05986
[2025.06.22-21.07.13:761][ 34]LogBlueprintUserMessages: [Stanok_2] 40.05986
[2025.06.22-21.07.13:769][ 35]LogBlueprintUserMessages: [Stanok_2] 40.05986
[2025.06.22-21.07.13:777][ 36]LogBlueprintUserMessages: [Stanok_2] 40.05986
[2025.06.22-21.07.13:786][ 37]LogBlueprintUserMessages: [Stanok_2] 40.05986
[2025.06.22-21.07.13:794][ 38]LogBlueprintUserMessages: [Stanok_2] 40.05986
[2025.06.22-21.07.13:802][ 39]LogBlueprintUserMessages: [Stanok_2] 40.05986
[2025.06.22-21.07.13:811][ 40]LogBlueprintUserMessages: [Stanok_2] 40.05986
[2025.06.22-21.07.13:819][ 41]LogBlueprintUserMessages: [Stanok_2] 40.05986
[2025.06.22-21.07.13:827][ 42]LogBlueprintUserMessages: [Stanok_2] 40.05986
[2025.06.22-21.07.13:835][ 43]LogBlueprintUserMessages: [Stanok_2] 40.05986
[2025.06.22-21.07.13:844][ 44]LogBlueprintUserMessages: [Stanok_2] 40.05986
[2025.06.22-21.07.13:852][ 45]LogBlueprintUserMessages: [Stanok_2] 40.05986
[2025.06.22-21.07.13:861][ 46]LogBlueprintUserMessages: [Stanok_2] 40.05986
[2025.06.22-21.07.13:869][ 47]LogBlueprintUserMessages: [Stanok_2] 40.05986
[2025.06.22-21.07.13:877][ 48]LogBlueprintUserMessages: [Stanok_2] 40.05986
[2025.06.22-21.07.13:885][ 49]LogBlueprintUserMessages: [Stanok_2] 40.05986
[2025.06.22-21.07.13:893][ 50]LogBlueprintUserMessages: [Stanok_2] 40.05986
[2025.06.22-21.07.13:902][ 51]LogBlueprintUserMessages: [Stanok_2] 40.05986
[2025.06.22-21.07.13:910][ 52]LogBlueprintUserMessages: [Stanok_2] 40.05986
[2025.06.22-21.07.13:919][ 53]LogBlueprintUserMessages: [Stanok_2] 40.05986
[2025.06.22-21.07.13:927][ 54]LogBlueprintUserMessages: [Stanok_2] 40.05986
[2025.06.22-21.07.13:935][ 55]LogBlueprintUserMessages: [Stanok_2] 40.05986
[2025.06.22-21.07.13:944][ 56]LogBlueprintUserMessages: [Stanok_2] 40.05986
[2025.06.22-21.07.13:952][ 57]LogBlueprintUserMessages: [Stanok_2] 40.05986
[2025.06.22-21.07.13:960][ 58]LogBlueprintUserMessages: [Stanok_2] 40.05986
[2025.06.22-21.07.13:969][ 59]LogBlueprintUserMessages: [Stanok_2] 40.05986
[2025.06.22-21.07.13:977][ 60]LogBlueprintUserMessages: [Stanok_2] 40.05986
[2025.06.22-21.07.13:986][ 61]LogBlueprintUserMessages: [Stanok_2] 40.05986
[2025.06.22-21.07.13:994][ 62]LogBlueprintUserMessages: [Stanok_2] 40.05986
[2025.06.22-21.07.14:002][ 63]LogBlueprintUserMessages: [Stanok_2] 40.05986
[2025.06.22-21.07.14:011][ 64]LogBlueprintUserMessages: [Stanok_2] 40.05986
[2025.06.22-21.07.14:018][ 65]LogBlueprintUserMessages: [Stanok_2] 40.05986
[2025.06.22-21.07.14:027][ 66]LogBlueprintUserMessages: [Stanok_2] 40.05986
[2025.06.22-21.07.14:034][ 67]LogBlueprintUserMessages: [Stanok_2] 40.05986
[2025.06.22-21.07.14:044][ 68]LogBlueprintUserMessages: [Stanok_2] 40.05986
[2025.06.22-21.07.14:052][ 69]LogBlueprintUserMessages: [Stanok_2] 40.05986
[2025.06.22-21.07.14:060][ 70]LogBlueprintUserMessages: [Stanok_2] 40.05986
[2025.06.22-21.07.14:068][ 71]LogBlueprintUserMessages: [Stanok_2] 40.05986
[2025.06.22-21.07.14:077][ 72]LogBlueprintUserMessages: [Stanok_2] 40.05986
[2025.06.22-21.07.14:086][ 73]LogBlueprintUserMessages: [Stanok_2] 40.05986
[2025.06.22-21.07.14:094][ 74]LogBlueprintUserMessages: [Stanok_2] 40.05986
[2025.06.22-21.07.14:102][ 75]LogBlueprintUserMessages: [Stanok_2] 40.05986
[2025.06.22-21.07.14:110][ 76]LogBlueprintUserMessages: [Stanok_2] 40.05986
[2025.06.22-21.07.14:119][ 77]LogBlueprintUserMessages: [Stanok_2] 40.05986
[2025.06.22-21.07.14:126][ 78]LogBlueprintUserMessages: [Stanok_2] 40.05986
[2025.06.22-21.07.14:135][ 79]LogBlueprintUserMessages: [Stanok_2] 40.05986
[2025.06.22-21.07.14:144][ 80]LogBlueprintUserMessages: [Stanok_2] 40.05986
[2025.06.22-21.07.14:152][ 81]LogBlueprintUserMessages: [Stanok_2] 40.05986
[2025.06.22-21.07.14:161][ 82]LogBlueprintUserMessages: [Stanok_2] 40.05986
[2025.06.22-21.07.14:168][ 83]LogBlueprintUserMessages: [Stanok_2] 40.05986
[2025.06.22-21.07.14:177][ 84]LogBlueprintUserMessages: [Stanok_2] 40.05986
[2025.06.22-21.07.14:186][ 85]LogBlueprintUserMessages: [Stanok_2] 40.05986
[2025.06.22-21.07.14:194][ 86]LogBlueprintUserMessages: [Stanok_2] 40.05986
[2025.06.22-21.07.14:202][ 87]LogBlueprintUserMessages: [Stanok_2] 40.05986
[2025.06.22-21.07.14:211][ 88]LogBlueprintUserMessages: [Stanok_2] 40.05986
[2025.06.22-21.07.14:219][ 89]LogBlueprintUserMessages: [Stanok_2] 40.05986
[2025.06.22-21.07.14:227][ 90]LogBlueprintUserMessages: [Stanok_2] 40.05986
[2025.06.22-21.07.14:236][ 91]LogBlueprintUserMessages: [Stanok_2] 40.05986
[2025.06.22-21.07.14:244][ 92]LogBlueprintUserMessages: [Stanok_2] 40.05986
[2025.06.22-21.07.14:252][ 93]LogBlueprintUserMessages: [Stanok_2] 40.05986
[2025.06.22-21.07.14:260][ 94]LogBlueprintUserMessages: [Stanok_2] 40.05986
[2025.06.22-21.07.14:269][ 95]LogBlueprintUserMessages: [Stanok_2] 40.05986
[2025.06.22-21.07.14:277][ 96]LogBlueprintUserMessages: [Stanok_2] 40.05986
[2025.06.22-21.07.14:286][ 97]LogBlueprintUserMessages: [Stanok_2] 40.05986
[2025.06.22-21.07.14:294][ 98]LogBlueprintUserMessages: [Stanok_2] 40.05986
[2025.06.22-21.07.14:302][ 99]LogBlueprintUserMessages: [Stanok_2] 40.05986
[2025.06.22-21.07.14:310][100]LogBlueprintUserMessages: [Stanok_2] 40.05986
[2025.06.22-21.07.14:319][101]LogBlueprintUserMessages: [Stanok_2] 40.05986
[2025.06.22-21.07.14:327][102]LogBlueprintUserMessages: [Stanok_2] 40.05986
[2025.06.22-21.07.14:336][103]LogBlueprintUserMessages: [Stanok_2] 40.05986
[2025.06.22-21.07.14:344][104]LogBlueprintUserMessages: [Stanok_2] 40.05986
[2025.06.22-21.07.14:352][105]LogBlueprintUserMessages: [Stanok_2] 40.05986
[2025.06.22-21.07.14:361][106]LogBlueprintUserMessages: [Stanok_2] 40.05986
[2025.06.22-21.07.14:369][107]LogBlueprintUserMessages: [Stanok_2] 40.05986
[2025.06.22-21.07.14:378][108]LogBlueprintUserMessages: [Stanok_2] 40.05986
[2025.06.22-21.07.14:386][109]LogBlueprintUserMessages: [Stanok_2] 40.05986
[2025.06.22-21.07.14:394][110]LogBlueprintUserMessages: [Stanok_2] 40.05986
[2025.06.22-21.07.14:402][111]LogBlueprintUserMessages: [Stanok_2] 40.05986
[2025.06.22-21.07.14:411][112]LogBlueprintUserMessages: [Stanok_2] 40.05986
[2025.06.22-21.07.14:419][113]LogBlueprintUserMessages: [Stanok_2] 40.05986
[2025.06.22-21.07.14:427][114]LogBlueprintUserMessages: [Stanok_2] 40.05986
[2025.06.22-21.07.14:436][115]LogBlueprintUserMessages: [Stanok_2] 40.05986
[2025.06.22-21.07.14:444][116]LogBlueprintUserMessages: [Stanok_2] 40.05986
[2025.06.22-21.07.14:453][117]LogBlueprintUserMessages: [Stanok_2] 40.05986
[2025.06.22-21.07.14:460][118]LogBlueprintUserMessages: [Stanok_2] 40.05986
[2025.06.22-21.07.14:469][119]LogBlueprintUserMessages: [Stanok_2] 40.05986
[2025.06.22-21.07.14:478][120]LogBlueprintUserMessages: [Stanok_2] 40.05986
[2025.06.22-21.07.14:488][121]LogBlueprintUserMessages: [Stanok_2] 40.05986
[2025.06.22-21.07.14:494][122]LogBlueprintUserMessages: [Stanok_2] 40.05986
[2025.06.22-21.07.14:502][123]LogBlueprintUserMessages: [Stanok_2] 40.05986
[2025.06.22-21.07.14:511][124]LogBlueprintUserMessages: [Stanok_2] 40.05986
[2025.06.22-21.07.14:519][125]LogBlueprintUserMessages: [Stanok_2] 40.05986
[2025.06.22-21.07.14:527][126]LogBlueprintUserMessages: [Stanok_2] 40.05986
[2025.06.22-21.07.14:536][127]LogBlueprintUserMessages: [Stanok_2] 40.05986
[2025.06.22-21.07.14:544][128]LogBlueprintUserMessages: [Stanok_2] 40.05986
[2025.06.22-21.07.14:552][129]LogBlueprintUserMessages: [Stanok_2] 40.05986
[2025.06.22-21.07.14:561][130]LogBlueprintUserMessages: [Stanok_2] 40.05986
[2025.06.22-21.07.14:569][131]LogBlueprintUserMessages: [Stanok_2] 40.05986
[2025.06.22-21.07.14:577][132]LogBlueprintUserMessages: [Stanok_2] 40.05986
[2025.06.22-21.07.14:585][133]LogBlueprintUserMessages: [Stanok_2] 40.05986
[2025.06.22-21.07.14:593][134]LogBlueprintUserMessages: [Stanok_2] 40.05986
[2025.06.22-21.07.14:602][135]LogBlueprintUserMessages: [Stanok_2] 40.05986
[2025.06.22-21.07.14:610][136]LogBlueprintUserMessages: [Stanok_2] 40.05986
[2025.06.22-21.07.14:619][137]LogBlueprintUserMessages: [Stanok_2] 40.05986
[2025.06.22-21.07.14:627][138]LogBlueprintUserMessages: [Stanok_2] 40.05986
[2025.06.22-21.07.14:635][139]LogBlueprintUserMessages: [Stanok_2] 40.05986
[2025.06.22-21.07.14:644][140]LogBlueprintUserMessages: [Stanok_2] 40.05986
[2025.06.22-21.07.14:652][141]LogBlueprintUserMessages: [Stanok_2] 40.05986
[2025.06.22-21.07.14:661][142]LogBlueprintUserMessages: [Stanok_2] 40.05986
[2025.06.22-21.07.14:668][143]LogBlueprintUserMessages: [Stanok_2] 40.05986
[2025.06.22-21.07.14:677][144]LogBlueprintUserMessages: [Stanok_2] 40.05986
[2025.06.22-21.07.14:686][145]LogBlueprintUserMessages: [Stanok_2] 40.05986
[2025.06.22-21.07.14:693][146]LogBlueprintUserMessages: [Stanok_2] 40.05986
[2025.06.22-21.07.14:702][147]LogBlueprintUserMessages: [Stanok_2] 40.05986
[2025.06.22-21.07.14:710][148]LogBlueprintUserMessages: [Stanok_2] 40.05986
[2025.06.22-21.07.14:719][149]LogBlueprintUserMessages: [Stanok_2] 40.05986
[2025.06.22-21.07.14:727][150]LogBlueprintUserMessages: [Stanok_2] 40.05986
[2025.06.22-21.07.14:736][151]LogBlueprintUserMessages: [Stanok_2] 40.05986
[2025.06.22-21.07.14:744][152]LogBlueprintUserMessages: [Stanok_2] 40.05986
[2025.06.22-21.07.14:752][153]LogBlueprintUserMessages: [Stanok_2] 40.05986
[2025.06.22-21.07.14:760][154]LogBlueprintUserMessages: [Stanok_2] 40.05986
[2025.06.22-21.07.14:768][155]LogBlueprintUserMessages: [Stanok_2] 40.05986
[2025.06.22-21.07.14:777][156]LogBlueprintUserMessages: [Stanok_2] 40.05986
[2025.06.22-21.07.14:786][157]LogBlueprintUserMessages: [Stanok_2] 40.05986
[2025.06.22-21.07.14:794][158]LogBlueprintUserMessages: [Stanok_2] 40.05986
[2025.06.22-21.07.14:802][159]LogBlueprintUserMessages: [Stanok_2] 40.05986
[2025.06.22-21.07.14:810][160]LogBlueprintUserMessages: [Stanok_2] 40.05986
[2025.06.22-21.07.14:819][161]LogBlueprintUserMessages: [Stanok_2] 40.05986
[2025.06.22-21.07.14:827][162]LogBlueprintUserMessages: [Stanok_2] 40.05986
[2025.06.22-21.07.14:836][163]LogBlueprintUserMessages: [Stanok_2] 40.05986
[2025.06.22-21.07.14:844][164]LogBlueprintUserMessages: [Stanok_2] 40.05986
[2025.06.22-21.07.14:852][165]LogBlueprintUserMessages: [Stanok_2] 40.05986
[2025.06.22-21.07.14:861][166]LogBlueprintUserMessages: [Stanok_2] 40.05986
[2025.06.22-21.07.14:869][167]LogBlueprintUserMessages: [Stanok_2] 40.05986
[2025.06.22-21.07.14:877][168]LogBlueprintUserMessages: [Stanok_2] 40.05986
[2025.06.22-21.07.14:886][169]LogBlueprintUserMessages: [Stanok_2] 40.05986
[2025.06.22-21.07.14:894][170]LogBlueprintUserMessages: [Stanok_2] 40.05986
[2025.06.22-21.07.14:904][171]LogBlueprintUserMessages: [Stanok_2] 40.05986
[2025.06.22-21.07.14:911][172]LogBlueprintUserMessages: [Stanok_2] 40.05986
[2025.06.22-21.07.14:919][173]LogBlueprintUserMessages: [Stanok_2] 40.05986
[2025.06.22-21.07.14:928][174]LogBlueprintUserMessages: [Stanok_2] 40.05986
[2025.06.22-21.07.14:936][175]LogBlueprintUserMessages: [Stanok_2] 40.05986
[2025.06.22-21.07.14:944][176]LogBlueprintUserMessages: [Stanok_2] 40.05986
[2025.06.22-21.07.14:952][177]LogBlueprintUserMessages: [Stanok_2] 40.05986
[2025.06.22-21.07.14:961][178]LogBlueprintUserMessages: [Stanok_2] 40.05986
[2025.06.22-21.07.14:969][179]LogBlueprintUserMessages: [Stanok_2] 40.05986
[2025.06.22-21.07.14:977][180]LogBlueprintUserMessages: [Stanok_2] 40.05986
[2025.06.22-21.07.14:985][181]LogBlueprintUserMessages: [Stanok_2] 40.05986
[2025.06.22-21.07.14:993][182]LogBlueprintUserMessages: [Stanok_2] 40.05986
[2025.06.22-21.07.15:002][183]LogBlueprintUserMessages: [Stanok_2] 40.05986
[2025.06.22-21.07.15:011][184]LogBlueprintUserMessages: [Stanok_2] 40.05986
[2025.06.22-21.07.15:019][185]LogBlueprintUserMessages: [Stanok_2] 40.05986
[2025.06.22-21.07.15:027][186]LogBlueprintUserMessages: [Stanok_2] 40.05986
[2025.06.22-21.07.15:036][187]LogBlueprintUserMessages: [Stanok_2] 40.05986
[2025.06.22-21.07.15:044][188]LogBlueprintUserMessages: [Stanok_2] 40.05986
[2025.06.22-21.07.15:052][189]LogBlueprintUserMessages: [Stanok_2] 40.05986
[2025.06.22-21.07.15:060][190]LogBlueprintUserMessages: [Stanok_2] 40.05986
[2025.06.22-21.07.15:069][191]LogBlueprintUserMessages: [Stanok_2] 40.05986
[2025.06.22-21.07.15:077][192]LogBlueprintUserMessages: [Stanok_2] 40.05986
[2025.06.22-21.07.15:086][193]LogBlueprintUserMessages: [Stanok_2] 40.05986
[2025.06.22-21.07.15:094][194]LogBlueprintUserMessages: [Stanok_2] 40.05986
[2025.06.22-21.07.15:102][195]LogBlueprintUserMessages: [Stanok_2] 40.05986
[2025.06.22-21.07.15:111][196]LogBlueprintUserMessages: [Stanok_2] 40.05986
[2025.06.22-21.07.15:119][197]LogBlueprintUserMessages: [Stanok_2] 40.05986
[2025.06.22-21.07.15:127][198]LogBlueprintUserMessages: [Stanok_2] 40.05986
[2025.06.22-21.07.15:136][199]LogBlueprintUserMessages: [Stanok_2] 40.05986
[2025.06.22-21.07.15:144][200]LogBlueprintUserMessages: [Stanok_2] 40.05986
[2025.06.22-21.07.15:152][201]LogBlueprintUserMessages: [Stanok_2] 40.05986
[2025.06.22-21.07.15:161][202]LogBlueprintUserMessages: [Stanok_2] 40.05986
[2025.06.22-21.07.15:169][203]LogBlueprintUserMessages: [Stanok_2] 40.05986
[2025.06.22-21.07.15:177][204]LogBlueprintUserMessages: [Stanok_2] 40.05986
[2025.06.22-21.07.15:186][205]LogBlueprintUserMessages: [Stanok_2] 40.05986
[2025.06.22-21.07.15:194][206]LogBlueprintUserMessages: [Stanok_2] 40.05986
[2025.06.22-21.07.15:202][207]LogBlueprintUserMessages: [Stanok_2] 40.05986
[2025.06.22-21.07.15:211][208]LogBlueprintUserMessages: [Stanok_2] 40.05986
[2025.06.22-21.07.15:219][209]LogBlueprintUserMessages: [Stanok_2] 40.05986
[2025.06.22-21.07.15:227][210]LogBlueprintUserMessages: [Stanok_2] 40.05986
[2025.06.22-21.07.15:236][211]LogBlueprintUserMessages: [Stanok_2] 40.05986
[2025.06.22-21.07.15:245][212]LogBlueprintUserMessages: [Stanok_2] 40.05986
[2025.06.22-21.07.15:252][213]LogBlueprintUserMessages: [Stanok_2] 40.05986
[2025.06.22-21.07.15:261][214]LogBlueprintUserMessages: [Stanok_2] 40.05986
[2025.06.22-21.07.15:269][215]LogBlueprintUserMessages: [Stanok_2] 40.05986
[2025.06.22-21.07.15:278][216]LogBlueprintUserMessages: [Stanok_2] 40.05986
[2025.06.22-21.07.15:285][217]LogBlueprintUserMessages: [Stanok_2] 40.05986
[2025.06.22-21.07.15:294][218]LogBlueprintUserMessages: [Stanok_2] 40.05986
[2025.06.22-21.07.15:302][219]LogBlueprintUserMessages: [Stanok_2] 40.05986
[2025.06.22-21.07.15:311][220]LogBlueprintUserMessages: [Stanok_2] 40.05986
[2025.06.22-21.07.15:319][221]LogBlueprintUserMessages: [Stanok_2] 40.05986
[2025.06.22-21.07.15:327][222]LogBlueprintUserMessages: [Stanok_2] 40.05986
[2025.06.22-21.07.15:336][223]LogBlueprintUserMessages: [Stanok_2] 40.05986
[2025.06.22-21.07.15:344][224]LogBlueprintUserMessages: [Stanok_2] 40.05986
[2025.06.22-21.07.15:352][225]LogBlueprintUserMessages: [Stanok_2] 40.05986
[2025.06.22-21.07.15:360][226]LogBlueprintUserMessages: [Stanok_2] 40.05986
[2025.06.22-21.07.15:369][227]LogBlueprintUserMessages: [Stanok_2] 40.05986
[2025.06.22-21.07.15:377][228]LogBlueprintUserMessages: [Stanok_2] 40.05986
[2025.06.22-21.07.15:386][229]LogBlueprintUserMessages: [Stanok_2] 40.05986
[2025.06.22-21.07.15:394][230]LogBlueprintUserMessages: [Stanok_2] 40.05986
[2025.06.22-21.07.15:402][231]LogBlueprintUserMessages: [Stanok_2] 40.05986
[2025.06.22-21.07.15:410][232]LogBlueprintUserMessages: [Stanok_2] 40.05986
[2025.06.22-21.07.15:419][233]LogBlueprintUserMessages: [Stanok_2] 40.05986
[2025.06.22-21.07.15:427][234]LogBlueprintUserMessages: [Stanok_2] 40.05986
[2025.06.22-21.07.15:436][235]LogBlueprintUserMessages: [Stanok_2] 40.05986
[2025.06.22-21.07.15:444][236]LogBlueprintUserMessages: [Stanok_2] 40.05986
[2025.06.22-21.07.15:452][237]LogBlueprintUserMessages: [Stanok_2] 40.05986
[2025.06.22-21.07.15:460][238]LogBlueprintUserMessages: [Stanok_2] 40.05986
[2025.06.22-21.07.15:469][239]LogBlueprintUserMessages: [Stanok_2] 40.05986
[2025.06.22-21.07.15:477][240]LogBlueprintUserMessages: [Stanok_2] 40.05986
[2025.06.22-21.07.15:486][241]LogBlueprintUserMessages: [Stanok_2] 40.05986
[2025.06.22-21.07.15:494][242]LogBlueprintUserMessages: [Stanok_2] 40.05986
[2025.06.22-21.07.15:502][243]LogBlueprintUserMessages: [Stanok_2] 40.05986
[2025.06.22-21.07.15:510][244]LogBlueprintUserMessages: [Stanok_2] 40.05986
[2025.06.22-21.07.15:519][245]LogBlueprintUserMessages: [Stanok_2] 40.05986
[2025.06.22-21.07.15:528][246]LogBlueprintUserMessages: [Stanok_2] 40.05986
[2025.06.22-21.07.15:536][247]LogBlueprintUserMessages: [Stanok_2] 40.05986
[2025.06.22-21.07.15:544][248]LogBlueprintUserMessages: [Stanok_2] 40.05986
[2025.06.22-21.07.15:552][249]LogBlueprintUserMessages: [Stanok_2] 40.05986
[2025.06.22-21.07.15:560][250]LogBlueprintUserMessages: [Stanok_2] 40.05986
[2025.06.22-21.07.15:568][251]LogBlueprintUserMessages: [Stanok_2] 40.05986
[2025.06.22-21.07.15:577][252]LogBlueprintUserMessages: [Stanok_2] 40.05986
[2025.06.22-21.07.15:586][253]LogBlueprintUserMessages: [Stanok_2] 40.05986
[2025.06.22-21.07.15:594][254]LogBlueprintUserMessages: [Stanok_2] 40.05986
[2025.06.22-21.07.15:617][254]LogSlate: Updating window title bar state: overlay mode, drag disabled, window buttons hidden, title bar hidden
[2025.06.22-21.07.15:617][254]LogWorld: BeginTearingDown for /Game/Maps/UEDPIE_0_Dopusk
[2025.06.22-21.07.15:617][254]LogWorld: UWorld::CleanupWorld for Dopusk, bSessionEnded=true, bCleanupResources=true
[2025.06.22-21.07.15:618][254]LogSlate: InvalidateAllWidgets triggered.  All widgets were invalidated
[2025.06.22-21.07.15:628][254]LogPlayLevel: Display: Shutting down PIE online subsystems
[2025.06.22-21.07.15:634][254]LogSlate: InvalidateAllWidgets triggered.  All widgets were invalidated
[2025.06.22-21.07.15:661][254]LogSlate: Updating window title bar state: overlay mode, drag disabled, window buttons hidden, title bar hidden
[2025.06.22-21.07.15:661][254]LogAudioMixer: FMixerPlatformXAudio2::StopAudioStream() called
[2025.06.22-21.07.15:663][254]LogAudioMixer: FMixerPlatformXAudio2::StopAudioStream() called
[2025.06.22-21.07.15:672][254]LogUObjectHash: Compacting FUObjectHashTables data took   2.81ms
[2025.06.22-21.07.15:713][256]LogPlayLevel: Display: Destroying online subsystem :Context_5
[2025.06.22-21.07.16:737][372]LogUObjectHash: Compacting FUObjectHashTables data took   2.22ms
[2025.06.22-21.07.16:750][372]LogWorld: UWorld::CleanupWorld for World_0, bSessionEnded=true, bCleanupResources=true
[2025.06.22-21.07.16:750][372]LogSlate: InvalidateAllWidgets triggered.  All widgets were invalidated
[2025.06.22-21.07.16:818][372]LogSlate: Window 'task1 - Unreal Editor' being destroyed
[2025.06.22-21.07.16:819][372]LogWindowsTextInputMethodSystem: Display: IME system deactivated.
[2025.06.22-21.07.16:943][373]Cmd: QUIT_EDITOR
[2025.06.22-21.07.16:943][373]LogCore: Engine exit requested (reason: UUnrealEdEngine::CloseEditor())
[2025.06.22-21.07.16:946][373]LogCore: Engine exit requested (reason: EngineExit() was called; note: exit was already requested)
[2025.06.22-21.07.17:587][373]LogAudio: Display: Beginning Audio Device Manager Shutdown (Module: AudioMixerXAudio2)...
[2025.06.22-21.07.17:587][373]LogAudio: Display: Destroying 1 Remaining Audio Device(s)...
[2025.06.22-21.07.17:587][373]LogAudio: Display: Audio Device unregistered from world 'Dopusk'.
[2025.06.22-21.07.17:588][373]LogAudioMixer: FMixerPlatformXAudio2::StopAudioStream() called
[2025.06.22-21.07.17:591][373]LogAudioMixer: FMixerPlatformXAudio2::StopAudioStream() called
[2025.06.22-21.07.17:597][373]LogAudio: Display: Audio Device Manager Shutdown
[2025.06.22-21.07.17:619][373]LogExit: Preparing to exit.
[2025.06.22-21.07.18:305][373]LogUObjectHash: Compacting FUObjectHashTables data took   6.27ms
[2025.06.22-21.07.18:426][373]LogWorld: UWorld::CleanupWorld for World_1, bSessionEnded=true, bCleanupResources=true
[2025.06.22-21.07.18:431][373]LogWorld: UWorld::CleanupWorld for World_2, bSessionEnded=true, bCleanupResources=true
[2025.06.22-21.07.18:532][373]LogDemo: Cleaned up 0 splitscreen connections with owner deletion
[2025.06.22-21.07.18:549][373]LogWorld: UWorld::CleanupWorld for None, bSessionEnded=true, bCleanupResources=true
[2025.06.22-21.07.18:549][373]LogExit: Editor shut down
[2025.06.22-21.07.18:550][373]LogExit: Transaction tracking system shut down
[2025.06.22-21.07.19:036][373]LogExit: Object subsystem successfully closed.
[2025.06.22-21.07.19:097][373]LogShaderCompilers: Display: === FShaderJobCache stats ===
[2025.06.22-21.07.19:097][373]LogShaderCompilers: Display: Total job queries 0, among them cache hits 0 (0.00%)
[2025.06.22-21.07.19:097][373]LogShaderCompilers: Display: Tracking 0 distinct input hashes that result in 0 distinct outputs (0.00%)
[2025.06.22-21.07.19:097][373]LogShaderCompilers: Display: RAM used: 0.00 MB (0.00 GB) of 819.20 MB (0.80 GB) budget. Usage: 0.00%
[2025.06.22-21.07.19:097][373]LogShaderCompilers: Display: ================================================
[2025.06.22-21.07.19:114][373]LogShaderCompilers: Display: Shaders left to compile 0
[2025.06.22-21.07.19:167][373]LogModuleManager: Shutting down and abandoning module MovieSceneCapture (880)
[2025.06.22-21.07.19:167][373]LogModuleManager: Shutting down and abandoning module Voice (878)
[2025.06.22-21.07.19:167][373]LogModuleManager: Shutting down and abandoning module BlueprintGraph (876)
[2025.06.22-21.07.19:167][373]LogModuleManager: Shutting down and abandoning module HierarchicalLODOutliner (874)
[2025.06.22-21.07.19:167][373]LogModuleManager: Shutting down and abandoning module SceneOutliner (872)
[2025.06.22-21.07.19:167][373]LogModuleManager: Shutting down and abandoning module AddContentDialog (870)
[2025.06.22-21.07.19:168][373]LogModuleManager: Shutting down and abandoning module WidgetCarousel (869)
[2025.06.22-21.07.19:168][373]LogModuleManager: Shutting down and abandoning module EditorWidgets (866)
[2025.06.22-21.07.19:168][373]LogModuleManager: Shutting down and abandoning module StatsViewer (864)
[2025.06.22-21.07.19:168][373]LogModuleManager: Shutting down and abandoning module PIEPreviewDeviceProfileSelector (862)
[2025.06.22-21.07.19:168][373]LogModuleManager: Shutting down and abandoning module SequenceRecorderSections (860)
[2025.06.22-21.07.19:168][373]LogModuleManager: Shutting down and abandoning module AutomationWorker (858)
[2025.06.22-21.07.19:168][373]LogModuleManager: Shutting down and abandoning module SteamVREditor (856)
[2025.06.22-21.07.19:168][373]LogModuleManager: Shutting down and abandoning module OculusMR (854)
[2025.06.22-21.07.19:168][373]LogModuleManager: Shutting down and abandoning module TakeRecorderSources (852)
[2025.06.22-21.07.19:168][373]LogModuleManager: Shutting down and abandoning module TakeRecorder (851)
[2025.06.22-21.07.19:168][373]LogModuleManager: Shutting down and abandoning module TakeTrackRecorders (848)
[2025.06.22-21.07.19:168][373]LogModuleManager: Shutting down and abandoning module TakesCore (846)
[2025.06.22-21.07.19:168][373]LogModuleManager: Shutting down and abandoning module OpenXRInput (844)
[2025.06.22-21.07.19:168][373]LogModuleManager: Shutting down and abandoning module GooglePADEditor (842)
[2025.06.22-21.07.19:168][373]LogModuleManager: Shutting down and abandoning module AudioCaptureEditor (840)
[2025.06.22-21.07.19:168][373]LogModuleManager: Shutting down and abandoning module TemplateSequenceEditor (838)
[2025.06.22-21.07.19:169][373]LogModuleManager: Shutting down and abandoning module MagicLeapMediaCodecFactory (836)
[2025.06.22-21.07.19:169][373]LogModuleManager: Shutting down and abandoning module MagicLeapMediaFactory (834)
[2025.06.22-21.07.19:169][373]LogModuleManager: Shutting down and abandoning module MagicLeapMediaEditor (832)
[2025.06.22-21.07.19:169][373]LogModuleManager: Shutting down and abandoning module MatineeToLevelSequence (830)
[2025.06.22-21.07.19:169][373]LogModuleManager: Shutting down and abandoning module LevelSequenceEditor (828)
[2025.06.22-21.07.19:169][373]LogModuleManager: Shutting down and abandoning module ActorSequenceEditor (826)
[2025.06.22-21.07.19:169][373]LogModuleManager: Shutting down and abandoning module PlanarCut (824)
[2025.06.22-21.07.19:169][373]LogModuleManager: Shutting down and abandoning module CharacterAI (822)
[2025.06.22-21.07.19:169][373]LogModuleManager: Shutting down and abandoning module WebMMediaFactory (820)
[2025.06.22-21.07.19:169][373]LogModuleManager: Shutting down and abandoning module WebMMediaEditor (818)
[2025.06.22-21.07.19:169][373]LogModuleManager: Shutting down and abandoning module WebMMedia (816)
[2025.06.22-21.07.19:169][373]LogModuleManager: Shutting down and abandoning module OpenExrWrapper (814)
[2025.06.22-21.07.19:169][373]LogModuleManager: Shutting down and abandoning module ImgMediaFactory (812)
[2025.06.22-21.07.19:169][373]LogModuleManager: Shutting down and abandoning module ImgMediaEditor (810)
[2025.06.22-21.07.19:169][373]LogModuleManager: Shutting down and abandoning module WmfMediaFactory (808)
[2025.06.22-21.07.19:169][373]LogModuleManager: Shutting down and abandoning module WmfMediaEditor (806)
[2025.06.22-21.07.19:169][373]LogModuleManager: Shutting down and abandoning module MediaPlayerEditor (804)
[2025.06.22-21.07.19:169][373]LogModuleManager: Shutting down and abandoning module MediaCompositingEditor (802)
[2025.06.22-21.07.19:169][373]LogModuleManager: Shutting down and abandoning module SequenceRecorder (801)
[2025.06.22-21.07.19:169][373]LogModuleManager: Shutting down and abandoning module AvfMediaFactory (798)
[2025.06.22-21.07.19:169][373]LogModuleManager: Shutting down and abandoning module AvfMediaEditor (796)
[2025.06.22-21.07.19:169][373]LogModuleManager: Shutting down and abandoning module AndroidMediaFactory (794)
[2025.06.22-21.07.19:170][373]LogModuleManager: Shutting down and abandoning module AndroidMediaEditor (792)
[2025.06.22-21.07.19:170][373]LogModuleManager: Shutting down and abandoning module TextureAlignMode (790)
[2025.06.22-21.07.19:170][373]LogModuleManager: Shutting down and abandoning module BspMode (788)
[2025.06.22-21.07.19:170][373]LogModuleManager: Shutting down and abandoning module GeometryMode (786)
[2025.06.22-21.07.19:170][373]LogModuleManager: Shutting down and abandoning module CameraShakePreviewer (784)
[2025.06.22-21.07.19:170][373]LogModuleManager: Shutting down and abandoning module SmartSnapping (782)
[2025.06.22-21.07.19:170][373]LogModuleManager: Shutting down and abandoning module SessionServices (780)
[2025.06.22-21.07.19:170][373]LogModuleManager: Shutting down and abandoning module MeshPaint (778)
[2025.06.22-21.07.19:170][373]LogModuleManager: Shutting down and abandoning module VirtualTexturingEditor (776)
[2025.06.22-21.07.19:170][373]LogModuleManager: Shutting down and abandoning module FoliageEdit (774)
[2025.06.22-21.07.19:170][373]LogModuleManager: Shutting down and abandoning module LandscapeEditor (772)
[2025.06.22-21.07.19:170][373]LogModuleManager: Shutting down and abandoning module MeshPaintMode (770)
[2025.06.22-21.07.19:170][373]LogModuleManager: Shutting down and abandoning module SceneDepthPickerMode (768)
[2025.06.22-21.07.19:170][373]LogModuleManager: Shutting down and abandoning module ActorPickerMode (766)
[2025.06.22-21.07.19:170][373]LogModuleManager: Shutting down and abandoning module PlacementMode (764)
[2025.06.22-21.07.19:170][373]LogModuleManager: Shutting down and abandoning module ViewportSnapping (762)
[2025.06.22-21.07.19:170][373]LogModuleManager: Shutting down and abandoning module ViewportInteraction (760)
[2025.06.22-21.07.19:170][373]LogModuleManager: Shutting down and abandoning module ClothPainter (758)
[2025.06.22-21.07.19:170][373]LogModuleManager: Shutting down and abandoning module SkeletalMeshEditor (757)
[2025.06.22-21.07.19:170][373]LogModuleManager: Shutting down and abandoning module LogVisualizer (754)
[2025.06.22-21.07.19:171][373]LogModuleManager: Shutting down and abandoning module IntroTutorials (752)
[2025.06.22-21.07.19:171][373]LogModuleManager: Shutting down and abandoning module GameProjectGeneration (751)
[2025.06.22-21.07.19:171][373]LogModuleManager: Shutting down and abandoning module LuminPlatformEditor (748)
[2025.06.22-21.07.19:171][373]LogModuleManager: Shutting down and abandoning module IOSPlatformEditor (746)
[2025.06.22-21.07.19:171][373]LogModuleManager: Shutting down and abandoning module AndroidPlatformEditor (744)
[2025.06.22-21.07.19:171][373]LogModuleManager: Shutting down and abandoning module AndroidDeviceDetection (743)
[2025.06.22-21.07.20:273][373]LogModuleManager: Shutting down and abandoning module WindowsPlatformEditor (740)
[2025.06.22-21.07.20:273][373]LogModuleManager: Shutting down and abandoning module LuminRuntimeSettings (738)
[2025.06.22-21.07.20:273][373]LogModuleManager: Shutting down and abandoning module IOSRuntimeSettings (736)
[2025.06.22-21.07.20:273][373]LogModuleManager: Shutting down and abandoning module AndroidRuntimeSettings (734)
[2025.06.22-21.07.20:273][373]LogModuleManager: Shutting down and abandoning module TraceInsights (732)
[2025.06.22-21.07.20:273][373]MemoryProfiler: Shutdown
[2025.06.22-21.07.20:273][373]NetworkingProfiler: Shutdown
[2025.06.22-21.07.20:273][373]LoadingProfiler: Shutdown
[2025.06.22-21.07.20:274][373]TimingProfiler: Shutdown
[2025.06.22-21.07.20:274][373]LogModuleManager: Shutting down and abandoning module TraceServices (731)
[2025.06.22-21.07.20:274][373]LogModuleManager: Shutting down and abandoning module EditorInteractiveToolsFramework (728)
[2025.06.22-21.07.20:274][373]LogModuleManager: Shutting down and abandoning module TimeManagementEditor (726)
[2025.06.22-21.07.20:274][373]LogModuleManager: Shutting down and abandoning module InputBindingEditor (724)
[2025.06.22-21.07.20:274][373]LogModuleManager: Shutting down and abandoning module MergeActors (722)
[2025.06.22-21.07.20:274][373]LogModuleManager: Shutting down and abandoning module LocalizationDashboard (720)
[2025.06.22-21.07.20:274][373]LogModuleManager: Shutting down and abandoning module LocalizationService (719)
[2025.06.22-21.07.20:274][373]LogModuleManager: Shutting down and abandoning module HardwareTargeting (716)
[2025.06.22-21.07.20:274][373]LogModuleManager: Shutting down and abandoning module DeviceProfileEditor (714)
[2025.06.22-21.07.20:274][373]LogModuleManager: Shutting down and abandoning module UndoHistory (712)
[2025.06.22-21.07.20:274][373]LogModuleManager: Shutting down and abandoning module XmlParser (710)
[2025.06.22-21.07.20:274][373]LogModuleManager: Shutting down and abandoning module Blutility (708)
[2025.06.22-21.07.20:274][373]LogModuleManager: Shutting down and abandoning module ProjectSettingsViewer (706)
[2025.06.22-21.07.20:274][373]LogModuleManager: Shutting down and abandoning module ProjectTargetPlatformEditor (705)
[2025.06.22-21.07.20:274][373]LogModuleManager: Shutting down and abandoning module EditorSettingsViewer (702)
[2025.06.22-21.07.20:274][373]LogModuleManager: Shutting down and abandoning module InternationalizationSettings (701)
[2025.06.22-21.07.20:274][373]LogModuleManager: Shutting down and abandoning module SettingsEditor (698)
[2025.06.22-21.07.20:274][373]LogModuleManager: Shutting down and abandoning module ProjectLauncher (696)
[2025.06.22-21.07.20:274][373]LogModuleManager: Shutting down and abandoning module SessionFrontend (694)
[2025.06.22-21.07.20:275][373]LogModuleManager: Shutting down and abandoning module ProfilerClient (692)
[2025.06.22-21.07.20:275][373]LogModuleManager: Shutting down and abandoning module DeviceManager (690)
[2025.06.22-21.07.20:275][373]LogModuleManager: Shutting down and abandoning module TargetDeviceServices (689)
[2025.06.22-21.07.20:307][373]LogModuleManager: Shutting down and abandoning module AutomationController (686)
[2025.06.22-21.07.20:307][373]LogModuleManager: Shutting down and abandoning module AutomationWindow (684)
[2025.06.22-21.07.20:307][373]LogModuleManager: Shutting down and abandoning module Layers (682)
[2025.06.22-21.07.20:307][373]LogModuleManager: Shutting down and abandoning module ComponentVisualizers (680)
[2025.06.22-21.07.20:307][373]LogModuleManager: Shutting down and abandoning module DetailCustomizations (678)
[2025.06.22-21.07.20:307][373]LogModuleManager: Shutting down and abandoning module PackagesDialog (676)
[2025.06.22-21.07.20:307][373]LogModuleManager: Shutting down and abandoning module AnimationBlueprintEditor (674)
[2025.06.22-21.07.20:307][373]LogModuleManager: Shutting down and abandoning module Persona (672)
[2025.06.22-21.07.20:307][373]LogModuleManager: Shutting down and abandoning module AdvancedPreviewScene (671)
[2025.06.22-21.07.20:307][373]LogModuleManager: Shutting down and abandoning module AnimGraph (669)
[2025.06.22-21.07.20:308][373]LogModuleManager: Shutting down and abandoning module Kismet (666)
[2025.06.22-21.07.20:327][373]LogModuleManager: Shutting down and abandoning module KismetWidgets (665)
[2025.06.22-21.07.20:327][373]LogModuleManager: Shutting down and abandoning module GraphEditor (662)
[2025.06.22-21.07.20:327][373]LogModuleManager: Shutting down and abandoning module StructViewer (660)
[2025.06.22-21.07.20:327][373]LogModuleManager: Shutting down and abandoning module ClassViewer (658)
[2025.06.22-21.07.20:327][373]LogModuleManager: Shutting down and abandoning module Toolbox (656)
[2025.06.22-21.07.20:327][373]LogModuleManager: Shutting down and abandoning module ModuleUI (654)
[2025.06.22-21.07.20:327][373]LogModuleManager: Shutting down and abandoning module OutputLog (652)
[2025.06.22-21.07.20:328][373]LogModuleManager: Shutting down and abandoning module GammaUI (650)
[2025.06.22-21.07.20:328][373]LogModuleManager: Shutting down and abandoning module Documentation (648)
[2025.06.22-21.07.20:329][373]LogModuleManager: Shutting down and abandoning module LiveCoding (646)
[2025.06.22-21.07.20:329][373]LogModuleManager: Shutting down and abandoning module LevelSequence (644)
[2025.06.22-21.07.20:329][373]LogModuleManager: Shutting down and abandoning module MovieSceneTracks (642)
[2025.06.22-21.07.20:329][373]LogModuleManager: Shutting down and abandoning module MovieScene (640)
[2025.06.22-21.07.20:329][373]LogModuleManager: Shutting down and abandoning module StreamingPauseRendering (638)
[2025.06.22-21.07.20:329][373]LogModuleManager: Shutting down and abandoning module LauncherPlatform (636)
[2025.06.22-21.07.20:329][373]LogModuleManager: Shutting down and abandoning module AnalyticsET (634)
[2025.06.22-21.07.20:329][373]LogModuleManager: Shutting down and abandoning module PortalServices (632)
[2025.06.22-21.07.20:329][373]LogModuleManager: Shutting down and abandoning module PortalRpc (630)
[2025.06.22-21.07.20:329][373]LogModuleManager: Shutting down and abandoning module MessagingRpc (628)
[2025.06.22-21.07.20:329][373]LogModuleManager: Shutting down and abandoning module AudioMixerXAudio2 (626)
[2025.06.22-21.07.20:329][373]LogModuleManager: Shutting down and abandoning module AudioMixerCore (625)
[2025.06.22-21.07.20:329][373]LogModuleManager: Shutting down and abandoning module AIModule (622)
[2025.06.22-21.07.20:329][373]LogModuleManager: Shutting down and abandoning module GameplayDebugger (621)
[2025.06.22-21.07.20:329][373]LogModuleManager: Shutting down and abandoning module AITestSuite (619)
[2025.06.22-21.07.20:329][373]LogModuleManager: Shutting down and abandoning module NavigationSystem (617)
[2025.06.22-21.07.20:329][373]LogModuleManager: Shutting down and abandoning module ImageWriteQueue (614)
[2025.06.22-21.07.20:350][373]LogModuleManager: Shutting down and abandoning module ProfilerService (612)
[2025.06.22-21.07.20:543][373]LogModuleManager: Shutting down and abandoning module TaskGraph (610)
[2025.06.22-21.07.20:544][373]LogModuleManager: Shutting down and abandoning module AudioSynesthesiaEditor (608)
[2025.06.22-21.07.20:544][373]LogModuleManager: Shutting down and abandoning module OculusEditor (606)
[2025.06.22-21.07.20:545][373]LogModuleManager: Shutting down and abandoning module OculusInput (604)
[2025.06.22-21.07.20:545][373]LogModuleManager: Shutting down and abandoning module ContentBrowserAssetDataSource (602)
[2025.06.22-21.07.20:545][373]LogModuleManager: Shutting down and abandoning module ContentBrowserFileDataSource (600)
[2025.06.22-21.07.20:545][373]LogModuleManager: Shutting down and abandoning module ContentBrowserClassDataSource (598)
[2025.06.22-21.07.20:545][373]LogModuleManager: Shutting down and abandoning module CollectionManager (597)
[2025.06.22-21.07.20:545][373]LogModuleManager: Shutting down and abandoning module ScreenshotTools (594)
[2025.06.22-21.07.20:545][373]LogModuleManager: Shutting down and abandoning module TakeSequencer (592)
[2025.06.22-21.07.20:545][373]LogModuleManager: Shutting down and abandoning module TakeMovieScene (590)
[2025.06.22-21.07.20:545][373]LogModuleManager: Shutting down and abandoning module SynthesisEditor (588)
[2025.06.22-21.07.20:545][373]LogModuleManager: Shutting down and abandoning module Synthesis (586)
[2025.06.22-21.07.20:545][373]LogModuleManager: Shutting down and abandoning module ProceduralMeshComponentEditor (584)
[2025.06.22-21.07.20:546][373]LogModuleManager: Shutting down and abandoning module ProceduralMeshComponent (582)
[2025.06.22-21.07.20:546][373]LogModuleManager: Shutting down and abandoning module OpenXREditor (580)
[2025.06.22-21.07.20:546][373]LogModuleManager: Shutting down and abandoning module MobilePatchingUtils (578)
[2025.06.22-21.07.20:546][373]LogModuleManager: Shutting down and abandoning module EditableMesh (576)
[2025.06.22-21.07.20:546][373]LogModuleManager: Shutting down and abandoning module GooglePAD (574)
[2025.06.22-21.07.20:546][373]LogModuleManager: Shutting down and abandoning module CableComponent (572)
[2025.06.22-21.07.20:546][373]LogModuleManager: Shutting down and abandoning module ArchVisCharacter (570)
[2025.06.22-21.07.20:546][373]LogModuleManager: Shutting down and abandoning module AssetTags (568)
[2025.06.22-21.07.20:546][373]LogModuleManager: Shutting down and abandoning module CustomMeshComponent (566)
[2025.06.22-21.07.20:546][373]LogModuleManager: Shutting down and abandoning module AppleImageUtilsBlueprintSupport (564)
[2025.06.22-21.07.20:546][373]LogModuleManager: Shutting down and abandoning module AppleImageUtils (562)
[2025.06.22-21.07.20:546][373]LogModuleManager: Shutting down and abandoning module AudioCapture (560)
[2025.06.22-21.07.20:546][373]LogModuleManager: Shutting down and abandoning module AudioCaptureRtAudio (559)
[2025.06.22-21.07.20:546][373]LogModuleManager: Shutting down and abandoning module ActorLayerUtilitiesEditor (556)
[2025.06.22-21.07.20:546][373]LogModuleManager: Shutting down and abandoning module ActorLayerUtilities (554)
[2025.06.22-21.07.20:546][373]LogModuleManager: Shutting down and abandoning module AndroidPermission (552)
[2025.06.22-21.07.20:546][373]LogModuleManager: Shutting down and abandoning module TemplateSequence (550)
[2025.06.22-21.07.20:546][373]LogModuleManager: Shutting down and abandoning module MagicLeapSharedWorld (548)
[2025.06.22-21.07.20:546][373]LogModuleManager: Shutting down and abandoning module MagicLeapLightEstimation (546)
[2025.06.22-21.07.20:546][373]LogModuleManager: Shutting down and abandoning module MagicLeapHelperVulkan (544)
[2025.06.22-21.07.20:546][373]LogModuleManager: Shutting down and abandoning module MagicLeapHelperOpenGL (542)
[2025.06.22-21.07.20:546][373]LogModuleManager: Shutting down and abandoning module MagicLeapAudio (540)
[2025.06.22-21.07.20:546][373]LogModuleManager: Shutting down and abandoning module OpenImageDenoise (538)
[2025.06.22-21.07.20:546][373]LogOpenImageDenoise: OIDN shutting down
[2025.06.22-21.07.20:546][373]LogModuleManager: Shutting down and abandoning module MotoSynthEditor (536)
[2025.06.22-21.07.20:546][373]LogModuleManager: Shutting down and abandoning module MotoSynth (534)
[2025.06.22-21.07.20:547][373]LogModuleManager: Shutting down and abandoning module MeshConversion (532)
[2025.06.22-21.07.20:547][373]LogModuleManager: Shutting down and abandoning module DynamicMesh (530)
[2025.06.22-21.07.20:547][373]LogModuleManager: Shutting down and abandoning module GeometryAlgorithms (528)
[2025.06.22-21.07.20:547][373]LogModuleManager: Shutting down and abandoning module GeometricObjects (526)
[2025.06.22-21.07.20:547][373]LogModuleManager: Shutting down and abandoning module GeometryCollectionTracks (524)
[2025.06.22-21.07.20:547][373]LogModuleManager: Shutting down and abandoning module GeometryCollectionSequencer (523)
[2025.06.22-21.07.20:547][373]LogModuleManager: Shutting down and abandoning module GeometryCollectionEditor (520)
[2025.06.22-21.07.20:547][373]LogModuleManager: Shutting down and abandoning module GeometryCacheTracks (518)
[2025.06.22-21.07.20:547][373]LogModuleManager: Shutting down and abandoning module GeometryCacheStreamer (516)
[2025.06.22-21.07.20:547][373]LogModuleManager: Shutting down and abandoning module GeometryCacheSequencer (514)
[2025.06.22-21.07.20:547][373]LogModuleManager: Shutting down and abandoning module ChaosSolverEditor (512)
[2025.06.22-21.07.20:547][373]LogModuleManager: Shutting down and abandoning module BackChannel (510)
[2025.06.22-21.07.20:547][373]LogModuleManager: Shutting down and abandoning module ChaosClothEditor (508)
[2025.06.22-21.07.20:547][373]LogModuleManager: Shutting down and abandoning module ChaosNiagara (506)
[2025.06.22-21.07.20:547][373]LogModuleManager: Shutting down and abandoning module FractureEditor (504)
[2025.06.22-21.07.20:547][373]LogModuleManager: Shutting down and abandoning module FieldSystemEngine (503)
[2025.06.22-21.07.20:547][373]LogModuleManager: Shutting down and abandoning module AutomationUtilsEditor (500)
[2025.06.22-21.07.20:547][373]LogModuleManager: Shutting down and abandoning module AutomationUtils (498)
[2025.06.22-21.07.20:547][373]LogModuleManager: Shutting down and abandoning module ImgMedia (496)
[2025.06.22-21.07.20:547][373]LogModuleManager: Shutting down and abandoning module AlembicImporter (494)
[2025.06.22-21.07.20:547][373]LogModuleManager: Shutting down and abandoning module AlembicLibrary (493)
[2025.06.22-21.07.20:547][373]LogModuleManager: Shutting down and abandoning module GeometryCache (492)
[2025.06.22-21.07.20:547][373]LogModuleManager: Shutting down and abandoning module GeometryCacheEd (491)
[2025.06.22-21.07.20:547][373]LogModuleManager: Shutting down and abandoning module MediaCompositing (486)
[2025.06.22-21.07.20:547][373]LogModuleManager: Shutting down and abandoning module VariantManagerContentEditor (484)
[2025.06.22-21.07.20:547][373]LogModuleManager: Shutting down and abandoning module DatasmithContentEditor (482)
[2025.06.22-21.07.20:547][373]LogModuleManager: Shutting down and abandoning module PluginBrowser (480)
[2025.06.22-21.07.20:547][373]LogModuleManager: Shutting down and abandoning module NiagaraEditorWidgets (478)
[2025.06.22-21.07.20:548][373]LogModuleManager: Shutting down and abandoning module MaterialAnalyzer (476)
[2025.06.22-21.07.20:548][373]LogModuleManager: Shutting down and abandoning module SpeedTreeImporter (474)
[2025.06.22-21.07.20:548][373]LogModuleManager: Shutting down and abandoning module MobileLauncherProfileWizard (472)
[2025.06.22-21.07.20:548][373]LogModuleManager: Shutting down and abandoning module SubversionSourceControl (470)
[2025.06.22-21.07.20:548][373]LogModuleManager: Shutting down and abandoning module VisualStudioCodeSourceCodeAccess (468)
[2025.06.22-21.07.20:548][373]LogModuleManager: Shutting down and abandoning module VisualStudioSourceCodeAccess (466)
[2025.06.22-21.07.20:548][373]LogModuleManager: Shutting down and abandoning module UObjectPlugin (464)
[2025.06.22-21.07.20:548][373]LogModuleManager: Shutting down and abandoning module PlasticSourceControl (462)
[2025.06.22-21.07.20:548][373]LogModuleManager: Shutting down and abandoning module RiderSourceCodeAccess (460)
[2025.06.22-21.07.20:548][373]LogModuleManager: Shutting down and abandoning module PluginUtils (458)
[2025.06.22-21.07.20:548][373]LogModuleManager: Shutting down and abandoning module GitSourceControl (456)
[2025.06.22-21.07.20:548][373]LogModuleManager: Shutting down and abandoning module CurveEditorTools (454)
[2025.06.22-21.07.20:548][373]LogModuleManager: Shutting down and abandoning module PerforceSourceControl (452)
[2025.06.22-21.07.20:548][373]LogModuleManager: Shutting down and abandoning module SourceControl (451)
[2025.06.22-21.07.20:548][373]LogModuleManager: Shutting down and abandoning module CryptoKeysOpenSSL (448)
[2025.06.22-21.07.20:548][373]LogModuleManager: Shutting down and abandoning module CryptoKeys (446)
[2025.06.22-21.07.20:548][373]LogModuleManager: Shutting down and abandoning module CLionSourceCodeAccess (444)
[2025.06.22-21.07.20:548][373]LogModuleManager: Shutting down and abandoning module AnimationSharingEd (442)
[2025.06.22-21.07.20:548][373]LogModuleManager: Shutting down and abandoning module OodleNetworkHandlerComponent (440)
[2025.06.22-21.07.20:548][373]LogModuleManager: Shutting down and abandoning module LightPropagationVolumeEditor (438)
[2025.06.22-21.07.20:548][373]LogModuleManager: Shutting down and abandoning module LiveLinkSequencer (436)
[2025.06.22-21.07.20:549][373]LogModuleManager: Shutting down and abandoning module LiveLinkMovieScene (434)
[2025.06.22-21.07.20:549][373]LogModuleManager: Shutting down and abandoning module LiveLinkGraphNode (432)
[2025.06.22-21.07.20:549][373]LogModuleManager: Shutting down and abandoning module LiveLinkEditor (430)
[2025.06.22-21.07.20:549][373]LogModuleManager: Shutting down and abandoning module LiveLinkComponents (428)
[2025.06.22-21.07.20:549][373]LogModuleManager: Shutting down and abandoning module LiveLink (426)
[2025.06.22-21.07.21:412][373]LogModuleManager: Shutting down and abandoning module PaperTiledImporter (424)
[2025.06.22-21.07.21:412][373]LogModuleManager: Shutting down and abandoning module PaperSpriteSheetImporter (422)
[2025.06.22-21.07.21:412][373]LogModuleManager: Shutting down and abandoning module Paper2DEditor (420)
[2025.06.22-21.07.21:412][373]LogModuleManager: Shutting down and abandoning module MeshPaintingToolset (418)
[2025.06.22-21.07.21:412][373]LogModuleManager: Shutting down and abandoning module MeshPaintEditorMode (416)
[2025.06.22-21.07.21:412][373]LogModuleManager: Shutting down and abandoning module RuntimePhysXCooking (414)
[2025.06.22-21.07.21:412][373]LogModuleManager: Shutting down and abandoning module SoundFields (412)
[2025.06.22-21.07.21:412][373]LogModuleManager: Shutting down and abandoning module PropertyAccessEditor (410)
[2025.06.22-21.07.21:412][373]LogModuleManager: Shutting down and abandoning module SignificanceManager (408)
[2025.06.22-21.07.21:412][373]LogModuleManager: Shutting down and abandoning module PhysXVehiclesEditor (406)
[2025.06.22-21.07.21:412][373]LogModuleManager: Shutting down and abandoning module LocationServicesBPLibrary (402)
[2025.06.22-21.07.21:412][373]LogModuleManager: Shutting down and abandoning module AudioSynesthesia (400)
[2025.06.22-21.07.21:412][373]LogModuleManager: Shutting down and abandoning module AudioSynesthesiaCore (398)
[2025.06.22-21.07.21:412][373]LogModuleManager: Shutting down and abandoning module ApexDestructionEditor (396)
[2025.06.22-21.07.21:412][373]LogModuleManager: Shutting down and abandoning module ApexDestruction (394)
[2025.06.22-21.07.21:412][373]LogModuleManager: Shutting down and abandoning module MagicLeapARPin (392)
[2025.06.22-21.07.21:412][373]LogModuleManager: Shutting down and abandoning module MagicLeapHandMeshing (390)
[2025.06.22-21.07.21:412][373]LogModuleManager: Shutting down and abandoning module MagicLeapSecureStorage (388)
[2025.06.22-21.07.21:412][373]LogModuleManager: Shutting down and abandoning module MagicLeapPrivileges (386)
[2025.06.22-21.07.21:413][373]LogModuleManager: Shutting down and abandoning module MagicLeapPlanes (384)
[2025.06.22-21.07.21:413][373]LogMagicLeapPlanes: Planes tracker already destroyed.
[2025.06.22-21.07.21:413][373]LogModuleManager: Shutting down and abandoning module MagicLeapImageTracker (382)
[2025.06.22-21.07.21:413][373]LogModuleManager: Shutting down and abandoning module MagicLeapIdentity (380)
[2025.06.22-21.07.21:413][373]LogModuleManager: Shutting down and abandoning module MagicLeapHandTracking (378)
[2025.06.22-21.07.21:413][373]LogModuleManager: Shutting down and abandoning module MagicLeapEyeTracker (376)
[2025.06.22-21.07.21:413][373]LogModuleManager: Shutting down and abandoning module MagicLeapController (374)
[2025.06.22-21.07.21:413][373]LogModuleManager: Shutting down and abandoning module MagicLeapARPinImpl (372)
[2025.06.22-21.07.21:413][373]LogModuleManager: Shutting down and abandoning module MagicLeapAR (370)
[2025.06.22-21.07.21:413][373]LogModuleManager: Shutting down and abandoning module TcpMessaging (368)
[2025.06.22-21.07.21:514][373]LogModuleManager: Shutting down and abandoning module UdpMessaging (366)
[2025.06.22-21.07.21:614][373]LogModuleManager: Shutting down and abandoning module ActorSequence (364)
[2025.06.22-21.07.21:614][373]LogModuleManager: Shutting down and abandoning module PythonScriptPlugin (362)
[2025.06.22-21.07.21:614][373]LogModuleManager: Shutting down and abandoning module ImgMediaEngine (360)
[2025.06.22-21.07.21:614][373]LogModuleManager: Shutting down and abandoning module NiagaraAnimNotifies (358)
[2025.06.22-21.07.21:614][373]LogModuleManager: Shutting down and abandoning module Niagara (356)
[2025.06.22-21.07.21:614][373]LogModuleManager: Shutting down and abandoning module SignalProcessing (355)
[2025.06.22-21.07.21:614][373]LogModuleManager: Shutting down and abandoning module NiagaraEditor (353)
[2025.06.22-21.07.21:615][373]LogModuleManager: Shutting down and abandoning module NiagaraCore (350)
[2025.06.22-21.07.21:615][373]LogModuleManager: Shutting down and abandoning module GameplayTagsEditor (348)
[2025.06.22-21.07.21:615][373]LogModuleManager: Shutting down and abandoning module PropertyAccessNode (346)
[2025.06.22-21.07.21:615][373]LogModuleManager: Shutting down and abandoning module FacialAnimationEditor (344)
[2025.06.22-21.07.21:615][373]LogModuleManager: Shutting down and abandoning module FacialAnimation (342)
[2025.06.22-21.07.21:615][373]LogModuleManager: Shutting down and abandoning module DataValidation (340)
[2025.06.22-21.07.21:615][373]LogModuleManager: Shutting down and abandoning module AssetManagerEditor (338)
[2025.06.22-21.07.21:615][373]LogModuleManager: Shutting down and abandoning module LevelEditor (337)
[2025.06.22-21.07.21:619][373]LogModuleManager: Shutting down and abandoning module PixelInspectorModule (336)
[2025.06.22-21.07.21:619][373]LogModuleManager: Shutting down and abandoning module CommonMenuExtensions (334)
[2025.06.22-21.07.21:620][373]LogModuleManager: Shutting down and abandoning module MainFrame (332)
[2025.06.22-21.07.21:620][373]LogModuleManager: Shutting down and abandoning module HotReload (331)
[2025.06.22-21.07.21:621][373]LogModuleManager: Shutting down and abandoning module ToolMenus (327)
[2025.06.22-21.07.21:621][373]LogModuleManager: Shutting down and abandoning module ContentBrowser (325)
[2025.06.22-21.07.21:621][373]LogModuleManager: Shutting down and abandoning module ContentBrowserData (324)
[2025.06.22-21.07.21:621][373]LogModuleManager: Shutting down and abandoning module TreeMap (321)
[2025.06.22-21.07.21:621][373]LogModuleManager: Shutting down and abandoning module AnimationSharing (318)
[2025.06.22-21.07.21:621][373]LogModuleManager: Shutting down and abandoning module GameplayCameras (316)
[2025.06.22-21.07.21:621][373]LogModuleManager: Shutting down and abandoning module LightPropagationVolumeRuntime (314)
[2025.06.22-21.07.21:621][373]LogModuleManager: Shutting down and abandoning module EnvironmentQueryEditor (312)
[2025.06.22-21.07.21:621][373]LogModuleManager: Shutting down and abandoning module Paper2D (310)
[2025.06.22-21.07.21:621][373]LogModuleManager: Shutting down and abandoning module WindowsMoviePlayer (308)
[2025.06.22-21.07.21:624][373]LogModuleManager: Shutting down and abandoning module WebMMoviePlayer (306)
[2025.06.22-21.07.21:624][373]LogModuleManager: Shutting down and abandoning module NetworkReplayStreaming (304)
[2025.06.22-21.07.21:624][373]LogModuleManager: Shutting down and abandoning module PacketHandler (302)
[2025.06.22-21.07.21:624][373]LogModuleManager: Shutting down and abandoning module ClothingSystemEditor (300)
[2025.06.22-21.07.21:624][373]LogModuleManager: Shutting down and abandoning module ClothingSystemRuntimeNv (298)
[2025.06.22-21.07.21:624][373]LogModuleManager: Shutting down and abandoning module MediaAssets (296)
[2025.06.22-21.07.21:624][373]LogModuleManager: Shutting down and abandoning module Overlay (294)
[2025.06.22-21.07.21:624][373]LogModuleManager: Shutting down and abandoning module OverlayEditor (293)
[2025.06.22-21.07.21:624][373]LogModuleManager: Shutting down and abandoning module VREditor (290)
[2025.06.22-21.07.21:624][373]LogModuleManager: Shutting down and abandoning module StringTableEditor (288)
[2025.06.22-21.07.21:624][373]LogModuleManager: Shutting down and abandoning module GameplayTasksEditor (286)
[2025.06.22-21.07.21:624][373]LogModuleManager: Shutting down and abandoning module BehaviorTreeEditor (284)
[2025.06.22-21.07.21:624][373]LogModuleManager: Shutting down and abandoning module FunctionalTesting (282)
[2025.06.22-21.07.21:624][373]LogModuleManager: Shutting down and abandoning module CollisionAnalyzer (280)
[2025.06.22-21.07.21:624][373]LogModuleManager: Shutting down and abandoning module WorkspaceMenuStructure (279)
[2025.06.22-21.07.21:624][373]LogModuleManager: Shutting down and abandoning module UMG (276)
[2025.06.22-21.07.21:624][373]LogModuleManager: Shutting down and abandoning module UMGEditor (275)
[2025.06.22-21.07.21:624][373]LogModuleManager: Shutting down and abandoning module MessageLog (273)
[2025.06.22-21.07.21:625][373]LogModuleManager: Shutting down and abandoning module SlateReflector (268)
[2025.06.22-21.07.21:625][373]LogModuleManager: Shutting down and abandoning module Slate (266)
[2025.06.22-21.07.21:625][373]LogModuleManager: Shutting down and abandoning module SlateCore (264)
[2025.06.22-21.07.21:626][373]LogModuleManager: Shutting down and abandoning module LandscapeEditorUtilities (262)
[2025.06.22-21.07.21:626][373]LogModuleManager: Shutting down and abandoning module UnrealEd (260)
[2025.06.22-21.07.21:627][373]LogModuleManager: Shutting down and abandoning module MRMesh (258)
[2025.06.22-21.07.21:627][373]LogModuleManager: Shutting down and abandoning module SourceCodeAccess (256)
[2025.06.22-21.07.21:627][373]LogModuleManager: Shutting down and abandoning module HeadMountedDisplay (254)
[2025.06.22-21.07.21:627][373]LogModuleManager: Shutting down and abandoning module XAudio2 (252)
[2025.06.22-21.07.21:627][373]LogModuleManager: Shutting down and abandoning module Networking (250)
[2025.06.22-21.07.21:627][373]LogModuleManager: Shutting down and abandoning module Core (248)
[2025.06.22-21.07.21:627][373]LogModuleManager: Shutting down and abandoning module MaterialEditor (246)
[2025.06.22-21.07.21:627][373]LogModuleManager: Shutting down and abandoning module MovieSceneTools (244)
[2025.06.22-21.07.21:627][373]LogModuleManager: Shutting down and abandoning module CurveEditor (243)
[2025.06.22-21.07.21:627][373]LogModuleManager: Shutting down and abandoning module Sequencer (241)
[2025.06.22-21.07.21:627][373]LogModuleManager: Shutting down and abandoning module EditorStyle (240)
[2025.06.22-21.07.21:629][373]LogModuleManager: Shutting down and abandoning module KismetCompiler (236)
[2025.06.22-21.07.21:629][373]LogModuleManager: Shutting down and abandoning module MeshBuilder (234)
[2025.06.22-21.07.21:629][373]LogModuleManager: Shutting down and abandoning module MeshUtilities (232)
[2025.06.22-21.07.21:629][373]LogModuleManager: Shutting down and abandoning module MeshMergeUtilities (231)
[2025.06.22-21.07.21:629][373]LogModuleManager: Shutting down and abandoning module MeshReductionInterface (230)
[2025.06.22-21.07.21:629][373]LogModuleManager: Shutting down and abandoning module MeshBoneReduction (229)
[2025.06.22-21.07.21:629][373]LogModuleManager: Shutting down and abandoning module SkeletalMeshReduction (227)
[2025.06.22-21.07.21:629][373]LogModuleManager: Shutting down and abandoning module ProxyLODMeshReduction (225)
[2025.06.22-21.07.21:629][373]LogModuleManager: Shutting down and abandoning module QuadricMeshReduction (223)
[2025.06.22-21.07.21:629][373]LogModuleManager: Shutting down and abandoning module MaterialBaking (219)
[2025.06.22-21.07.21:629][373]LogModuleManager: Shutting down and abandoning module NullInstallBundleManager (214)
[2025.06.22-21.07.21:629][373]LogModuleManager: Shutting down and abandoning module DerivedDataCache (212)
[2025.06.22-21.07.21:629][373]LogModuleManager: Shutting down and abandoning module TargetPlatform (210)
[2025.06.22-21.07.21:629][373]LogModuleManager: Shutting down and abandoning module VulkanShaderFormat (209)
[2025.06.22-21.07.21:630][373]LogModuleManager: Shutting down and abandoning module ShaderFormatVectorVM (207)
[2025.06.22-21.07.21:630][373]LogModuleManager: Shutting down and abandoning module ShaderFormatOpenGL (205)
[2025.06.22-21.07.21:630][373]LogModuleManager: Shutting down and abandoning module ShaderFormatD3D (203)
[2025.06.22-21.07.21:630][373]LogModuleManager: Shutting down and abandoning module MetalShaderFormat (201)
[2025.06.22-21.07.21:630][373]LogModuleManager: Shutting down and abandoning module TextureFormatOodle (199)
[2025.06.22-21.07.21:630][373]LogModuleManager: Shutting down and abandoning module TextureFormatUncompressed (197)
[2025.06.22-21.07.21:630][373]LogModuleManager: Shutting down and abandoning module TextureFormatPVR (195)
[2025.06.22-21.07.21:630][373]LogModuleManager: Shutting down and abandoning module TextureFormatETC2 (193)
[2025.06.22-21.07.21:630][373]LogModuleManager: Shutting down and abandoning module TextureFormatDXT (191)
[2025.06.22-21.07.21:630][373]LogModuleManager: Shutting down and abandoning module TextureFormatIntelISPCTexComp (189)
[2025.06.22-21.07.21:630][373]LogModuleManager: Shutting down and abandoning module TextureFormatASTC (187)
[2025.06.22-21.07.21:630][373]LogModuleManager: Shutting down and abandoning module ImageWrapper (186)
[2025.06.22-21.07.21:630][373]LogModuleManager: Shutting down and abandoning module AudioFormatOpus (183)
[2025.06.22-21.07.21:630][373]LogModuleManager: Shutting down and abandoning module AudioFormatOgg (181)
[2025.06.22-21.07.21:630][373]LogModuleManager: Shutting down and abandoning module AudioFormatADPCM (179)
[2025.06.22-21.07.21:630][373]LogModuleManager: Shutting down and abandoning module WindowsServerTargetPlatform (177)
[2025.06.22-21.07.21:630][373]LogModuleManager: Shutting down and abandoning module WindowsClientTargetPlatform (175)
[2025.06.22-21.07.21:630][373]LogModuleManager: Shutting down and abandoning module WindowsTargetPlatform (173)
[2025.06.22-21.07.21:630][373]LogModuleManager: Shutting down and abandoning module WindowsNoEditorTargetPlatform (171)
[2025.06.22-21.07.21:630][373]LogModuleManager: Shutting down and abandoning module TVOSTargetPlatform (169)
[2025.06.22-21.07.21:632][373]LogModuleManager: Shutting down and abandoning module MacServerTargetPlatform (167)
[2025.06.22-21.07.21:632][373]LogModuleManager: Shutting down and abandoning module MacClientTargetPlatform (165)
[2025.06.22-21.07.21:632][373]LogModuleManager: Shutting down and abandoning module MacTargetPlatform (163)
[2025.06.22-21.07.21:632][373]LogModuleManager: Shutting down and abandoning module MacNoEditorTargetPlatform (161)
[2025.06.22-21.07.21:632][373]LogModuleManager: Shutting down and abandoning module LuminTargetPlatform (159)
[2025.06.22-21.07.21:633][373]LogModuleManager: Shutting down and abandoning module LinuxAArch64ServerTargetPlatform (157)
[2025.06.22-21.07.21:634][373]LogModuleManager: Shutting down and abandoning module LinuxAArch64ClientTargetPlatform (155)
[2025.06.22-21.07.21:634][373]LogModuleManager: Shutting down and abandoning module LinuxAArch64NoEditorTargetPlatform (153)
[2025.06.22-21.07.21:634][373]LogModuleManager: Shutting down and abandoning module LinuxServerTargetPlatform (151)
[2025.06.22-21.07.21:634][373]LogModuleManager: Shutting down and abandoning module LinuxClientTargetPlatform (149)
[2025.06.22-21.07.21:634][373]LogModuleManager: Shutting down and abandoning module LinuxNoEditorTargetPlatform (147)
[2025.06.22-21.07.21:634][373]LogModuleManager: Shutting down and abandoning module LinuxTargetPlatform (145)
[2025.06.22-21.07.21:634][373]LogModuleManager: Shutting down and abandoning module Messaging (143)
[2025.06.22-21.07.21:634][373]LogModuleManager: Shutting down and abandoning module IOSTargetPlatform (141)
[2025.06.22-21.07.21:635][373]LogModuleManager: Shutting down and abandoning module AndroidTargetPlatform (139)
[2025.06.22-21.07.21:641][373]LogModuleManager: Shutting down and abandoning module AllDesktopTargetPlatform (137)
[2025.06.22-21.07.21:641][373]LogModuleManager: Shutting down and abandoning module D3D11RHI (134)
[2025.06.22-21.07.21:641][373]LogModuleManager: Shutting down and abandoning module InputCore (132)
[2025.06.22-21.07.21:641][373]LogModuleManager: Shutting down and abandoning module Settings (130)
[2025.06.22-21.07.21:641][373]LogModuleManager: Shutting down and abandoning module DirectoryWatcher (128)
[2025.06.22-21.07.21:641][373]LogModuleManager: Shutting down and abandoning module PhysXCooking (126)
[2025.06.22-21.07.21:641][373]LogModuleManager: Shutting down and abandoning module Chaos (124)
[2025.06.22-21.07.21:641][373]LogModuleManager: Shutting down and abandoning module WindowsPlatformFeatures (122)
[2025.06.22-21.07.21:641][373]LogModuleManager: Shutting down and abandoning module GameplayMediaEncoder (121)
[2025.06.22-21.07.21:641][373]LogModuleManager: Shutting down and abandoning module AVEncoder (120)
[2025.06.22-21.07.21:642][373]LogModuleManager: Shutting down and abandoning module SteamVRInputDevice (116)
[2025.06.22-21.07.21:642][373]LogModuleManager: Shutting down and abandoning module SteamVRInput (114)
[2025.06.22-21.07.21:642][373]LogModuleManager: Shutting down and abandoning module SteamVR (112)
[2025.06.22-21.07.21:642][373]LogHMD: Freeing OpenVRDLLHandle.
[2025.06.22-21.07.21:642][373]LogModuleManager: Shutting down and abandoning module OculusHMD (110)
[2025.06.22-21.07.21:642][373]LogModuleManager: Shutting down and abandoning module OpenXRHandTracking (108)
[2025.06.22-21.07.21:642][373]LogSlate: Slate User Destroyed.  User Index 0, Is Virtual User: 0
[2025.06.22-21.07.21:643][373]LogModuleManager: Shutting down and abandoning module OpenXRAR (106)
[2025.06.22-21.07.21:643][373]LogModuleManager: Shutting down and abandoning module AugmentedReality (105)
[2025.06.22-21.07.21:643][373]LogModuleManager: Shutting down and abandoning module OpenXRHMD (102)
[2025.06.22-21.07.21:644][373]LogModuleManager: Shutting down and abandoning module OpenXREyeTracker (100)
[2025.06.22-21.07.21:644][373]LogModuleManager: Shutting down and abandoning module LauncherChunkInstaller (98)
[2025.06.22-21.07.21:644][373]LogModuleManager: Shutting down and abandoning module ChunkDownloader (96)
[2025.06.22-21.07.21:644][373]LogModuleManager: Shutting down and abandoning module ExampleDeviceProfileSelector (94)
[2025.06.22-21.07.21:644][373]LogModuleManager: Shutting down and abandoning module MLSDK (92)
[2025.06.22-21.07.21:644][373]LogModuleManager: Shutting down and abandoning module OnlineBlueprintSupport (90)
[2025.06.22-21.07.21:644][373]LogModuleManager: Shutting down and abandoning module OnlineSubsystem (86)
[2025.06.22-21.07.21:646][373]LogModuleManager: Shutting down and abandoning module XMPP (81)
[2025.06.22-21.07.21:646][373]LogModuleManager: Shutting down and abandoning module WebSockets (80)
[2025.06.22-21.07.21:673][373]LogModuleManager: Shutting down and abandoning module HTTP (77)
[2025.06.22-21.07.21:673][373]LogHttp: Display: Http module shutting down, but needs to wait on 1 outstanding Http requests:
[2025.06.22-21.07.21:673][373]LogHttp: Display: 	verb=[POST] url=[https://datarouter.ol.epicgames.com/datarouter/api/v1/public/data?SessionID=%7B1B84D3BC-45ED-0E6D-5B7F-21B4C6F2EDD9%7D&AppID=UEEditor.Rocket.Release&AppVersion=4.27.2-18319896%2B%2B%2BUE4%2BRelease-4.27&UserID=6c707cc844a325423ace35ac1fbb369c%7C2d7cf5c3879b4b16bdc3dd1d03f3f932%7C4a1fdf9e-e9c9-4542-a01a-66e0e3b8e43a&AppEnvironment=datacollector-binary&UploadType=eteventstream] refs=[1] status=Processing
[2025.06.22-21.07.21:673][373]LogHttp: Display: cleaning up 1 outstanding Http requests.
[2025.06.22-21.07.21:677][373]LogModuleManager: Shutting down and abandoning module SSL (76)
[2025.06.22-21.07.21:678][373]LogModuleManager: Shutting down and abandoning module MagicLeap (72)
[2025.06.22-21.07.21:679][373]LogModuleManager: Shutting down and abandoning module ChaosCloth (70)
[2025.06.22-21.07.21:679][373]LogModuleManager: Shutting down and abandoning module ExrReaderGpu (68)
[2025.06.22-21.07.21:679][373]LogModuleManager: Shutting down and abandoning module WmfMedia (66)
[2025.06.22-21.07.21:682][373]LogModuleManager: Shutting down and abandoning module Media (65)
[2025.06.22-21.07.21:686][373]LogModuleManager: Shutting down and abandoning module MediaInfo (64)
[2025.06.22-21.07.21:686][373]LogModuleManager: Shutting down and abandoning module VariantManagerContent (60)
[2025.06.22-21.07.21:686][373]LogModuleManager: Shutting down and abandoning module DatasmithContent (58)
[2025.06.22-21.07.21:687][373]LogModuleManager: Shutting down and abandoning module NiagaraVertexFactories (56)
[2025.06.22-21.07.21:687][373]LogModuleManager: Shutting down and abandoning module NiagaraShader (54)
[2025.06.22-21.07.21:688][373]LogModuleManager: Shutting down and abandoning module PixWinPlugin (52)
[2025.06.22-21.07.21:688][373]LogModuleManager: Shutting down and abandoning module AISupportModule (50)
[2025.06.22-21.07.21:688][373]LogModuleManager: Shutting down and abandoning module DesktopPlatform (48)
[2025.06.22-21.07.21:688][373]LogModuleManager: Shutting down and abandoning module PlatformCryptoOpenSSL (46)
[2025.06.22-21.07.21:688][373]LogModuleManager: Shutting down and abandoning module PlatformCryptoTypes (44)
[2025.06.22-21.07.21:688][373]LogModuleManager: Shutting down and abandoning module PlatformCrypto (42)
[2025.06.22-21.07.21:688][373]LogModuleManager: Shutting down and abandoning module PythonScriptPluginPreload (40)
[2025.06.22-21.07.21:688][373]LogModuleManager: Shutting down and abandoning module OodleDataCompressionFormat (38)
[2025.06.22-21.07.21:688][373]LogModuleManager: Shutting down and abandoning module XGEController (36)
[2025.06.22-21.07.21:688][373]LogModuleManager: Shutting down and abandoning module AnimationModifiers (34)
[2025.06.22-21.07.21:688][373]LogModuleManager: Shutting down and abandoning module AudioEditor (32)
[2025.06.22-21.07.21:688][373]LogModuleManager: Shutting down and abandoning module PropertyEditor (31)
[2025.06.22-21.07.21:688][373]LogModuleManager: Shutting down and abandoning module TextureCompressor (28)
[2025.06.22-21.07.21:689][373]LogModuleManager: Shutting down and abandoning module RenderCore (26)
[2025.06.22-21.07.21:689][373]LogModuleManager: Shutting down and abandoning module Landscape (24)
[2025.06.22-21.07.21:689][373]LogModuleManager: Shutting down and abandoning module SlateRHIRenderer (22)
[2025.06.22-21.07.21:690][373]LogModuleManager: Shutting down and abandoning module AnimGraphRuntime (20)
[2025.06.22-21.07.21:690][373]LogModuleManager: Shutting down and abandoning module Renderer (18)
[2025.06.22-21.07.21:690][373]LogModuleManager: Shutting down and abandoning module Engine (16)
[2025.06.22-21.07.21:690][373]LogModuleManager: Shutting down and abandoning module CoreUObject (14)
[2025.06.22-21.07.21:690][373]LogModuleManager: Shutting down and abandoning module NetworkFile (12)
[2025.06.22-21.07.21:690][373]LogModuleManager: Shutting down and abandoning module CookedIterativeFile (10)
[2025.06.22-21.07.21:690][373]LogModuleManager: Shutting down and abandoning module StreamingFile (8)
[2025.06.22-21.07.21:690][373]LogModuleManager: Shutting down and abandoning module SandboxFile (6)
[2025.06.22-21.07.21:690][373]LogModuleManager: Shutting down and abandoning module PakFile (4)
[2025.06.22-21.07.21:690][373]LogModuleManager: Shutting down and abandoning module RSA (3)
[2025.06.22-21.07.21:690][373]LogContentStreaming: Display: There are 1 unreleased StreamingManagers
[2025.06.22-21.07.21:824][373]LogD3D11RHI: Shutdown
[2025.06.22-21.07.21:824][373]LogD3D11RHI: CleanupD3DDevice
[2025.06.22-21.07.21:829][373]LogExit: Exiting.
[2025.06.22-21.07.21:835][373]Log file closed, 06/23/25 00:07:21
