Log file open, 06/21/25 13:12:24
LogWindows: Failed to load 'aqProf.dll' (GetLastError=126)
LogWindows: File 'aqProf.dll' does not exist
LogWindows: Failed to load 'VtuneApi.dll' (GetLastError=126)
LogWindows: File 'VtuneApi.dll' does not exist
LogWindows: Failed to load 'VtuneApi32e.dll' (GetLastError=126)
LogWindows: File 'VtuneApi32e.dll' does not exist
LogConsoleResponse: Display: Failed to find resolution value strings in scalability ini. Falling back to default.
LogConsoleResponse: Display: Failed to find resolution value strings in scalability ini. Falling back to default.
LogInit: Display: Running engine for game: task1
LogPlatformFile: Not using cached read wrapper
LogTaskGraph: Started task graph with 5 named threads and 59 total threads with 3 sets of task threads.
LogStats: Stats thread started at 0.244907
LogICUInternationalization: ICU TimeZone Detection - Raw Offset: +3:00, Platform Override: ''
LogInit: Display: Loading text-based GConfig....
LogPluginManager: Mounting plugin MeshPainting
LogPluginManager: Mounting plugin XGEController
LogPluginManager: Mounting plugin Paper2D
LogPluginManager: Mounting plugin AISupport
LogPluginManager: Mounting plugin EnvironmentQueryEditor
LogPluginManager: Mounting plugin LightPropagationVolume
LogPluginManager: Mounting plugin OodleData
LogPluginManager: Mounting plugin OodleNetwork
LogPluginManager: Mounting plugin CameraShakePreviewer
LogPluginManager: Mounting plugin GameplayCameras
LogPluginManager: Mounting plugin AnimationSharing
LogPluginManager: Mounting plugin KDevelopSourceCodeAccess
LogPluginManager: Mounting plugin CLionSourceCodeAccess
LogPluginManager: Mounting plugin CodeLiteSourceCodeAccess
LogPluginManager: Mounting plugin NullSourceCodeAccess
LogPluginManager: Mounting plugin PixWinPlugin
LogPluginManager: Mounting plugin GitSourceControl
LogPluginManager: Mounting plugin PlasticSourceControl
LogPluginManager: Mounting plugin RiderSourceCodeAccess
LogPluginManager: Mounting plugin PluginUtils
LogPluginManager: Mounting plugin PerforceSourceControl
LogPluginManager: Mounting plugin SubversionSourceControl
LogPluginManager: Mounting plugin UObjectPlugin
LogPluginManager: Mounting plugin PropertyAccessNode
LogPluginManager: Mounting plugin XCodeSourceCodeAccess
LogPluginManager: Mounting plugin AssetManagerEditor
LogPluginManager: Mounting plugin TextureFormatOodle
LogPluginManager: Mounting plugin DataValidation
LogPluginManager: Mounting plugin VisualStudioSourceCodeAccess
LogPluginManager: Mounting plugin CryptoKeys
LogPluginManager: Mounting plugin CurveEditorTools
LogPluginManager: Mounting plugin GameplayTagsEditor
LogPluginManager: Mounting plugin GeometryMode
LogPluginManager: Mounting plugin MaterialAnalyzer
LogPluginManager: Mounting plugin VisualStudioCodeSourceCodeAccess
LogPluginManager: Mounting plugin MobileLauncherProfileWizard
LogPluginManager: Mounting plugin MacGraphicsSwitching
LogPluginManager: Mounting plugin SpeedTreeImporter
LogPluginManager: Mounting plugin PluginBrowser
LogPluginManager: Mounting plugin DatasmithContent
LogPluginManager: Mounting plugin FacialAnimation
LogPluginManager: Mounting plugin AlembicImporter
LogPluginManager: Mounting plugin AutomationUtils
LogPluginManager: Mounting plugin VariantManagerContent
LogPluginManager: Mounting plugin ChaosCloth
LogPluginManager: Mounting plugin ChaosClothEditor
LogPluginManager: Mounting plugin ChaosNiagara
LogPluginManager: Mounting plugin ChaosEditor
LogPluginManager: Mounting plugin BackChannel
LogPluginManager: Mounting plugin CharacterAI
LogPluginManager: Mounting plugin ChaosSolverPlugin
LogPluginManager: Mounting plugin GeometryCollectionPlugin
LogPluginManager: Mounting plugin GeometryProcessing
LogPluginManager: Mounting plugin GeometryCache
LogPluginManager: Mounting plugin OpenImageDenoise
LogPluginManager: Mounting plugin MotoSynth
LogPluginManager: Mounting plugin PlanarCut
LogPluginManager: Mounting plugin PlatformCrypto
LogPluginManager: Mounting plugin ProxyLODPlugin
LogPluginManager: Mounting plugin PythonScriptPlugin
LogPluginManager: Mounting plugin SkeletalReduction
LogPluginManager: Mounting plugin LuminPlatformFeatures
LogPluginManager: Mounting plugin MagicLeap
LogPluginManager: Mounting plugin MagicLeapMedia
LogPluginManager: Mounting plugin MagicLeapPassableWorld
LogPluginManager: Mounting plugin Niagara
LogPluginManager: Mounting plugin AndroidMedia
LogPluginManager: Mounting plugin AvfMedia
LogPluginManager: Mounting plugin MagicLeapLightEstimation
LogPluginManager: Mounting plugin MediaCompositing
LogPluginManager: Mounting plugin ImgMedia
LogPluginManager: Mounting plugin WebMMedia
LogPluginManager: Mounting plugin WmfMedia
LogPluginManager: Mounting plugin MediaPlayerEditor
LogPluginManager: Mounting plugin TcpMessaging
LogPluginManager: Mounting plugin UdpMessaging
LogPluginManager: Mounting plugin LevelSequenceEditor
LogPluginManager: Mounting plugin TemplateSequence
LogPluginManager: Mounting plugin MatineeToLevelSequence
LogPluginManager: Mounting plugin ActorSequence
LogPluginManager: Mounting plugin OnlineSubsystem
LogPluginManager: Mounting plugin MLSDK
LogPluginManager: Mounting plugin OnlineSubsystemNull
LogPluginManager: Mounting plugin LauncherChunkInstaller
LogPluginManager: Mounting plugin ActorLayerUtilities
LogPluginManager: Mounting plugin OnlineSubsystemUtils
LogPluginManager: Mounting plugin AndroidDeviceProfileSelector
LogPluginManager: Mounting plugin AndroidMoviePlayer
LogPluginManager: Mounting plugin AndroidPermission
LogPluginManager: Mounting plugin AppleMoviePlayer
LogPluginManager: Mounting plugin AppleImageUtils
LogPluginManager: Mounting plugin ApexDestruction
LogPluginManager: Mounting plugin AssetTags
LogPluginManager: Mounting plugin ArchVisCharacter
LogPluginManager: Mounting plugin AudioCapture
LogPluginManager: Mounting plugin ChunkDownloader
LogPluginManager: Mounting plugin AudioSynesthesia
LogPluginManager: Mounting plugin CustomMeshComponent
LogPluginManager: Mounting plugin CableComponent
LogPluginManager: Mounting plugin EditableMesh
LogPluginManager: Mounting plugin ExampleDeviceProfileSelector
LogPluginManager: Mounting plugin GoogleCloudMessaging
LogPluginManager: Mounting plugin GooglePAD
LogPluginManager: Mounting plugin IOSDeviceProfileSelector
LogPluginManager: Mounting plugin LinuxDeviceProfileSelector
LogPluginManager: Mounting plugin LocationServicesBPLibrary
LogPluginManager: Mounting plugin OpenXR
LogPluginManager: Mounting plugin MobilePatchingUtils
LogPluginManager: Mounting plugin OpenXREyeTracker
LogPluginManager: Mounting plugin OpenXRHandTracking
LogPluginManager: Mounting plugin PhysXVehicles
LogPluginManager: Mounting plugin Takes
LogPluginManager: Mounting plugin ProceduralMeshComponent
LogPluginManager: Mounting plugin PropertyAccessEditor
LogPluginManager: Mounting plugin PostSplashScreen
LogPluginManager: Mounting plugin SoundFields
LogPluginManager: Mounting plugin RuntimePhysXCooking
LogPluginManager: Mounting plugin SignificanceManager
LogPluginManager: Mounting plugin Synthesis
LogPluginManager: Mounting plugin WebMMoviePlayer
LogPluginManager: Mounting plugin WindowsMoviePlayer
LogPluginManager: Mounting plugin ScreenshotTools
LogPluginManager: Mounting plugin LiveLink
LogPluginManager: Mounting plugin ContentBrowserAssetDataSource
LogPluginManager: Mounting plugin ContentBrowserClassDataSource
LogPluginManager: Mounting plugin ContentBrowserFileDataSource
LogPluginManager: Mounting plugin OnlineSubsystemGooglePlay
LogPluginManager: Mounting plugin OnlineSubsystemIOS
LogPluginManager: Mounting plugin OculusVR
LogPluginManager: Mounting plugin SteamVR
PixWinPlugin: PIX capture plugin failed to initialize! Check that the process is launched from PIX.
LogInit: Using libcurl 7.55.1-DEV
LogInit:  - built for x86_64-pc-win32
LogInit:  - supports SSL with OpenSSL/1.1.1
LogInit:  - supports HTTP deflate (compression) using libz 1.2.8
LogInit:  - other features:
LogInit:      CURL_VERSION_SSL
LogInit:      CURL_VERSION_LIBZ
LogInit:      CURL_VERSION_IPV6
LogInit:      CURL_VERSION_ASYNCHDNS
LogInit:      CURL_VERSION_LARGEFILE
LogInit:      CURL_VERSION_IDN
LogInit:  CurlRequestOptions (configurable via config and command line):
LogInit:  - bVerifyPeer = true  - Libcurl will verify peer certificate
LogInit:  - bUseHttpProxy = false  - Libcurl will NOT use HTTP proxy
LogInit:  - bDontReuseConnections = false  - Libcurl will reuse connections
LogInit:  - MaxHostConnections = 16  - Libcurl will limit the number of connections to a host
LogInit:  - LocalHostAddr = Default
LogInit:  - BufferSize = 65536
LogOnline: OSS: Creating online subsystem instance for: NULL
LogInit: WinSock: version 1.1 (2.2), MaxSocks=32767, MaxUdp=65467
LogOnline: OSS: TryLoadSubsystemAndSetDefault: Loaded subsystem for module [NULL]
LogOculusPluginWrapper: OculusPlugin initialized successfully
LogHMD: Failed initializing OVRPlugin 1.59.0
LogInit: Build: ++UE4+Release-4.27-CL-18319896
LogInit: Engine Version: 4.27.2-18319896+++UE4+Release-4.27
LogInit: Compatible Engine Version: 4.27.0-17155196+++UE4+Release-4.27
LogInit: Net CL: 17155196
LogInit: OS: Windows 10 (Release 2009) (), CPU: 12th Gen Intel(R) Core(TM) i7-12700H, GPU: Intel(R) Iris(R) Xe Graphics
LogInit: Compiled (64-bit): Nov 30 2021 07:12:08
LogInit: Compiled with Visual C++: 19.24.28315.00
LogInit: Build Configuration: Development
LogInit: Branch Name: ++UE4+Release-4.27
LogInit: Command Line: 
LogInit: Base Directory: C:/Program Files/Epic Games/UE_4.27/Engine/Binaries/Win64/
LogInit: Allocator: TBB
LogInit: Installed Engine Build: 1
LogDevObjectVersion: Number of dev versions registered: 29
LogDevObjectVersion:   Dev-Blueprints (B0D832E4-1F89-4F0D-ACCF-7EB736FD4AA2): 10
LogDevObjectVersion:   Dev-Build (E1C64328-A22C-4D53-A36C-8E866417BD8C): 0
LogDevObjectVersion:   Dev-Core (375EC13C-06E4-48FB-B500-84F0262A717E): 4
LogDevObjectVersion:   Dev-Editor (E4B068ED-F494-42E9-A231-DA0B2E46BB41): 40
LogDevObjectVersion:   Dev-Framework (CFFC743F-43B0-4480-9391-14DF171D2073): 37
LogDevObjectVersion:   Dev-Mobile (B02B49B5-BB20-44E9-A304-32B752E40360): 3
LogDevObjectVersion:   Dev-Networking (A4E4105C-59A1-49B5-A7C5-40C4547EDFEE): 0
LogDevObjectVersion:   Dev-Online (39C831C9-5AE6-47DC-9A44-9C173E1C8E7C): 0
LogDevObjectVersion:   Dev-Physics (78F01B33-EBEA-4F98-B9B4-84EACCB95AA2): 14
LogDevObjectVersion:   Dev-Platform (6631380F-2D4D-43E0-8009-CF276956A95A): 0
LogDevObjectVersion:   Dev-Rendering (12F88B9F-8875-4AFC-A67C-D90C383ABD29): 45
LogDevObjectVersion:   Dev-Sequencer (7B5AE74C-D270-4C10-A958-57980B212A5A): 13
LogDevObjectVersion:   Dev-VR (D7296918-1DD6-4BDD-9DE2-64A83CC13884): 3
LogDevObjectVersion:   Dev-LoadTimes (C2A15278-BFE7-4AFE-6C17-90FF531DF755): 1
LogDevObjectVersion:   Private-Geometry (6EACA3D4-40EC-4CC1-B786-8BED09428FC5): 3
LogDevObjectVersion:   Dev-AnimPhys (29E575DD-E0A3-4627-9D10-D276232CDCEA): 17
LogDevObjectVersion:   Dev-Anim (AF43A65D-7FD3-4947-9873-3E8ED9C1BB05): 15
LogDevObjectVersion:   Dev-ReflectionCapture (6B266CEC-1EC7-4B8F-A30B-E4D90942FC07): 1
LogDevObjectVersion:   Dev-Automation (0DF73D61-A23F-47EA-B727-89E90C41499A): 1
LogDevObjectVersion:   FortniteMain (601D1886-AC64-4F84-AA16-D3DE0DEAC7D6): 47
LogDevObjectVersion:   FortniteRelease (E7086368-6B23-4C58-8439-1B7016265E91): 1
LogDevObjectVersion:   Dev-Enterprise (9DFFBCD6-494F-0158-E221-12823C92A888): 10
LogDevObjectVersion:   Dev-Niagara (F2AED0AC-9AFE-416F-8664-AA7FFA26D6FC): 1
LogDevObjectVersion:   Dev-Destruction (174F1F0B-B4C6-45A5-B13F-2EE8D0FB917D): 10
LogDevObjectVersion:   Dev-Physics-Ext (35F94A83-E258-406C-A318-09F59610247C): 41
LogDevObjectVersion:   Dev-PhysicsMaterial-Chaos (B68FC16E-8B1B-42E2-B453-215C058844FE): 1
LogDevObjectVersion:   Dev-CineCamera (B2E18506-4273-CFC2-A54E-F4BB758BBA07): 1
LogDevObjectVersion:   Dev-VirtualProduction (64F58936-FD1B-42BA-BA96-7289D5D0FA4E): 1
LogDevObjectVersion:   Dev-MediaFramework (6F0ED827-A609-4895-9C91-998D90180EA4): 2
LogInit: Presizing for max 25165824 objects, including 0 objects not considered by GC, pre-allocating 0 bytes for permanent pool.
LogConfig: Applying CVar settings from Section [/Script/Engine.StreamingSettings] File [C:/Users/eghah/Desktop/diplom/task1/Saved/Config/Windows/Engine.ini]
LogConfig: Setting CVar [[s.MinBulkDataSizeForAsyncLoading:131072]]
LogConfig: Setting CVar [[s.AsyncLoadingThreadEnabled:0]]
LogConfig: Setting CVar [[s.EventDrivenLoaderEnabled:1]]
LogConfig: Setting CVar [[s.WarnIfTimeLimitExceeded:0]]
LogConfig: Setting CVar [[s.TimeLimitExceededMultiplier:1.5]]
LogConfig: Setting CVar [[s.TimeLimitExceededMinTime:0.005]]
LogConfig: Setting CVar [[s.UseBackgroundLevelStreaming:1]]
LogConfig: Setting CVar [[s.PriorityAsyncLoadingExtraTime:15.0]]
LogConfig: Setting CVar [[s.LevelStreamingActorsUpdateTimeLimit:5.0]]
LogConfig: Setting CVar [[s.PriorityLevelStreamingActorsUpdateExtraTime:5.0]]
LogConfig: Setting CVar [[s.LevelStreamingComponentsRegistrationGranularity:10]]
LogConfig: Setting CVar [[s.UnregisterComponentsTimeLimit:1.0]]
LogConfig: Setting CVar [[s.LevelStreamingComponentsUnregistrationGranularity:5]]
LogConfig: Setting CVar [[s.FlushStreamingOnExit:1]]
LogInit: Object subsystem initialized
LogConfig: Setting CVar [[con.DebugEarlyDefault:1]]
LogConfig: Setting CVar [[r.setres:1280x720]]
[2025.06.21-10.12.24:485][  0]LogConfig: Setting CVar [[r.VSync:0]]
[2025.06.21-10.12.24:485][  0]LogConfig: Setting CVar [[r.RHICmdBypass:0]]
[2025.06.21-10.12.24:485][  0]LogConfig: Applying CVar settings from Section [/Script/Engine.RendererSettings] File [C:/Users/eghah/Desktop/diplom/task1/Saved/Config/Windows/Engine.ini]
[2025.06.21-10.12.24:485][  0]LogConfig: Setting CVar [[r.GPUCrashDebugging:0]]
[2025.06.21-10.12.24:485][  0]LogConfig: Applying CVar settings from Section [/Script/Engine.RendererOverrideSettings] File [C:/Users/eghah/Desktop/diplom/task1/Saved/Config/Windows/Engine.ini]
[2025.06.21-10.12.24:485][  0]LogConfig: Applying CVar settings from Section [/Script/Engine.StreamingSettings] File [C:/Users/eghah/Desktop/diplom/task1/Saved/Config/Windows/Engine.ini]
[2025.06.21-10.12.24:485][  0]LogConfig: Setting CVar [[s.MinBulkDataSizeForAsyncLoading:131072]]
[2025.06.21-10.12.24:485][  0]LogConfig: Setting CVar [[s.AsyncLoadingThreadEnabled:0]]
[2025.06.21-10.12.24:485][  0]LogConfig: Setting CVar [[s.EventDrivenLoaderEnabled:1]]
[2025.06.21-10.12.24:485][  0]LogConfig: Setting CVar [[s.WarnIfTimeLimitExceeded:0]]
[2025.06.21-10.12.24:485][  0]LogConfig: Setting CVar [[s.TimeLimitExceededMultiplier:1.5]]
[2025.06.21-10.12.24:485][  0]LogConfig: Setting CVar [[s.TimeLimitExceededMinTime:0.005]]
[2025.06.21-10.12.24:485][  0]LogConfig: Setting CVar [[s.UseBackgroundLevelStreaming:1]]
[2025.06.21-10.12.24:485][  0]LogConfig: Setting CVar [[s.PriorityAsyncLoadingExtraTime:15.0]]
[2025.06.21-10.12.24:485][  0]LogConfig: Setting CVar [[s.LevelStreamingActorsUpdateTimeLimit:5.0]]
[2025.06.21-10.12.24:485][  0]LogConfig: Setting CVar [[s.PriorityLevelStreamingActorsUpdateExtraTime:5.0]]
[2025.06.21-10.12.24:485][  0]LogConfig: Setting CVar [[s.LevelStreamingComponentsRegistrationGranularity:10]]
[2025.06.21-10.12.24:485][  0]LogConfig: Setting CVar [[s.UnregisterComponentsTimeLimit:1.0]]
[2025.06.21-10.12.24:485][  0]LogConfig: Setting CVar [[s.LevelStreamingComponentsUnregistrationGranularity:5]]
[2025.06.21-10.12.24:485][  0]LogConfig: Setting CVar [[s.FlushStreamingOnExit:1]]
[2025.06.21-10.12.24:485][  0]LogConfig: Applying CVar settings from Section [/Script/Engine.GarbageCollectionSettings] File [C:/Users/eghah/Desktop/diplom/task1/Saved/Config/Windows/Engine.ini]
[2025.06.21-10.12.24:485][  0]LogConfig: Setting CVar [[gc.MaxObjectsNotConsideredByGC:1]]
[2025.06.21-10.12.24:485][  0]LogConfig: Setting CVar [[gc.SizeOfPermanentObjectPool:0]]
[2025.06.21-10.12.24:485][  0]LogConfig: Setting CVar [[gc.FlushStreamingOnGC:0]]
[2025.06.21-10.12.24:485][  0]LogConfig: Setting CVar [[gc.NumRetriesBeforeForcingGC:10]]
[2025.06.21-10.12.24:485][  0]LogConfig: Setting CVar [[gc.AllowParallelGC:1]]
[2025.06.21-10.12.24:485][  0]LogConfig: Setting CVar [[gc.TimeBetweenPurgingPendingKillObjects:61.1]]
[2025.06.21-10.12.24:485][  0]LogConfig: Setting CVar [[gc.MaxObjectsInEditor:25165824]]
[2025.06.21-10.12.24:485][  0]LogConfig: Setting CVar [[gc.IncrementalBeginDestroyEnabled:1]]
[2025.06.21-10.12.24:485][  0]LogConfig: Setting CVar [[gc.CreateGCClusters:1]]
[2025.06.21-10.12.24:485][  0]LogConfig: Setting CVar [[gc.MinGCClusterSize:5]]
[2025.06.21-10.12.24:485][  0]LogConfig: Setting CVar [[gc.ActorClusteringEnabled:0]]
[2025.06.21-10.12.24:485][  0]LogConfig: Setting CVar [[gc.BlueprintClusteringEnabled:0]]
[2025.06.21-10.12.24:485][  0]LogConfig: Setting CVar [[gc.UseDisregardForGCOnDedicatedServers:0]]
[2025.06.21-10.12.24:485][  0]LogConfig: Setting CVar [[gc.MultithreadedDestructionEnabled:1]]
[2025.06.21-10.12.24:485][  0]LogConfig: Applying CVar settings from Section [/Script/Engine.NetworkSettings] File [C:/Users/eghah/Desktop/diplom/task1/Saved/Config/Windows/Engine.ini]
[2025.06.21-10.12.24:485][  0]LogConfig: Applying CVar settings from Section [/Script/UnrealEd.CookerSettings] File [C:/Users/eghah/Desktop/diplom/task1/Saved/Config/Windows/Engine.ini]
[2025.06.21-10.12.24:490][  0]LogConfig: Applying CVar settings from Section [ViewDistanceQuality@3] File [C:/Users/eghah/Desktop/diplom/task1/Saved/Config/Windows/Scalability.ini]
[2025.06.21-10.12.24:490][  0]LogConfig: Setting CVar [[r.SkeletalMeshLODBias:0]]
[2025.06.21-10.12.24:490][  0]LogConfig: Setting CVar [[r.ViewDistanceScale:1.0]]
[2025.06.21-10.12.24:490][  0]LogConfig: Applying CVar settings from Section [AntiAliasingQuality@3] File [C:/Users/eghah/Desktop/diplom/task1/Saved/Config/Windows/Scalability.ini]
[2025.06.21-10.12.24:490][  0]LogConfig: Setting CVar [[r.PostProcessAAQuality:4]]
[2025.06.21-10.12.24:490][  0]LogConfig: Applying CVar settings from Section [ShadowQuality@3] File [C:/Users/eghah/Desktop/diplom/task1/Saved/Config/Windows/Scalability.ini]
[2025.06.21-10.12.24:490][  0]LogConfig: Setting CVar [[r.LightFunctionQuality:1]]
[2025.06.21-10.12.24:490][  0]LogConfig: Setting CVar [[r.ShadowQuality:5]]
[2025.06.21-10.12.24:490][  0]LogConfig: Setting CVar [[r.Shadow.CSM.MaxCascades:10]]
[2025.06.21-10.12.24:490][  0]LogConfig: Setting CVar [[r.Shadow.MaxResolution:2048]]
[2025.06.21-10.12.24:490][  0]LogConfig: Setting CVar [[r.Shadow.MaxCSMResolution:2048]]
[2025.06.21-10.12.24:490][  0]LogConfig: Setting CVar [[r.Shadow.RadiusThreshold:0.01]]
[2025.06.21-10.12.24:490][  0]LogConfig: Setting CVar [[r.Shadow.DistanceScale:1.0]]
[2025.06.21-10.12.24:490][  0]LogConfig: Setting CVar [[r.Shadow.CSM.TransitionScale:1.0]]
[2025.06.21-10.12.24:490][  0]LogConfig: Setting CVar [[r.Shadow.PreShadowResolutionFactor:1.0]]
[2025.06.21-10.12.24:490][  0]LogConfig: Setting CVar [[r.DistanceFieldShadowing:1]]
[2025.06.21-10.12.24:490][  0]LogConfig: Setting CVar [[r.DistanceFieldAO:1]]
[2025.06.21-10.12.24:490][  0]LogConfig: Setting CVar [[r.AOQuality:2]]
[2025.06.21-10.12.24:490][  0]LogConfig: Setting CVar [[r.VolumetricFog:1]]
[2025.06.21-10.12.24:490][  0]LogConfig: Setting CVar [[r.VolumetricFog.GridPixelSize:8]]
[2025.06.21-10.12.24:490][  0]LogConfig: Setting CVar [[r.VolumetricFog.GridSizeZ:128]]
[2025.06.21-10.12.24:490][  0]LogConfig: Setting CVar [[r.VolumetricFog.HistoryMissSupersampleCount:4]]
[2025.06.21-10.12.24:490][  0]LogConfig: Setting CVar [[r.LightMaxDrawDistanceScale:1]]
[2025.06.21-10.12.24:490][  0]LogConfig: Setting CVar [[r.CapsuleShadows:1]]
[2025.06.21-10.12.24:490][  0]LogConfig: Applying CVar settings from Section [PostProcessQuality@3] File [C:/Users/eghah/Desktop/diplom/task1/Saved/Config/Windows/Scalability.ini]
[2025.06.21-10.12.24:490][  0]LogConfig: Setting CVar [[r.MotionBlurQuality:4]]
[2025.06.21-10.12.24:490][  0]LogConfig: Setting CVar [[r.AmbientOcclusionMipLevelFactor:0.4]]
[2025.06.21-10.12.24:490][  0]LogConfig: Setting CVar [[r.AmbientOcclusionMaxQuality:100]]
[2025.06.21-10.12.24:490][  0]LogConfig: Setting CVar [[r.AmbientOcclusionLevels:-1]]
[2025.06.21-10.12.24:490][  0]LogConfig: Setting CVar [[r.AmbientOcclusionRadiusScale:1.0]]
[2025.06.21-10.12.24:490][  0]LogConfig: Setting CVar [[r.DepthOfFieldQuality:2]]
[2025.06.21-10.12.24:490][  0]LogConfig: Setting CVar [[r.RenderTargetPoolMin:400]]
[2025.06.21-10.12.24:490][  0]LogConfig: Setting CVar [[r.LensFlareQuality:2]]
[2025.06.21-10.12.24:490][  0]LogConfig: Setting CVar [[r.SceneColorFringeQuality:1]]
[2025.06.21-10.12.24:490][  0]LogConfig: Setting CVar [[r.EyeAdaptationQuality:2]]
[2025.06.21-10.12.24:490][  0]LogConfig: Setting CVar [[r.BloomQuality:5]]
[2025.06.21-10.12.24:490][  0]LogConfig: Setting CVar [[r.FastBlurThreshold:100]]
[2025.06.21-10.12.24:490][  0]LogConfig: Setting CVar [[r.Upscale.Quality:3]]
[2025.06.21-10.12.24:490][  0]LogConfig: Setting CVar [[r.Tonemapper.GrainQuantization:1]]
[2025.06.21-10.12.24:490][  0]LogConfig: Setting CVar [[r.LightShaftQuality:1]]
[2025.06.21-10.12.24:490][  0]LogConfig: Setting CVar [[r.Filter.SizeScale:1]]
[2025.06.21-10.12.24:490][  0]LogConfig: Setting CVar [[r.Tonemapper.Quality:5]]
[2025.06.21-10.12.24:490][  0]LogConfig: Setting CVar [[r.DOF.Gather.AccumulatorQuality:1        ; higher gathering accumulator quality]]
[2025.06.21-10.12.24:490][  0]LogConfig: Setting CVar [[r.DOF.Gather.PostfilterMethod:1          ; Median3x3 postfilering method]]
[2025.06.21-10.12.24:490][  0]LogConfig: Setting CVar [[r.DOF.Gather.EnableBokehSettings:0       ; no bokeh simulation when gathering]]
[2025.06.21-10.12.24:490][  0]LogConfig: Setting CVar [[r.DOF.Gather.RingCount:4                 ; medium number of samples when gathering]]
[2025.06.21-10.12.24:490][  0]LogConfig: Setting CVar [[r.DOF.Scatter.ForegroundCompositing:1    ; additive foreground scattering]]
[2025.06.21-10.12.24:490][  0]LogConfig: Setting CVar [[r.DOF.Scatter.BackgroundCompositing:2    ; additive background scattering]]
[2025.06.21-10.12.24:490][  0]LogConfig: Setting CVar [[r.DOF.Scatter.EnableBokehSettings:1      ; bokeh simulation when scattering]]
[2025.06.21-10.12.24:490][  0]LogConfig: Setting CVar [[r.DOF.Scatter.MaxSpriteRatio:0.1         ; only a maximum of 10% of scattered bokeh]]
[2025.06.21-10.12.24:490][  0]LogConfig: Setting CVar [[r.DOF.Recombine.Quality:1                ; cheap slight out of focus]]
[2025.06.21-10.12.24:490][  0]LogConfig: Setting CVar [[r.DOF.Recombine.EnableBokehSettings:0    ; no bokeh simulation on slight out of focus]]
[2025.06.21-10.12.24:490][  0]LogConfig: Setting CVar [[r.DOF.TemporalAAQuality:1                ; more stable temporal accumulation]]
[2025.06.21-10.12.24:490][  0]LogConfig: Setting CVar [[r.DOF.Kernel.MaxForegroundRadius:0.025]]
[2025.06.21-10.12.24:490][  0]LogConfig: Setting CVar [[r.DOF.Kernel.MaxBackgroundRadius:0.025]]
[2025.06.21-10.12.24:490][  0]LogConfig: Applying CVar settings from Section [TextureQuality@3] File [C:/Users/eghah/Desktop/diplom/task1/Saved/Config/Windows/Scalability.ini]
[2025.06.21-10.12.24:490][  0]LogConfig: Setting CVar [[r.Streaming.MipBias:0]]
[2025.06.21-10.12.24:490][  0]LogConfig: Setting CVar [[r.Streaming.AmortizeCPUToGPUCopy:0]]
[2025.06.21-10.12.24:490][  0]LogConfig: Setting CVar [[r.Streaming.MaxNumTexturesToStreamPerFrame:0]]
[2025.06.21-10.12.24:490][  0]LogConfig: Setting CVar [[r.Streaming.Boost:1]]
[2025.06.21-10.12.24:490][  0]LogConfig: Setting CVar [[r.MaxAnisotropy:8]]
[2025.06.21-10.12.24:490][  0]LogConfig: Setting CVar [[r.VT.MaxAnisotropy:8]]
[2025.06.21-10.12.24:490][  0]LogConfig: Setting CVar [[r.Streaming.LimitPoolSizeToVRAM:0]]
[2025.06.21-10.12.24:490][  0]LogConfig: Setting CVar [[r.Streaming.PoolSize:1000]]
[2025.06.21-10.12.24:491][  0]LogConfig: Setting CVar [[r.Streaming.MaxEffectiveScreenSize:0]]
[2025.06.21-10.12.24:491][  0]LogConfig: Applying CVar settings from Section [EffectsQuality@3] File [C:/Users/eghah/Desktop/diplom/task1/Saved/Config/Windows/Scalability.ini]
[2025.06.21-10.12.24:491][  0]LogConfig: Setting CVar [[r.TranslucencyLightingVolumeDim:64]]
[2025.06.21-10.12.24:491][  0]LogConfig: Setting CVar [[r.RefractionQuality:2]]
[2025.06.21-10.12.24:491][  0]LogConfig: Setting CVar [[r.SSR.Quality:3]]
[2025.06.21-10.12.24:491][  0]LogConfig: Setting CVar [[r.SSR.HalfResSceneColor:0]]
[2025.06.21-10.12.24:491][  0]LogConfig: Setting CVar [[r.SceneColorFormat:4]]
[2025.06.21-10.12.24:491][  0]LogConfig: Setting CVar [[r.DetailMode:2]]
[2025.06.21-10.12.24:491][  0]LogConfig: Setting CVar [[r.TranslucencyVolumeBlur:1]]
[2025.06.21-10.12.24:491][  0]LogConfig: Setting CVar [[r.MaterialQualityLevel:1 ; High quality]]
[2025.06.21-10.12.24:491][  0]LogConfig: Setting CVar [[r.AnisotropicMaterials:1]]
[2025.06.21-10.12.24:491][  0]LogConfig: Setting CVar [[r.SSS.Scale:1]]
[2025.06.21-10.12.24:491][  0]LogConfig: Setting CVar [[r.SSS.SampleSet:2]]
[2025.06.21-10.12.24:491][  0]LogConfig: Setting CVar [[r.SSS.Quality:1]]
[2025.06.21-10.12.24:491][  0]LogConfig: Setting CVar [[r.SSS.HalfRes:0]]
[2025.06.21-10.12.24:491][  0]LogConfig: Setting CVar [[r.SSGI.Quality:3]]
[2025.06.21-10.12.24:491][  0]LogConfig: Setting CVar [[r.EmitterSpawnRateScale:1.0]]
[2025.06.21-10.12.24:491][  0]LogConfig: Setting CVar [[r.ParticleLightQuality:2]]
[2025.06.21-10.12.24:491][  0]LogConfig: Setting CVar [[r.SkyAtmosphere.AerialPerspectiveLUT.FastApplyOnOpaque:1 ; Always have FastSkyLUT 1 in this case to avoid wrong sky]]
[2025.06.21-10.12.24:491][  0]LogConfig: Setting CVar [[r.SkyAtmosphere.AerialPerspectiveLUT.SampleCountMaxPerSlice:4]]
[2025.06.21-10.12.24:491][  0]LogConfig: Setting CVar [[r.SkyAtmosphere.AerialPerspectiveLUT.DepthResolution:16.0]]
[2025.06.21-10.12.24:491][  0]LogConfig: Setting CVar [[r.SkyAtmosphere.FastSkyLUT:1]]
[2025.06.21-10.12.24:491][  0]LogConfig: Setting CVar [[r.SkyAtmosphere.FastSkyLUT.SampleCountMin:4.0]]
[2025.06.21-10.12.24:491][  0]LogConfig: Setting CVar [[r.SkyAtmosphere.FastSkyLUT.SampleCountMax:128.0]]
[2025.06.21-10.12.24:491][  0]LogConfig: Setting CVar [[r.SkyAtmosphere.SampleCountMin:4.0]]
[2025.06.21-10.12.24:491][  0]LogConfig: Setting CVar [[r.SkyAtmosphere.SampleCountMax:128.0]]
[2025.06.21-10.12.24:491][  0]LogConfig: Setting CVar [[r.SkyAtmosphere.TransmittanceLUT.UseSmallFormat:0]]
[2025.06.21-10.12.24:491][  0]LogConfig: Setting CVar [[r.SkyAtmosphere.TransmittanceLUT.SampleCount:10.0]]
[2025.06.21-10.12.24:491][  0]LogConfig: Setting CVar [[r.SkyAtmosphere.MultiScatteringLUT.SampleCount:15.0]]
[2025.06.21-10.12.24:491][  0]LogConfig: Setting CVar [[r.SkyLight.RealTimeReflectionCapture:1]]
[2025.06.21-10.12.24:491][  0]LogConfig: Applying CVar settings from Section [FoliageQuality@3] File [C:/Users/eghah/Desktop/diplom/task1/Saved/Config/Windows/Scalability.ini]
[2025.06.21-10.12.24:491][  0]LogConfig: Setting CVar [[foliage.DensityScale:1.0]]
[2025.06.21-10.12.24:491][  0]LogConfig: Setting CVar [[grass.DensityScale:1.0]]
[2025.06.21-10.12.24:491][  0]LogConfig: Applying CVar settings from Section [ShadingQuality@3] File [C:/Users/eghah/Desktop/diplom/task1/Saved/Config/Windows/Scalability.ini]
[2025.06.21-10.12.24:491][  0]LogConfig: Setting CVar [[r.HairStrands.SkyLighting.IntegrationType:2]]
[2025.06.21-10.12.24:491][  0]LogConfig: Setting CVar [[r.HairStrands.SkyAO.SampleCount:4]]
[2025.06.21-10.12.24:491][  0]LogConfig: Setting CVar [[r.HairStrands.Visibility.MSAA.SamplePerPixel:4]]
[2025.06.21-10.12.24:491][  0]LogInit: Selected Device Profile: [Windows]
[2025.06.21-10.12.24:491][  0]LogInit: Applying CVar settings loaded from the selected device profile: [Windows]
[2025.06.21-10.12.24:491][  0]LogHAL: Display: Platform has ~ 16 GB [16891109376 / 17179869184 / 16], which maps to Larger [LargestMinGB=32, LargerMinGB=12, DefaultMinGB=8, SmallerMinGB=6, SmallestMinGB=0)
[2025.06.21-10.12.24:491][  0]LogInit: Going up to parent DeviceProfile []
[2025.06.21-10.12.24:491][  0]LogConfig: Applying CVar settings from Section [ViewDistanceQuality@3] File [C:/Users/eghah/Desktop/diplom/task1/Saved/Config/Windows/Scalability.ini]
[2025.06.21-10.12.24:491][  0]LogConfig: Setting CVar [[r.SkeletalMeshLODBias:0]]
[2025.06.21-10.12.24:491][  0]LogConfig: Setting CVar [[r.ViewDistanceScale:1.0]]
[2025.06.21-10.12.24:491][  0]LogConfig: Applying CVar settings from Section [AntiAliasingQuality@3] File [C:/Users/eghah/Desktop/diplom/task1/Saved/Config/Windows/Scalability.ini]
[2025.06.21-10.12.24:491][  0]LogConfig: Setting CVar [[r.PostProcessAAQuality:4]]
[2025.06.21-10.12.24:491][  0]LogConfig: Applying CVar settings from Section [ShadowQuality@3] File [C:/Users/eghah/Desktop/diplom/task1/Saved/Config/Windows/Scalability.ini]
[2025.06.21-10.12.24:491][  0]LogConfig: Setting CVar [[r.LightFunctionQuality:1]]
[2025.06.21-10.12.24:491][  0]LogConfig: Setting CVar [[r.ShadowQuality:5]]
[2025.06.21-10.12.24:491][  0]LogConfig: Setting CVar [[r.Shadow.CSM.MaxCascades:10]]
[2025.06.21-10.12.24:491][  0]LogConfig: Setting CVar [[r.Shadow.MaxResolution:2048]]
[2025.06.21-10.12.24:491][  0]LogConfig: Setting CVar [[r.Shadow.MaxCSMResolution:2048]]
[2025.06.21-10.12.24:491][  0]LogConfig: Setting CVar [[r.Shadow.RadiusThreshold:0.01]]
[2025.06.21-10.12.24:491][  0]LogConfig: Setting CVar [[r.Shadow.DistanceScale:1.0]]
[2025.06.21-10.12.24:491][  0]LogConfig: Setting CVar [[r.Shadow.CSM.TransitionScale:1.0]]
[2025.06.21-10.12.24:491][  0]LogConfig: Setting CVar [[r.Shadow.PreShadowResolutionFactor:1.0]]
[2025.06.21-10.12.24:491][  0]LogConfig: Setting CVar [[r.DistanceFieldShadowing:1]]
[2025.06.21-10.12.24:491][  0]LogConfig: Setting CVar [[r.DistanceFieldAO:1]]
[2025.06.21-10.12.24:491][  0]LogConfig: Setting CVar [[r.AOQuality:2]]
[2025.06.21-10.12.24:491][  0]LogConfig: Setting CVar [[r.VolumetricFog:1]]
[2025.06.21-10.12.24:491][  0]LogConfig: Setting CVar [[r.VolumetricFog.GridPixelSize:8]]
[2025.06.21-10.12.24:491][  0]LogConfig: Setting CVar [[r.VolumetricFog.GridSizeZ:128]]
[2025.06.21-10.12.24:491][  0]LogConfig: Setting CVar [[r.VolumetricFog.HistoryMissSupersampleCount:4]]
[2025.06.21-10.12.24:491][  0]LogConfig: Setting CVar [[r.LightMaxDrawDistanceScale:1]]
[2025.06.21-10.12.24:491][  0]LogConfig: Setting CVar [[r.CapsuleShadows:1]]
[2025.06.21-10.12.24:491][  0]LogConfig: Applying CVar settings from Section [PostProcessQuality@3] File [C:/Users/eghah/Desktop/diplom/task1/Saved/Config/Windows/Scalability.ini]
[2025.06.21-10.12.24:491][  0]LogConfig: Setting CVar [[r.MotionBlurQuality:4]]
[2025.06.21-10.12.24:491][  0]LogConfig: Setting CVar [[r.AmbientOcclusionMipLevelFactor:0.4]]
[2025.06.21-10.12.24:491][  0]LogConfig: Setting CVar [[r.AmbientOcclusionMaxQuality:100]]
[2025.06.21-10.12.24:491][  0]LogConfig: Setting CVar [[r.AmbientOcclusionLevels:-1]]
[2025.06.21-10.12.24:491][  0]LogConfig: Setting CVar [[r.AmbientOcclusionRadiusScale:1.0]]
[2025.06.21-10.12.24:491][  0]LogConfig: Setting CVar [[r.DepthOfFieldQuality:2]]
[2025.06.21-10.12.24:491][  0]LogConfig: Setting CVar [[r.RenderTargetPoolMin:400]]
[2025.06.21-10.12.24:491][  0]LogConfig: Setting CVar [[r.LensFlareQuality:2]]
[2025.06.21-10.12.24:491][  0]LogConfig: Setting CVar [[r.SceneColorFringeQuality:1]]
[2025.06.21-10.12.24:491][  0]LogConfig: Setting CVar [[r.EyeAdaptationQuality:2]]
[2025.06.21-10.12.24:491][  0]LogConfig: Setting CVar [[r.BloomQuality:5]]
[2025.06.21-10.12.24:491][  0]LogConfig: Setting CVar [[r.FastBlurThreshold:100]]
[2025.06.21-10.12.24:491][  0]LogConfig: Setting CVar [[r.Upscale.Quality:3]]
[2025.06.21-10.12.24:491][  0]LogConfig: Setting CVar [[r.Tonemapper.GrainQuantization:1]]
[2025.06.21-10.12.24:491][  0]LogConfig: Setting CVar [[r.LightShaftQuality:1]]
[2025.06.21-10.12.24:491][  0]LogConfig: Setting CVar [[r.Filter.SizeScale:1]]
[2025.06.21-10.12.24:491][  0]LogConfig: Setting CVar [[r.Tonemapper.Quality:5]]
[2025.06.21-10.12.24:491][  0]LogConfig: Setting CVar [[r.DOF.Gather.AccumulatorQuality:1        ; higher gathering accumulator quality]]
[2025.06.21-10.12.24:491][  0]LogConfig: Setting CVar [[r.DOF.Gather.PostfilterMethod:1          ; Median3x3 postfilering method]]
[2025.06.21-10.12.24:491][  0]LogConfig: Setting CVar [[r.DOF.Gather.EnableBokehSettings:0       ; no bokeh simulation when gathering]]
[2025.06.21-10.12.24:491][  0]LogConfig: Setting CVar [[r.DOF.Gather.RingCount:4                 ; medium number of samples when gathering]]
[2025.06.21-10.12.24:491][  0]LogConfig: Setting CVar [[r.DOF.Scatter.ForegroundCompositing:1    ; additive foreground scattering]]
[2025.06.21-10.12.24:491][  0]LogConfig: Setting CVar [[r.DOF.Scatter.BackgroundCompositing:2    ; additive background scattering]]
[2025.06.21-10.12.24:491][  0]LogConfig: Setting CVar [[r.DOF.Scatter.EnableBokehSettings:1      ; bokeh simulation when scattering]]
[2025.06.21-10.12.24:491][  0]LogConfig: Setting CVar [[r.DOF.Scatter.MaxSpriteRatio:0.1         ; only a maximum of 10% of scattered bokeh]]
[2025.06.21-10.12.24:491][  0]LogConfig: Setting CVar [[r.DOF.Recombine.Quality:1                ; cheap slight out of focus]]
[2025.06.21-10.12.24:491][  0]LogConfig: Setting CVar [[r.DOF.Recombine.EnableBokehSettings:0    ; no bokeh simulation on slight out of focus]]
[2025.06.21-10.12.24:491][  0]LogConfig: Setting CVar [[r.DOF.TemporalAAQuality:1                ; more stable temporal accumulation]]
[2025.06.21-10.12.24:491][  0]LogConfig: Setting CVar [[r.DOF.Kernel.MaxForegroundRadius:0.025]]
[2025.06.21-10.12.24:491][  0]LogConfig: Setting CVar [[r.DOF.Kernel.MaxBackgroundRadius:0.025]]
[2025.06.21-10.12.24:491][  0]LogConfig: Applying CVar settings from Section [TextureQuality@3] File [C:/Users/eghah/Desktop/diplom/task1/Saved/Config/Windows/Scalability.ini]
[2025.06.21-10.12.24:491][  0]LogConfig: Setting CVar [[r.Streaming.MipBias:0]]
[2025.06.21-10.12.24:491][  0]LogConfig: Setting CVar [[r.Streaming.AmortizeCPUToGPUCopy:0]]
[2025.06.21-10.12.24:491][  0]LogConfig: Setting CVar [[r.Streaming.MaxNumTexturesToStreamPerFrame:0]]
[2025.06.21-10.12.24:491][  0]LogConfig: Setting CVar [[r.Streaming.Boost:1]]
[2025.06.21-10.12.24:491][  0]LogConfig: Setting CVar [[r.MaxAnisotropy:8]]
[2025.06.21-10.12.24:491][  0]LogConfig: Setting CVar [[r.VT.MaxAnisotropy:8]]
[2025.06.21-10.12.24:491][  0]LogConfig: Setting CVar [[r.Streaming.LimitPoolSizeToVRAM:0]]
[2025.06.21-10.12.24:491][  0]LogConfig: Setting CVar [[r.Streaming.PoolSize:1000]]
[2025.06.21-10.12.24:491][  0]LogConfig: Setting CVar [[r.Streaming.MaxEffectiveScreenSize:0]]
[2025.06.21-10.12.24:491][  0]LogConfig: Applying CVar settings from Section [EffectsQuality@3] File [C:/Users/eghah/Desktop/diplom/task1/Saved/Config/Windows/Scalability.ini]
[2025.06.21-10.12.24:491][  0]LogConfig: Setting CVar [[r.TranslucencyLightingVolumeDim:64]]
[2025.06.21-10.12.24:491][  0]LogConfig: Setting CVar [[r.RefractionQuality:2]]
[2025.06.21-10.12.24:491][  0]LogConfig: Setting CVar [[r.SSR.Quality:3]]
[2025.06.21-10.12.24:491][  0]LogConfig: Setting CVar [[r.SSR.HalfResSceneColor:0]]
[2025.06.21-10.12.24:491][  0]LogConfig: Setting CVar [[r.SceneColorFormat:4]]
[2025.06.21-10.12.24:491][  0]LogConfig: Setting CVar [[r.DetailMode:2]]
[2025.06.21-10.12.24:491][  0]LogConfig: Setting CVar [[r.TranslucencyVolumeBlur:1]]
[2025.06.21-10.12.24:491][  0]LogConfig: Setting CVar [[r.MaterialQualityLevel:1 ; High quality]]
[2025.06.21-10.12.24:491][  0]LogConfig: Setting CVar [[r.AnisotropicMaterials:1]]
[2025.06.21-10.12.24:491][  0]LogConfig: Setting CVar [[r.SSS.Scale:1]]
[2025.06.21-10.12.24:491][  0]LogConfig: Setting CVar [[r.SSS.SampleSet:2]]
[2025.06.21-10.12.24:491][  0]LogConfig: Setting CVar [[r.SSS.Quality:1]]
[2025.06.21-10.12.24:492][  0]LogConfig: Setting CVar [[r.SSS.HalfRes:0]]
[2025.06.21-10.12.24:492][  0]LogConfig: Setting CVar [[r.SSGI.Quality:3]]
[2025.06.21-10.12.24:492][  0]LogConfig: Setting CVar [[r.EmitterSpawnRateScale:1.0]]
[2025.06.21-10.12.24:492][  0]LogConfig: Setting CVar [[r.ParticleLightQuality:2]]
[2025.06.21-10.12.24:492][  0]LogConfig: Setting CVar [[r.SkyAtmosphere.AerialPerspectiveLUT.FastApplyOnOpaque:1 ; Always have FastSkyLUT 1 in this case to avoid wrong sky]]
[2025.06.21-10.12.24:492][  0]LogConfig: Setting CVar [[r.SkyAtmosphere.AerialPerspectiveLUT.SampleCountMaxPerSlice:4]]
[2025.06.21-10.12.24:492][  0]LogConfig: Setting CVar [[r.SkyAtmosphere.AerialPerspectiveLUT.DepthResolution:16.0]]
[2025.06.21-10.12.24:492][  0]LogConfig: Setting CVar [[r.SkyAtmosphere.FastSkyLUT:1]]
[2025.06.21-10.12.24:492][  0]LogConfig: Setting CVar [[r.SkyAtmosphere.FastSkyLUT.SampleCountMin:4.0]]
[2025.06.21-10.12.24:492][  0]LogConfig: Setting CVar [[r.SkyAtmosphere.FastSkyLUT.SampleCountMax:128.0]]
[2025.06.21-10.12.24:492][  0]LogConfig: Setting CVar [[r.SkyAtmosphere.SampleCountMin:4.0]]
[2025.06.21-10.12.24:492][  0]LogConfig: Setting CVar [[r.SkyAtmosphere.SampleCountMax:128.0]]
[2025.06.21-10.12.24:492][  0]LogConfig: Setting CVar [[r.SkyAtmosphere.TransmittanceLUT.UseSmallFormat:0]]
[2025.06.21-10.12.24:492][  0]LogConfig: Setting CVar [[r.SkyAtmosphere.TransmittanceLUT.SampleCount:10.0]]
[2025.06.21-10.12.24:492][  0]LogConfig: Setting CVar [[r.SkyAtmosphere.MultiScatteringLUT.SampleCount:15.0]]
[2025.06.21-10.12.24:492][  0]LogConfig: Setting CVar [[r.SkyLight.RealTimeReflectionCapture:1]]
[2025.06.21-10.12.24:492][  0]LogConfig: Applying CVar settings from Section [FoliageQuality@3] File [C:/Users/eghah/Desktop/diplom/task1/Saved/Config/Windows/Scalability.ini]
[2025.06.21-10.12.24:492][  0]LogConfig: Setting CVar [[foliage.DensityScale:1.0]]
[2025.06.21-10.12.24:492][  0]LogConfig: Setting CVar [[grass.DensityScale:1.0]]
[2025.06.21-10.12.24:492][  0]LogConfig: Applying CVar settings from Section [ShadingQuality@3] File [C:/Users/eghah/Desktop/diplom/task1/Saved/Config/Windows/Scalability.ini]
[2025.06.21-10.12.24:492][  0]LogConfig: Setting CVar [[r.HairStrands.SkyLighting.IntegrationType:2]]
[2025.06.21-10.12.24:492][  0]LogConfig: Setting CVar [[r.HairStrands.SkyAO.SampleCount:4]]
[2025.06.21-10.12.24:492][  0]LogConfig: Setting CVar [[r.HairStrands.Visibility.MSAA.SamplePerPixel:4]]
[2025.06.21-10.12.24:492][  0]LogConfig: Applying CVar settings from Section [Startup] File [../../../Engine/Config/ConsoleVariables.ini]
[2025.06.21-10.12.24:492][  0]LogConfig: Setting CVar [[net.UseAdaptiveNetUpdateFrequency:0]]
[2025.06.21-10.12.24:492][  0]LogConfig: Setting CVar [[p.chaos.AllowCreatePhysxBodies:1]]
[2025.06.21-10.12.24:492][  0]LogConfig: Setting CVar [[fx.SkipVectorVMBackendOptimizations:1]]
[2025.06.21-10.12.24:492][  0]LogConfig: Applying CVar settings from Section [ConsoleVariables] File [C:/Users/eghah/Desktop/diplom/task1/Saved/Config/Windows/Engine.ini]
[2025.06.21-10.12.24:492][  0]LogConfig: Applying CVar settings from Section [ConsoleVariables] File [C:/Users/eghah/Desktop/diplom/task1/Saved/Config/Windows/Editor.ini]
[2025.06.21-10.12.24:492][  0]LogInit: Computer: DESKTOP-C9CTT6M
[2025.06.21-10.12.24:492][  0]LogInit: User: eghah
[2025.06.21-10.12.24:492][  0]LogInit: CPU Page size=4096, Cores=14
[2025.06.21-10.12.24:492][  0]LogInit: High frequency timer resolution =10.000000 MHz
[2025.06.21-10.12.24:492][  0]LogMemory: Memory total: Physical=15.7GB (16GB approx)
[2025.06.21-10.12.24:492][  0]LogMemory: Platform Memory Stats for Windows
[2025.06.21-10.12.24:492][  0]LogMemory: Process Physical Memory: 152.13 MB used, 152.13 MB peak
[2025.06.21-10.12.24:492][  0]LogMemory: Process Virtual Memory: 132.95 MB used, 132.95 MB peak
[2025.06.21-10.12.24:492][  0]LogMemory: Physical Memory: 9976.21 MB used,  6132.41 MB free, 16108.62 MB total
[2025.06.21-10.12.24:492][  0]LogMemory: Virtual Memory: 134207840.00 MB used,  9891.10 MB free, 134217728.00 MB total
[2025.06.21-10.12.24:496][  0]LogWindows: WindowsPlatformFeatures enabled
[2025.06.21-10.12.24:531][  0]LogInit: Physics initialised using underlying interface: PhysX
[2025.06.21-10.12.24:532][  0]LogInit: Using OS detected language (en-US).
[2025.06.21-10.12.24:532][  0]LogInit: Using OS detected locale (en-US).
[2025.06.21-10.12.24:536][  0]LogTextLocalizationManager: No specific localization for 'en-US' exists, so the 'en' localization will be used.
[2025.06.21-10.12.24:686][  0]LogInit: Setting process to per monitor DPI aware
[2025.06.21-10.12.24:701][  0]LogWindowsTextInputMethodSystem: Display: IME system deactivated.
[2025.06.21-10.12.24:711][  0]LogSlate: New Slate User Created.  User Index 0, Is Virtual User: 0
[2025.06.21-10.12.24:711][  0]LogSlate: Slate User Registered.  User Index 0, Is Virtual User: 0
[2025.06.21-10.12.24:814][  0]LogD3D11RHI: Loaded GFSDK_Aftermath_Lib.x64.dll
[2025.06.21-10.12.24:857][  0]LogHMD: Failed to initialize OpenVR with code 110
[2025.06.21-10.12.24:857][  0]LogD3D11RHI: D3D11 min allowed feature level: 11_0
[2025.06.21-10.12.24:857][  0]LogD3D11RHI: D3D11 max allowed feature level: 11_0
[2025.06.21-10.12.24:857][  0]LogD3D11RHI: D3D11 adapters:
[2025.06.21-10.12.25:023][  0]LogD3D11RHI:    0. 'NVIDIA GeForce RTX 3070 Laptop GPU' (Feature Level 11_0)
[2025.06.21-10.12.25:023][  0]LogD3D11RHI:       8020/0/8054 MB DedicatedVideo/DedicatedSystem/SharedSystem, Outputs:1, VendorId:0x10de
[2025.06.21-10.12.25:059][  0]LogD3D11RHI:    1. 'Intel(R) Iris(R) Xe Graphics' (Feature Level 11_0)
[2025.06.21-10.12.25:059][  0]LogD3D11RHI:       128/0/8054 MB DedicatedVideo/DedicatedSystem/SharedSystem, Outputs:0, VendorId:0x8086
[2025.06.21-10.12.25:062][  0]LogD3D11RHI:    2. 'Microsoft Basic Render Driver' (Feature Level 11_0)
[2025.06.21-10.12.25:062][  0]LogD3D11RHI:       0/0/8054 MB DedicatedVideo/DedicatedSystem/SharedSystem, Outputs:0, VendorId:0x1414
[2025.06.21-10.12.25:062][  0]LogD3D11RHI: Chosen D3D11 Adapter:
[2025.06.21-10.12.25:062][  0]LogD3D11RHI:     Description : NVIDIA GeForce RTX 3070 Laptop GPU
[2025.06.21-10.12.25:062][  0]LogD3D11RHI:     VendorId    : 10de
[2025.06.21-10.12.25:062][  0]LogD3D11RHI:     DeviceId    : 249d
[2025.06.21-10.12.25:062][  0]LogD3D11RHI:     SubSysId    : 15461458
[2025.06.21-10.12.25:062][  0]LogD3D11RHI:     Revision    : 00a1
[2025.06.21-10.12.25:062][  0]LogD3D11RHI:     DedicatedVideoMemory : 8409579520 bytes
[2025.06.21-10.12.25:062][  0]LogD3D11RHI:     DedicatedSystemMemory : 0 bytes
[2025.06.21-10.12.25:062][  0]LogD3D11RHI:     SharedSystemMemory : 8445554688 bytes
[2025.06.21-10.12.25:062][  0]LogD3D11RHI:     AdapterLuid : 0 77095
[2025.06.21-10.12.25:070][  0]LogD3D11RHI: Creating new Direct3DDevice
[2025.06.21-10.12.25:070][  0]LogD3D11RHI:     GPU DeviceId: 0x249d (for the marketing name, search the web for "GPU Device Id")
[2025.06.21-10.12.25:070][  0]LogWindows: EnumDisplayDevices:
[2025.06.21-10.12.25:070][  0]LogWindows:    0. 'Intel(R) Iris(R) Xe Graphics' (P:1 D:1)
[2025.06.21-10.12.25:070][  0]LogWindows:    1. 'Intel(R) Iris(R) Xe Graphics' (P:0 D:0)
[2025.06.21-10.12.25:070][  0]LogWindows:    2. 'Intel(R) Iris(R) Xe Graphics' (P:0 D:0)
[2025.06.21-10.12.25:070][  0]LogWindows:    3. 'Intel(R) Iris(R) Xe Graphics' (P:0 D:0)
[2025.06.21-10.12.25:071][  0]LogWindows:    4. 'NVIDIA GeForce RTX 3070 Laptop GPU' (P:0 D:0)
[2025.06.21-10.12.25:071][  0]LogWindows:    5. 'NVIDIA GeForce RTX 3070 Laptop GPU' (P:0 D:0)
[2025.06.21-10.12.25:071][  0]LogWindows:    6. 'NVIDIA GeForce RTX 3070 Laptop GPU' (P:0 D:0)
[2025.06.21-10.12.25:071][  0]LogWindows:    7. 'NVIDIA GeForce RTX 3070 Laptop GPU' (P:0 D:0)
[2025.06.21-10.12.25:071][  0]LogWindows: DebugString: PrimaryIsNotTheChoosenAdapter PrimaryIsNotTheChoosenAdapter PrimaryIsNotTheChoosenAdapter PrimaryIsNotTheChoosenAdapter FoundDriverCount:4 
[2025.06.21-10.12.25:071][  0]LogD3D11RHI:     Adapter Name: NVIDIA GeForce RTX 3070 Laptop GPU
[2025.06.21-10.12.25:071][  0]LogD3D11RHI:   Driver Version: 576.80 (internal:32.0.15.7680, unified:576.80)
[2025.06.21-10.12.25:071][  0]LogD3D11RHI:      Driver Date: 6-12-2025
[2025.06.21-10.12.25:071][  0]LogRHI: Texture pool is 5614 MB (70% of 8020 MB)
[2025.06.21-10.12.25:071][  0]LogD3D11RHI: Creating D3DDevice using adapter:
[2025.06.21-10.12.25:071][  0]LogD3D11RHI:     Description : NVIDIA GeForce RTX 3070 Laptop GPU
[2025.06.21-10.12.25:071][  0]LogD3D11RHI:     VendorId    : 10de
[2025.06.21-10.12.25:071][  0]LogD3D11RHI:     DeviceId    : 249d
[2025.06.21-10.12.25:071][  0]LogD3D11RHI:     SubSysId    : 15461458
[2025.06.21-10.12.25:071][  0]LogD3D11RHI:     Revision    : 00a1
[2025.06.21-10.12.25:071][  0]LogD3D11RHI:     DedicatedVideoMemory : 8409579520 bytes
[2025.06.21-10.12.25:071][  0]LogD3D11RHI:     DedicatedSystemMemory : 0 bytes
[2025.06.21-10.12.25:071][  0]LogD3D11RHI:     SharedSystemMemory : 8445554688 bytes
[2025.06.21-10.12.25:071][  0]LogD3D11RHI:     AdapterLuid : 0 77095
[2025.06.21-10.12.25:194][  0]LogD3D11RHI: RHI has support for 64 bit atomics
[2025.06.21-10.12.25:194][  0]LogD3D11RHI: Async texture creation enabled
[2025.06.21-10.12.25:194][  0]LogD3D11RHI: Array index from any shader is supported
[2025.06.21-10.12.25:214][  0]LogD3D11RHI: GPU Timing Frequency: 1000.000000 (Debug: 2 1)
[2025.06.21-10.12.25:243][  0]LogRHI: GeForceNow SDK initialized: 1
[2025.06.21-10.12.25:506][  0]LogTargetPlatformManager: Display: Loaded TargetPlatform 'AllDesktop'
[2025.06.21-10.12.25:523][  0]LogTargetPlatformManager: Display: Loaded TargetPlatform 'Android'
[2025.06.21-10.12.25:523][  0]LogTargetPlatformManager: Display: Loaded TargetPlatform 'Android_ASTC'
[2025.06.21-10.12.25:523][  0]LogTargetPlatformManager: Display: Loaded TargetPlatform 'Android_DXT'
[2025.06.21-10.12.25:523][  0]LogTargetPlatformManager: Display: Loaded TargetPlatform 'Android_ETC2'
[2025.06.21-10.12.25:523][  0]LogTargetPlatformManager: Display: Loaded TargetPlatform 'AndroidClient'
[2025.06.21-10.12.25:523][  0]LogTargetPlatformManager: Display: Loaded TargetPlatform 'Android_ASTCClient'
[2025.06.21-10.12.25:523][  0]LogTargetPlatformManager: Display: Loaded TargetPlatform 'Android_DXTClient'
[2025.06.21-10.12.25:523][  0]LogTargetPlatformManager: Display: Loaded TargetPlatform 'Android_ETC2Client'
[2025.06.21-10.12.25:523][  0]LogTargetPlatformManager: Display: Loaded TargetPlatform 'Android_Multi'
[2025.06.21-10.12.25:523][  0]LogTargetPlatformManager: Display: Loaded TargetPlatform 'Android_MultiClient'
[2025.06.21-10.12.25:539][  0]LogTargetPlatformManager: Display: Loaded TargetPlatform 'IOSClient'
[2025.06.21-10.12.25:539][  0]LogTargetPlatformManager: Display: Loaded TargetPlatform 'IOS'
[2025.06.21-10.12.25:546][  0]LogTargetPlatformManager: Display: Loaded TargetPlatform 'Linux'
[2025.06.21-10.12.25:550][  0]LogTargetPlatformManager: Display: Loaded TargetPlatform 'LinuxNoEditor'
[2025.06.21-10.12.25:554][  0]LogTargetPlatformManager: Display: Loaded TargetPlatform 'LinuxClient'
[2025.06.21-10.12.25:558][  0]LogTargetPlatformManager: Display: Loaded TargetPlatform 'LinuxServer'
[2025.06.21-10.12.25:564][  0]LogTargetPlatformManager: Display: Loaded TargetPlatform 'LinuxAArch64NoEditor'
[2025.06.21-10.12.25:568][  0]LogTargetPlatformManager: Display: Loaded TargetPlatform 'LinuxAArch64Client'
[2025.06.21-10.12.25:571][  0]LogTargetPlatformManager: Display: Loaded TargetPlatform 'LinuxAArch64Server'
[2025.06.21-10.12.25:590][  0]LogTargetPlatformManager: Display: Loaded TargetPlatform 'Lumin'
[2025.06.21-10.12.25:590][  0]LogTargetPlatformManager: Display: Loaded TargetPlatform 'LuminClient'
[2025.06.21-10.12.25:597][  0]LogTargetPlatformManager: Display: Loaded TargetPlatform 'MacNoEditor'
[2025.06.21-10.12.25:600][  0]LogTargetPlatformManager: Display: Loaded TargetPlatform 'Mac'
[2025.06.21-10.12.25:604][  0]LogTargetPlatformManager: Display: Loaded TargetPlatform 'MacClient'
[2025.06.21-10.12.25:607][  0]LogTargetPlatformManager: Display: Loaded TargetPlatform 'MacServer'
[2025.06.21-10.12.25:615][  0]LogTargetPlatformManager: Display: Loaded TargetPlatform 'TVOSClient'
[2025.06.21-10.12.25:615][  0]LogTargetPlatformManager: Display: Loaded TargetPlatform 'TVOS'
[2025.06.21-10.12.25:622][  0]LogTargetPlatformManager: Display: Loaded TargetPlatform 'WindowsNoEditor'
[2025.06.21-10.12.25:626][  0]LogTargetPlatformManager: Display: Loaded TargetPlatform 'Windows'
[2025.06.21-10.12.25:630][  0]LogTargetPlatformManager: Display: Loaded TargetPlatform 'WindowsClient'
[2025.06.21-10.12.25:634][  0]LogTargetPlatformManager: Display: Loaded TargetPlatform 'WindowsServer'
[2025.06.21-10.12.25:634][  0]LogTargetPlatformManager: Display: Building Assets For Windows
[2025.06.21-10.12.25:639][  0]LogAudioDebug: Display: Lib vorbis DLL was dynamically loaded.
[2025.06.21-10.12.25:664][  0]LogTextureFormatOodle: Display: Oodle Texture 2.9.0 init RDO Off
[2025.06.21-10.12.25:689][  0]LogRendererCore: Ray tracing is disabled. Reason: r.RayTracing=0.
[2025.06.21-10.12.25:689][  0]LogShaderCompilers: Guid format shader working directory is -5 characters bigger than the processId version (../../../../../../Users/eghah/Desktop/diplom/task1/Intermediate/Shaders/WorkingDirectory/19872/).
[2025.06.21-10.12.25:689][  0]LogShaderCompilers: Cleaned the shader compiler working directory 'C:/Users/eghah/AppData/Local/Temp/UnrealShaderWorkingDir/83CAB3D94DF5680BEDDF618A34BF5C62/'.
[2025.06.21-10.12.25:689][  0]LogXGEController: Cannot use XGE Controller as Incredibuild is not installed on this machine.
[2025.06.21-10.12.25:689][  0]LogShaderCompilers: Cannot use XGE Shader Compiler as Incredibuild is not installed on this machine.
[2025.06.21-10.12.25:689][  0]LogShaderCompilers: Display: Using Local Shader Compiler.
[2025.06.21-10.12.26:380][  0]LogDerivedDataCache: Display: Max Cache Size: 512 MB
[2025.06.21-10.12.26:448][  0]LogDerivedDataCache: Loaded boot cache 0.07s 94MB C:/Users/eghah/AppData/Local/UnrealEngine/4.27/DerivedDataCache/Boot.ddc.
[2025.06.21-10.12.26:448][  0]LogDerivedDataCache: Display: Loaded Boot cache: C:/Users/eghah/AppData/Local/UnrealEngine/4.27/DerivedDataCache/Boot.ddc
[2025.06.21-10.12.26:448][  0]LogDerivedDataCache: FDerivedDataBackendGraph:  Pak pak cache file ../../../../../../Users/eghah/Desktop/diplom/task1/DerivedDataCache/DDC.ddp not found, will not use a pak cache.
[2025.06.21-10.12.26:448][  0]LogDerivedDataCache: Unable to find inner node Pak for hierarchical cache Hierarchy.
[2025.06.21-10.12.26:448][  0]LogDerivedDataCache: FDerivedDataBackendGraph:  CompressedPak pak cache file ../../../../../../Users/eghah/Desktop/diplom/task1/DerivedDataCache/Compressed.ddp not found, will not use a pak cache.
[2025.06.21-10.12.26:448][  0]LogDerivedDataCache: Unable to find inner node CompressedPak for hierarchical cache Hierarchy.
[2025.06.21-10.12.26:465][  0]LogDerivedDataCache: Display: Pak cache opened for reading ../../../Engine/DerivedDataCache/Compressed.ddp.
[2025.06.21-10.12.26:465][  0]LogDerivedDataCache: FDerivedDataBackendGraph:  EnterprisePak pak cache file ../../../Enterprise/DerivedDataCache/Compressed.ddp not found, will not use a pak cache.
[2025.06.21-10.12.26:465][  0]LogDerivedDataCache: Unable to find inner node EnterprisePak for hierarchical cache Hierarchy.
[2025.06.21-10.12.26:472][  0]LogDerivedDataCache: Speed tests for C:/Users/eghah/AppData/Local/UnrealEngine/Common/DerivedDataCache took 0.01 seconds
[2025.06.21-10.12.26:472][  0]LogDerivedDataCache: Display: Performance to C:/Users/eghah/AppData/Local/UnrealEngine/Common/DerivedDataCache: Latency=0.02ms. RandomReadSpeed=1301.35MBs, RandomWriteSpeed=139.96MBs. Assigned SpeedClass 'Local'
[2025.06.21-10.12.26:474][  0]LogDerivedDataCache: Using Local data cache path C:/Users/eghah/AppData/Local/UnrealEngine/Common/DerivedDataCache: Writable
[2025.06.21-10.12.26:474][  0]LogDerivedDataCache: Shared data cache path not found in *engine.ini, will not use an Shared cache.
[2025.06.21-10.12.26:474][  0]LogDerivedDataCache: Unable to find inner node Shared for hierarchical cache Hierarchy.
[2025.06.21-10.12.26:518][  0]LogSlate: Using FreeType 2.10.0
[2025.06.21-10.12.26:518][  0]LogSlate: SlateFontServices - WITH_FREETYPE: 1, WITH_HARFBUZZ: 1
[2025.06.21-10.12.26:548][  0]LogAssetRegistry: FAssetRegistry took 0.0025 seconds to start up
[2025.06.21-10.12.26:735][  0]LogInit: Selected Device Profile: [Windows]
[2025.06.21-10.12.26:735][  0]LogInit: Active device profile: [0000025FAFF68D00][0000025FAFB2E540 49] Windows
[2025.06.21-10.12.26:735][  0]LogInit: Profiles: [0000025FAFF68D00][0000025FAFB2E540 49] Windows, [0000025FB1326300][0000025FAFB32680 49] WindowsNoEditor, [0000025FAFF69C00][0000025FAFB367C0 49] WindowsServer, [0000025FB1327100][0000025FAFB3A900 49] WindowsClient, [0000025FAFF6A900][0000025FB0E4EA80 49] IOS, [0000025FB1325A00][0000025FB0E52C00 49] iPadAir, [0000025FAFF6BE00][0000025FB0E56D80 49] iPadAir2, [0000025FB12A5100][0000025FB0E5F040 49] IPadPro, [0000025FB12A5200][0000025FB0E5B080 49] iPadAir3, [0000025FB1324C00][0000025FB0ED3200 49] iPadAir4, [0000025FB12A5E00][0000025FB0ED7380 49] iPadMini2, [0000025FB1327300][0000025FB0EDB500 49] iPadMini3, [0000025FB12A7900][0000025FB0EDF680 49] iPadMini4, [0000025FB1325000][0000025FB0EE3800 49] iPadMini5, [0000025FB12E4900][0000025FB0EEBAC0 49] iPhone6, [0000025FB12E4A00][0000025FB0EE7B00 49] iPodTouch6, [0000025FAFF6AE00][0000025FB0EF2240 49] iPhone7, [0000025FAFF6AF00][0000025FB0EEE280 49] iPodTouch7, [0000025FB12A7E00][0000025FB0EF6400 49] iPhone5S, [0000025FAFF69000][0000025FB0EFA580 49] iPhone6Plus, [0000025FB12E4100][0000025FB0EFE700 49] iPhone6S, [0000025FB12A4300][0000025FB0E4A840 49] iPhone6SPlus, [0000025FB12E6800][0000025FB0F02980 49] iPhone7Plus, [0000025FB12A6400][0000025FB0F06AC0 49] iPhoneSE, [0000025FB12E6600][0000025FB0F0EC40 49] iPhone8, [0000025FB12A4400][0000025FB0F38DC0 49] iPhone8Plus, [0000025FB12E7100][0000025FB0F3CF40 49] iPhoneX, [0000025FAFF69500][0000025FB0F450C0 49] iPhoneXS, [0000025FB12E6B00][0000025FB0F49240 49] iPhoneXSMax, [0000025FAFF68700][0000025FB0F4D3C0 49] iPhoneXR, [0000025FB12E4800][0000025FB1F87540 49] iPhone11, [0000025FAFF69100][0000025FB1F8B6C0 49] iPhone11Pro, [0000025FB12E5A00][0000025FB1F8F840 49] iPhone11ProMax, [0000025FAFF6B700][0000025FB1F939C0 49] iPhoneSE2, [0000025FB12E7800][0000025FB1F97B40 49] iPhone12Mini, [0000025FAFF6A300][0000025FA9E78140 49] iPhone12, [0000025FB12E7200][0000025FA9E802C0 49] iPhone12Pro, [0000025FAFF69300][0000025FA9DD2440 49] iPhone12ProMax, [0000025FB12E5500][0000025FA9EEC5C0 49] iPadPro105, [0000025FAFF68A00][0000025FA9F42740 49] iPadPro129, [0000025FB12E7D00][0000025FA9F468C0 49] iPadPro97, [0000025FAFF6AA00][0000025FB0F0AA00 49] iPadPro2_129, [0000025FB12E4E00][0000025FA9F4AB40 49] iPad5, [0000025FAFF69F00][0000025FAF740C80 49] iPad6, [0000025FB12E5300][0000025FAF748DC0 49] iPad7, [0000025FAFF68200][0000025FAF750F40 49] iPad8, [0000025FB12E4300][0000025FAF75D0C0 49] iPadPro11, [0000025FAFF6B100][0000025FAF761240 49] iPadPro2_11, [0000025FB12E5600][0000025FAF7653C0 49] iPadPro3_129, [0000025FAFF6A700][0000025FAF769540 49] iPadPro4_129, [0000025FB12E5000][0000025FAF76D6C0 49] AppleTV, [0000025FAFF68900][0000025FAF775840 49] AppleTV4K, [0000025FB12E6300][0000025FAF7859C0 49] TVOS, [0000025FAFF68300][0000025FAF791B40 49] Mac, [0000025FB12E7600][0000025FB22FA140 49] MacClient, [0000025FAFF6B900][0000025FB23382C0 49] MacNoEditor, [0000025FB12E7000][0000025FB233C440 49] MacServer, [0000025FAFF68800][0000025FB0EB65C0 49] Linux, [0000025FB12E5D00][0000025FB0EBA740 49] LinuxAArch64, [0000025FAFF6AB00][0000025FA9FBC8C0 49] LinuxNoEditor, [0000025FB12E7B00][0000025FA9FC0A40 49] LinuxAArch64NoEditor, [0000025FAFF68400][0000025FAF74CB80 49] LinuxClient, [0000025FB12E6D00][0000025FA9E6CCC0 49] LinuxAArch64Client, [0000025FAFF6B500][0000025FA9E70E00 49] LinuxServer, [0000025FB12E7F00][0000025FA9FC4F40 49] LinuxAArch64Server, [0000025FAFF6BA00][0000025FB0EBF0C0 49] Android, [0000025FB12E5C00][0000025FB0EC3240 49] Android_Low, [0000025FAFF6A100][0000025FB26DB3C0 49] Android_Mid, [0000025FB12E6200][0000025FB2717540 49] Android_High, [0000025FAFF6B400][0000025FB275B6C0 49] Android_Default, [0000025FB12E5F00][0000025FB2763840 49] Android_Adreno4xx, [0000025FAFF68B00][0000025FB27679C0 49] Android_Adreno5xx_Low, [0000025FB12E6F00][0000025FB209BB40 49] Android_Adreno5xx, [0000025FAFF6BD00][0000025FB20DC140 49] Android_Adreno6xx, [0000025FB1324500][0000025FB21002C0 49] Android_Adreno6xx_Vulkan, [0000025FB12A5500][0000025FB223C440 49] Android_Mali_T6xx, [0000025FB1325100][0000025FB224A5C0 49] Android_Mali_T7xx, [0000025FB12A7300][0000025FB224E740 49] Android_Mali_T8xx, [0000025FB1326F00][0000025FB22528C0 49] Android_Mali_G71, [0000025FB12A4100][0000025FB2256A40 49] Android_Mali_G72, [0000025FB1325600][0000025FB225ABC0 49] Android_Mali_G72_Vulkan, [0000025FB12A5300][0000025FB225ED40 49] Android_Mali_G76, [0000025FB1327D00][0000025FA9FC8E80 49] Android_Mali_G76_Vulkan, [0000025FB12A6C00][0000025FB22FEFC0 49] Android_Mali_G77, [0000025FB1325500][0000025FB2303100 49] Android_Mali_G77_Vulkan, [0000025FB12A5800][0000025FB22D7280 49] Android_Mali_G78, [0000025FB1326200][0000025FB22DB400 49] Android_Mali_G78_Vulkan, [0000025FB12A7D00][0000025FB22DF580 49] Android_Mali_G710, [0000025FB1324300][0000025FB22EB700 49] Android_Mali_G710_Vulkan, [0000025FB12A4200][0000025FB22EF880 49] Android_Vulkan_SM5, [0000025FB1324800][0000025FB22F3A00 49] Android_PowerVR_G6xxx, [0000025FB12A6500][0000025FB22F7B80 49] Android_PowerVR_GT7xxx, [0000025FB1324E00][0000025FB0E9A180 49] Android_PowerVR_GE8xxx, [0000025FB12A5400][0000025FB0EA2300 49] Android_PowerVR_GM9xxx, [0000025FB1324D00][0000025FB0EA6480 49] Android_PowerVR_GM9xxx_Vulkan, [0000025FB12A6600][0000025FB0EAA600 49] Android_TegraK1, [0000025FB1325E00][0000025FB0EAE780 49] Android_Unknown_Vulkan, [0000025FB12A7C00][0000025FA9FB8900 49] Lumin, [0000025FB1324A00][0000025FB0EB2A80 49] Lumin_Desktop, [0000025FB12A7B00][0000025FA42FCC00 49] HoloLens, 
[2025.06.21-10.12.26:847][  0]LogMeshReduction: Using QuadricMeshReduction for automatic static mesh reduction
[2025.06.21-10.12.26:847][  0]LogMeshReduction: Using SimplygonMeshReduction for automatic skeletal mesh reduction
[2025.06.21-10.12.26:847][  0]LogMeshReduction: Using ProxyLODMeshReduction for automatic mesh merging
[2025.06.21-10.12.26:847][  0]LogMeshReduction: No distributed automatic mesh merging module available
[2025.06.21-10.12.26:847][  0]LogMeshMerging: No distributed automatic mesh merging module available
[2025.06.21-10.12.26:867][  0]LogNetVersion: task1 1.0.0, NetCL: 17155196, EngineNetVer: 17, GameNetVer: 0 (Checksum: 2432196851)
[2025.06.21-10.12.27:212][  0]LogTexture: Default maximum texture size for cubemaps generated from long-lat sources has been changed from 512 to unlimited. In order to preserve old behaiour for '/Engine/MapTemplates/Sky/DaylightAmbientCubemap.DaylightAmbientCubemap', its maximum texture size has been explicitly set to 512.
[2025.06.21-10.12.27:260][  0]LogHMD: PokeAHoleMaterial loaded successfully
[2025.06.21-10.12.27:264][  0]LogUObjectArray: 17178 objects as part of root set at end of initial load.
[2025.06.21-10.12.27:265][  0]LogUObjectAllocator: 4302048 out of 0 bytes used by permanent object pool.
[2025.06.21-10.12.27:265][  0]LogUObjectArray: CloseDisregardForGC: 0/0 objects in disregard for GC pool
[2025.06.21-10.12.27:494][  0]LogPython: Using Python 3.7.7
[2025.06.21-10.12.27:991][  0]LogNiagaraDebuggerClient: Niagara Debugger Client Initialized | Session: A84527FC4040D5695C75E7B9DF2C8A11 | Instance: CFACA47F44DA7AF23060E2AEE2B35286 (DESKTOP-C9CTT6M-19872).
[2025.06.21-10.12.28:040][  0]LogTcpMessaging: Initializing TcpMessaging bridge
[2025.06.21-10.12.28:044][  0]LogUdpMessaging: Initializing bridge on interface 0.0.0.0:0 to multicast group 230.0.0.1:6666.
[2025.06.21-10.12.28:194][  0]SourceControl: Source control is disabled
[2025.06.21-10.12.28:194][  0]SourceControl: Source control is disabled
[2025.06.21-10.12.28:197][  0]SourceControl: Source control is disabled
[2025.06.21-10.12.28:206][  0]SourceControl: Source control is disabled
[2025.06.21-10.12.28:208][  0]SourceControl: Source control is disabled
[2025.06.21-10.12.28:214][  0]LogUProjectInfo: Found projects:
[2025.06.21-10.12.28:380][  0]LogOpenImageDenoise: OIDN starting up
[2025.06.21-10.12.28:429][  0]LogAndroidPermission: UAndroidPermissionCallbackProxy::GetInstance
[2025.06.21-10.12.28:448][  0]LogAudioCaptureCore: Display: No Audio Capture implementations found. Audio input will be silent.
[2025.06.21-10.12.28:448][  0]LogAudioCaptureCore: Display: No Audio Capture implementations found. Audio input will be silent.
[2025.06.21-10.12.28:602][  0]LogCollectionManager: Loaded 0 collections in 0.001289 seconds
[2025.06.21-10.12.28:623][  0]LogFileCache: Scanning file cache for directory 'C:/Users/eghah/Desktop/diplom/task1/Saved/Collections/' took 0.00s
[2025.06.21-10.12.28:623][  0]LogFileCache: Scanning file cache for directory 'C:/Users/eghah/Desktop/diplom/task1/Content/Developers/eghah/Collections/' took 0.00s
[2025.06.21-10.12.28:623][  0]LogFileCache: Scanning file cache for directory 'C:/Users/eghah/Desktop/diplom/task1/Content/Collections/' took 0.00s
[2025.06.21-10.12.28:623][  0]LogOcInput: OculusInput pre-init called
[2025.06.21-10.12.28:838][  0]LogEngine: Initializing Engine...
[2025.06.21-10.12.28:892][  0]LogHMD: Failed to enumerate extensions. Please check that you have a valid OpenXR runtime installed.
[2025.06.21-10.12.28:893][  0]LogHMD: Failed to initialize OpenVR with code 110
[2025.06.21-10.12.28:893][  0]LogMagicLeap: Warning: VR disabled because ZI is not enabled.  To enable, in the editor, Edit -> Project Settings -> Plugins -> Magic Leap Plugin -> Enable Zero Iteration
[2025.06.21-10.12.28:894][  0]LogStats: UGameplayTagsManager::InitializeManager -  0.000 s
[2025.06.21-10.12.29:002][  0]LogInit: Initializing FReadOnlyCVARCache
[2025.06.21-10.12.29:010][  0]LogAIModule: Creating AISystem for world Untitled
[2025.06.21-10.12.29:017][  0]LogAudio: Display: Initializing Audio Device Manager...
[2025.06.21-10.12.29:020][  0]LogAudio: Display: Loading Default Audio Settings Objects...
[2025.06.21-10.12.29:020][  0]LogAudio: Display: No default SoundConcurrencyObject specified (or failed to load).
[2025.06.21-10.12.29:021][  0]LogAudio: Display: Audio Device Manager Initialized
[2025.06.21-10.12.29:021][  0]LogAudio: Display: Creating Audio Device:                 Id: 1, Scope: Shared, Realtime: True
[2025.06.21-10.12.29:021][  0]LogAudioMixer: Display: Audio Mixer Platform Settings:
[2025.06.21-10.12.29:021][  0]LogAudioMixer: Display: 	Sample Rate:						  48000
[2025.06.21-10.12.29:021][  0]LogAudioMixer: Display: 	Callback Buffer Frame Size Requested: 1024
[2025.06.21-10.12.29:021][  0]LogAudioMixer: Display: 	Callback Buffer Frame Size To Use:	  1024
[2025.06.21-10.12.29:021][  0]LogAudioMixer: Display: 	Number of buffers to queue:			  2
[2025.06.21-10.12.29:021][  0]LogAudioMixer: Display: 	Max Channels (voices):				  32
[2025.06.21-10.12.29:021][  0]LogAudioMixer: Display: 	Number of Async Source Workers:		  0
[2025.06.21-10.12.29:021][  0]LogAudio: Display: AudioDevice MaxSources: 32
[2025.06.21-10.12.29:021][  0]LogAudio: Display: Audio Spatialization Plugin: None (built-in).
[2025.06.21-10.12.29:021][  0]LogAudio: Display: Audio Reverb Plugin: None (built-in).
[2025.06.21-10.12.29:021][  0]LogAudio: Display: Audio Occlusion Plugin: None (built-in).
[2025.06.21-10.12.29:021][  0]LogAudioMixer: Display: Initializing audio mixer.
[2025.06.21-10.12.29:032][  0]LogAudioMixer: Display: 0: FrontLeft
[2025.06.21-10.12.29:032][  0]LogAudioMixer: Display: 1: FrontRight
[2025.06.21-10.12.29:405][  0]LogAudioMixer: Display: Using Audio Device Speakers (Realtek(R) Audio)
[2025.06.21-10.12.29:408][  0]LogAudioMixer: Display: Initializing Sound Submixes...
[2025.06.21-10.12.29:410][  0]LogAudioMixer: Display: Creating Master Submix 'MasterSubmixDefault'
[2025.06.21-10.12.29:410][  0]LogAudioMixer: Display: Creating Master Submix 'MasterReverbSubmixDefault'
[2025.06.21-10.12.29:411][  0]LogAudioMixer: Display: Creating Master Submix 'MasterEQSubmixDefault'
[2025.06.21-10.12.29:411][  0]LogAudioMixer: FMixerPlatformXAudio2::StartAudioStream() called
[2025.06.21-10.12.29:411][  0]LogAudioMixer: Display: Output buffers initialized: Frames=1024, Channels=2, Samples=2048
[2025.06.21-10.12.29:412][  0]LogAudioMixer: Display: Starting AudioMixerPlatformInterface::RunInternal()
[2025.06.21-10.12.29:412][  0]LogAudioMixer: Display: FMixerPlatformXAudio2::SubmitBuffer() called for the first time
[2025.06.21-10.12.29:412][  0]LogInit: FAudioDevice initialized.
[2025.06.21-10.12.29:413][  0]LogAudio: Display: Audio Device (ID: 1) registered with world 'Untitled'.
[2025.06.21-10.12.29:413][  0]LogNetVersion: Set ProjectVersion to 1.0.0.0. Version Checksum will be recalculated on next use.
[2025.06.21-10.12.29:466][  0]LogDerivedDataCache: Saved boot cache 0.05s 94MB C:/Users/eghah/AppData/Local/UnrealEngine/4.27/DerivedDataCache/Boot.ddc.
[2025.06.21-10.12.29:466][  0]LogInit: Texture streaming: Enabled
[2025.06.21-10.12.29:478][  0]LogAnalytics: Display: [UEEditor.Rocket.Release] APIServer = https://datarouter.ol.epicgames.com/. AppVersion = 4.27.2-18319896+++UE4+Release-4.27
[2025.06.21-10.12.29:481][  0]LogEngineSessionManager: EngineSessionManager initialized
[2025.06.21-10.12.29:481][  0]LogEditorSessionSummary: Verbose: Initializing EditorSessionSummaryWriter for editor session tracking
[2025.06.21-10.12.29:482][  0]LogEditorSessionSummary: EditorSessionSummaryWriter initialized
[2025.06.21-10.12.29:507][  0]LogInit: Transaction tracking system initialized
[2025.06.21-10.12.29:526][  0]BlueprintLog: New page: Editor Load
[2025.06.21-10.12.29:579][  0]LocalizationService: Localization service is disabled
[2025.06.21-10.12.29:602][  0]TimingProfiler: Initialize
[2025.06.21-10.12.29:602][  0]TimingProfiler: OnSessionChanged
[2025.06.21-10.12.29:602][  0]LoadingProfiler: Initialize
[2025.06.21-10.12.29:602][  0]LoadingProfiler: OnSessionChanged
[2025.06.21-10.12.29:602][  0]NetworkingProfiler: Initialize
[2025.06.21-10.12.29:602][  0]NetworkingProfiler: OnSessionChanged
[2025.06.21-10.12.29:602][  0]MemoryProfiler: Initialize
[2025.06.21-10.12.29:602][  0]MemoryProfiler: OnSessionChanged
[2025.06.21-10.12.30:002][  0]LogCook: Display: CookSettings for Memory: MemoryMaxUsedVirtual 0MiB, MemoryMaxUsedPhysical 16384MiB, MemoryMinFreeVirtual 0MiB, MemoryMinFreePhysical 1024MiB
[2025.06.21-10.12.30:002][  0]LogCook: Display: Mobile HDR setting 1
[2025.06.21-10.12.30:177][  0]LogFileCache: Scanning file cache for directory 'C:/Users/eghah/Desktop/diplom/task1/Content/' took 0.01s
[2025.06.21-10.12.30:347][  0]LogInit: Display: Engine is initialized. Leaving FEngineLoop::Init()
[2025.06.21-10.12.30:349][  0]SourceControl: Source control is disabled
[2025.06.21-10.12.30:349][  0]LogUnrealEdMisc: Loading editor; pre map load, took 6.834
[2025.06.21-10.12.30:349][  0]Cmd: MAP LOAD FILE="../../../../../../Users/eghah/Desktop/diplom/task1/Content/Maps/MainMenuMap.umap" TEMPLATE=0 SHOWPROGRESS=1 FEATURELEVEL=3
[2025.06.21-10.12.30:357][  0]LightingResults: New page: Lighting Build
[2025.06.21-10.12.30:359][  0]LogWorld: UWorld::CleanupWorld for Untitled, bSessionEnded=true, bCleanupResources=true
[2025.06.21-10.12.30:359][  0]LogSlate: InvalidateAllWidgets triggered.  All widgets were invalidated
[2025.06.21-10.12.30:359][  0]MapCheck: New page: Map Check
[2025.06.21-10.12.30:359][  0]LightingResults: New page: Lighting Build
[2025.06.21-10.12.30:365][  0]LogAudio: Display: Audio Device unregistered from world 'None'.
[2025.06.21-10.12.30:370][  0]LogUObjectHash: Compacting FUObjectHashTables data took   1.29ms
[2025.06.21-10.12.30:426][  0]LogAudio: Display: Audio Device (ID: 1) registered with world 'MainMenuMap'.
[2025.06.21-10.12.30:426][  0]LogAIModule: Creating AISystem for world MainMenuMap
[2025.06.21-10.12.30:427][  0]LogEditorServer: Finished looking for orphan Actors (0.000 secs)
[2025.06.21-10.12.30:437][  0]LogUObjectHash: Compacting FUObjectHashTables data took   0.80ms
[2025.06.21-10.12.30:438][  0]Cmd: MAP CHECKDEP NOCLEARLOG
[2025.06.21-10.12.30:438][  0]MapCheck: Map check complete: 0 Error(s), 0 Warning(s), took 0.189ms to complete.
[2025.06.21-10.12.30:438][  0]LogFileHelpers: Loading map 'MainMenuMap' took 0.088
[2025.06.21-10.12.30:440][  0]LogUnrealEdMisc: Total Editor Startup Time, took 6.924
[2025.06.21-10.12.30:619][  0]LogSlate: Updating window title bar state: overlay mode, drag disabled, window buttons hidden, title bar hidden
[2025.06.21-10.12.30:632][  0]LogSlate: Updating window title bar state: overlay mode, drag disabled, window buttons hidden, title bar hidden
[2025.06.21-10.12.30:642][  0]LogSlate: Updating window title bar state: overlay mode, drag disabled, window buttons hidden, title bar hidden
[2025.06.21-10.12.30:650][  0]LogSlate: Updating window title bar state: overlay mode, drag disabled, window buttons hidden, title bar hidden
[2025.06.21-10.12.30:689][  0]LogNativeClassHierarchy: Verbose: Native class hierarchy populated in 0.0123 seconds. Added 3831 classes and 933 folders.
[2025.06.21-10.12.30:694][  0]LogNativeClassHierarchy: Verbose: Native class hierarchy updated for 'WidgetCarousel' in 0.0002 seconds. Added 0 classes and 0 folders.
[2025.06.21-10.12.30:721][  0]LogPakFile: PakFile PrimaryIndexSize=187
[2025.06.21-10.12.30:721][  0]LogPakFile: PakFile PathHashIndexSize=101
[2025.06.21-10.12.30:722][  0]LogPakFile: PakFile FullDirectoryIndexSize=148
[2025.06.21-10.12.30:722][  0]LogShaderLibrary: Display: ShaderCodeLibraryPakFileMountedCallback: PakFile 'C:/Program Files/Epic Games/UE_4.27/FeaturePacks/FP_FirstPerson.upack' (chunk index -1, root 'root:/') mounted
[2025.06.21-10.12.30:722][  0]LogShaderLibrary: Display: ShaderCodeLibraryPakFileMountedCallback: pending pak file info (ChunkID:-1 Root:root:/ File:C:/Program Files/Epic Games/UE_4.27/FeaturePacks/FP_FirstPerson.upack)
[2025.06.21-10.12.30:722][  0]LogPakFile: OnPakFileMounted2Time == 0.000055
[2025.06.21-10.12.30:734][  0]LogPakFile: PakFile PrimaryIndexSize=189
[2025.06.21-10.12.30:734][  0]LogPakFile: PakFile PathHashIndexSize=101
[2025.06.21-10.12.30:734][  0]LogPakFile: PakFile FullDirectoryIndexSize=152
[2025.06.21-10.12.30:734][  0]LogShaderLibrary: Display: ShaderCodeLibraryPakFileMountedCallback: PakFile 'C:/Program Files/Epic Games/UE_4.27/FeaturePacks/FP_FirstPersonBP.upack' (chunk index -1, root 'root:/') mounted
[2025.06.21-10.12.30:734][  0]LogShaderLibrary: Display: ShaderCodeLibraryPakFileMountedCallback: pending pak file info (ChunkID:-1 Root:root:/ File:C:/Program Files/Epic Games/UE_4.27/FeaturePacks/FP_FirstPersonBP.upack)
[2025.06.21-10.12.30:734][  0]LogPakFile: OnPakFileMounted2Time == 0.000085
[2025.06.21-10.12.30:747][  0]LogPakFile: PakFile PrimaryIndexSize=191
[2025.06.21-10.12.30:747][  0]LogPakFile: PakFile PathHashIndexSize=101
[2025.06.21-10.12.30:747][  0]LogPakFile: PakFile FullDirectoryIndexSize=160
[2025.06.21-10.12.30:747][  0]LogShaderLibrary: Display: ShaderCodeLibraryPakFileMountedCallback: PakFile 'C:/Program Files/Epic Games/UE_4.27/FeaturePacks/MobileStarterContent.upack' (chunk index -1, root 'root:/') mounted
[2025.06.21-10.12.30:747][  0]LogShaderLibrary: Display: ShaderCodeLibraryPakFileMountedCallback: pending pak file info (ChunkID:-1 Root:root:/ File:C:/Program Files/Epic Games/UE_4.27/FeaturePacks/MobileStarterContent.upack)
[2025.06.21-10.12.30:747][  0]LogPakFile: OnPakFileMounted2Time == 0.000066
[2025.06.21-10.12.30:759][  0]LogPakFile: PakFile PrimaryIndexSize=185
[2025.06.21-10.12.30:759][  0]LogPakFile: PakFile PathHashIndexSize=101
[2025.06.21-10.12.30:759][  0]LogPakFile: PakFile FullDirectoryIndexSize=148
[2025.06.21-10.12.30:759][  0]LogShaderLibrary: Display: ShaderCodeLibraryPakFileMountedCallback: PakFile 'C:/Program Files/Epic Games/UE_4.27/FeaturePacks/StarterContent.upack' (chunk index -1, root 'root:/') mounted
[2025.06.21-10.12.30:759][  0]LogShaderLibrary: Display: ShaderCodeLibraryPakFileMountedCallback: pending pak file info (ChunkID:-1 Root:root:/ File:C:/Program Files/Epic Games/UE_4.27/FeaturePacks/StarterContent.upack)
[2025.06.21-10.12.30:759][  0]LogPakFile: OnPakFileMounted2Time == 0.000054
[2025.06.21-10.12.30:768][  0]LogPakFile: PakFile PrimaryIndexSize=190
[2025.06.21-10.12.30:768][  0]LogPakFile: PakFile PathHashIndexSize=101
[2025.06.21-10.12.30:768][  0]LogPakFile: PakFile FullDirectoryIndexSize=154
[2025.06.21-10.12.30:768][  0]LogShaderLibrary: Display: ShaderCodeLibraryPakFileMountedCallback: PakFile 'C:/Program Files/Epic Games/UE_4.27/FeaturePacks/TP_2DSideScroller.upack' (chunk index -1, root 'root:/') mounted
[2025.06.21-10.12.30:768][  0]LogShaderLibrary: Display: ShaderCodeLibraryPakFileMountedCallback: pending pak file info (ChunkID:-1 Root:root:/ File:C:/Program Files/Epic Games/UE_4.27/FeaturePacks/TP_2DSideScroller.upack)
[2025.06.21-10.12.30:768][  0]LogPakFile: OnPakFileMounted2Time == 0.000037
[2025.06.21-10.12.30:781][  0]LogPakFile: PakFile PrimaryIndexSize=192
[2025.06.21-10.12.30:782][  0]LogPakFile: PakFile PathHashIndexSize=101
[2025.06.21-10.12.30:782][  0]LogPakFile: PakFile FullDirectoryIndexSize=158
[2025.06.21-10.12.30:782][  0]LogShaderLibrary: Display: ShaderCodeLibraryPakFileMountedCallback: PakFile 'C:/Program Files/Epic Games/UE_4.27/FeaturePacks/TP_2DSideScrollerBP.upack' (chunk index -1, root 'root:/') mounted
[2025.06.21-10.12.30:782][  0]LogShaderLibrary: Display: ShaderCodeLibraryPakFileMountedCallback: pending pak file info (ChunkID:-1 Root:root:/ File:C:/Program Files/Epic Games/UE_4.27/FeaturePacks/TP_2DSideScrollerBP.upack)
[2025.06.21-10.12.30:782][  0]LogPakFile: OnPakFileMounted2Time == 0.000069
[2025.06.21-10.12.30:795][  0]LogPakFile: PakFile PrimaryIndexSize=182
[2025.06.21-10.12.30:795][  0]LogPakFile: PakFile PathHashIndexSize=101
[2025.06.21-10.12.30:795][  0]LogPakFile: PakFile FullDirectoryIndexSize=138
[2025.06.21-10.12.30:795][  0]LogShaderLibrary: Display: ShaderCodeLibraryPakFileMountedCallback: PakFile 'C:/Program Files/Epic Games/UE_4.27/FeaturePacks/TP_Flying.upack' (chunk index -1, root 'root:/') mounted
[2025.06.21-10.12.30:795][  0]LogShaderLibrary: Display: ShaderCodeLibraryPakFileMountedCallback: pending pak file info (ChunkID:-1 Root:root:/ File:C:/Program Files/Epic Games/UE_4.27/FeaturePacks/TP_Flying.upack)
[2025.06.21-10.12.30:795][  0]LogPakFile: OnPakFileMounted2Time == 0.000037
[2025.06.21-10.12.30:806][  0]LogPakFile: PakFile PrimaryIndexSize=184
[2025.06.21-10.12.30:806][  0]LogPakFile: PakFile PathHashIndexSize=101
[2025.06.21-10.12.30:807][  0]LogPakFile: PakFile FullDirectoryIndexSize=142
[2025.06.21-10.12.30:807][  0]LogShaderLibrary: Display: ShaderCodeLibraryPakFileMountedCallback: PakFile 'C:/Program Files/Epic Games/UE_4.27/FeaturePacks/TP_FlyingBP.upack' (chunk index -1, root 'root:/') mounted
[2025.06.21-10.12.30:807][  0]LogShaderLibrary: Display: ShaderCodeLibraryPakFileMountedCallback: pending pak file info (ChunkID:-1 Root:root:/ File:C:/Program Files/Epic Games/UE_4.27/FeaturePacks/TP_FlyingBP.upack)
[2025.06.21-10.12.30:807][  0]LogPakFile: OnPakFileMounted2Time == 0.000040
[2025.06.21-10.12.30:820][  0]LogPakFile: PakFile PrimaryIndexSize=188
[2025.06.21-10.12.30:820][  0]LogPakFile: PakFile PathHashIndexSize=101
[2025.06.21-10.12.30:820][  0]LogPakFile: PakFile FullDirectoryIndexSize=150
[2025.06.21-10.12.30:820][  0]LogShaderLibrary: Display: ShaderCodeLibraryPakFileMountedCallback: PakFile 'C:/Program Files/Epic Games/UE_4.27/FeaturePacks/TP_HandheldARBP.upack' (chunk index -1, root 'root:/') mounted
[2025.06.21-10.12.30:820][  0]LogShaderLibrary: Display: ShaderCodeLibraryPakFileMountedCallback: pending pak file info (ChunkID:-1 Root:root:/ File:C:/Program Files/Epic Games/UE_4.27/FeaturePacks/TP_HandheldARBP.upack)
[2025.06.21-10.12.30:820][  0]LogPakFile: OnPakFileMounted2Time == 0.000035
[2025.06.21-10.12.30:830][  0]LogPakFile: PakFile PrimaryIndexSize=182
[2025.06.21-10.12.30:830][  0]LogPakFile: PakFile PathHashIndexSize=101
[2025.06.21-10.12.30:830][  0]LogPakFile: PakFile FullDirectoryIndexSize=138
[2025.06.21-10.12.30:830][  0]LogShaderLibrary: Display: ShaderCodeLibraryPakFileMountedCallback: PakFile 'C:/Program Files/Epic Games/UE_4.27/FeaturePacks/TP_Puzzle.upack' (chunk index -1, root 'root:/') mounted
[2025.06.21-10.12.30:830][  0]LogShaderLibrary: Display: ShaderCodeLibraryPakFileMountedCallback: pending pak file info (ChunkID:-1 Root:root:/ File:C:/Program Files/Epic Games/UE_4.27/FeaturePacks/TP_Puzzle.upack)
[2025.06.21-10.12.30:830][  0]LogPakFile: OnPakFileMounted2Time == 0.000044
[2025.06.21-10.12.30:837][  0]LogPakFile: PakFile PrimaryIndexSize=184
[2025.06.21-10.12.30:837][  0]LogPakFile: PakFile PathHashIndexSize=101
[2025.06.21-10.12.30:837][  0]LogPakFile: PakFile FullDirectoryIndexSize=142
[2025.06.21-10.12.30:837][  0]LogShaderLibrary: Display: ShaderCodeLibraryPakFileMountedCallback: PakFile 'C:/Program Files/Epic Games/UE_4.27/FeaturePacks/TP_PuzzleBP.upack' (chunk index -1, root 'root:/') mounted
[2025.06.21-10.12.30:837][  0]LogShaderLibrary: Display: ShaderCodeLibraryPakFileMountedCallback: pending pak file info (ChunkID:-1 Root:root:/ File:C:/Program Files/Epic Games/UE_4.27/FeaturePacks/TP_PuzzleBP.upack)
[2025.06.21-10.12.30:837][  0]LogPakFile: OnPakFileMounted2Time == 0.000036
[2025.06.21-10.12.30:845][  0]LogPakFile: PakFile PrimaryIndexSize=183
[2025.06.21-10.12.30:845][  0]LogPakFile: PakFile PathHashIndexSize=101
[2025.06.21-10.12.30:845][  0]LogPakFile: PakFile FullDirectoryIndexSize=140
[2025.06.21-10.12.30:845][  0]LogShaderLibrary: Display: ShaderCodeLibraryPakFileMountedCallback: PakFile 'C:/Program Files/Epic Games/UE_4.27/FeaturePacks/TP_Rolling.upack' (chunk index -1, root 'root:/') mounted
[2025.06.21-10.12.30:845][  0]LogShaderLibrary: Display: ShaderCodeLibraryPakFileMountedCallback: pending pak file info (ChunkID:-1 Root:root:/ File:C:/Program Files/Epic Games/UE_4.27/FeaturePacks/TP_Rolling.upack)
[2025.06.21-10.12.30:845][  0]LogPakFile: OnPakFileMounted2Time == 0.000057
[2025.06.21-10.12.30:852][  0]LogPakFile: PakFile PrimaryIndexSize=185
[2025.06.21-10.12.30:852][  0]LogPakFile: PakFile PathHashIndexSize=101
[2025.06.21-10.12.30:852][  0]LogPakFile: PakFile FullDirectoryIndexSize=144
[2025.06.21-10.12.30:852][  0]LogShaderLibrary: Display: ShaderCodeLibraryPakFileMountedCallback: PakFile 'C:/Program Files/Epic Games/UE_4.27/FeaturePacks/TP_RollingBP.upack' (chunk index -1, root 'root:/') mounted
[2025.06.21-10.12.30:852][  0]LogShaderLibrary: Display: ShaderCodeLibraryPakFileMountedCallback: pending pak file info (ChunkID:-1 Root:root:/ File:C:/Program Files/Epic Games/UE_4.27/FeaturePacks/TP_RollingBP.upack)
[2025.06.21-10.12.30:852][  0]LogPakFile: OnPakFileMounted2Time == 0.000040
[2025.06.21-10.12.30:859][  0]LogPakFile: PakFile PrimaryIndexSize=188
[2025.06.21-10.12.30:859][  0]LogPakFile: PakFile PathHashIndexSize=101
[2025.06.21-10.12.30:859][  0]LogPakFile: PakFile FullDirectoryIndexSize=150
[2025.06.21-10.12.30:859][  0]LogShaderLibrary: Display: ShaderCodeLibraryPakFileMountedCallback: PakFile 'C:/Program Files/Epic Games/UE_4.27/FeaturePacks/TP_SideScroller.upack' (chunk index -1, root 'root:/') mounted
[2025.06.21-10.12.30:859][  0]LogShaderLibrary: Display: ShaderCodeLibraryPakFileMountedCallback: pending pak file info (ChunkID:-1 Root:root:/ File:C:/Program Files/Epic Games/UE_4.27/FeaturePacks/TP_SideScroller.upack)
[2025.06.21-10.12.30:859][  0]LogPakFile: OnPakFileMounted2Time == 0.000036
[2025.06.21-10.12.30:866][  0]LogPakFile: PakFile PrimaryIndexSize=190
[2025.06.21-10.12.30:866][  0]LogPakFile: PakFile PathHashIndexSize=101
[2025.06.21-10.12.30:866][  0]LogPakFile: PakFile FullDirectoryIndexSize=154
[2025.06.21-10.12.30:866][  0]LogShaderLibrary: Display: ShaderCodeLibraryPakFileMountedCallback: PakFile 'C:/Program Files/Epic Games/UE_4.27/FeaturePacks/TP_SideScrollerBP.upack' (chunk index -1, root 'root:/') mounted
[2025.06.21-10.12.30:866][  0]LogShaderLibrary: Display: ShaderCodeLibraryPakFileMountedCallback: pending pak file info (ChunkID:-1 Root:root:/ File:C:/Program Files/Epic Games/UE_4.27/FeaturePacks/TP_SideScrollerBP.upack)
[2025.06.21-10.12.30:866][  0]LogPakFile: OnPakFileMounted2Time == 0.000036
[2025.06.21-10.12.30:874][  0]LogPakFile: PakFile PrimaryIndexSize=187
[2025.06.21-10.12.30:874][  0]LogPakFile: PakFile PathHashIndexSize=101
[2025.06.21-10.12.30:874][  0]LogPakFile: PakFile FullDirectoryIndexSize=148
[2025.06.21-10.12.30:874][  0]LogShaderLibrary: Display: ShaderCodeLibraryPakFileMountedCallback: PakFile 'C:/Program Files/Epic Games/UE_4.27/FeaturePacks/TP_ThirdPerson.upack' (chunk index -1, root 'root:/') mounted
[2025.06.21-10.12.30:874][  0]LogShaderLibrary: Display: ShaderCodeLibraryPakFileMountedCallback: pending pak file info (ChunkID:-1 Root:root:/ File:C:/Program Files/Epic Games/UE_4.27/FeaturePacks/TP_ThirdPerson.upack)
[2025.06.21-10.12.30:874][  0]LogPakFile: OnPakFileMounted2Time == 0.000038
[2025.06.21-10.12.30:880][  0]LogPakFile: PakFile PrimaryIndexSize=189
[2025.06.21-10.12.30:881][  0]LogPakFile: PakFile PathHashIndexSize=101
[2025.06.21-10.12.30:881][  0]LogPakFile: PakFile FullDirectoryIndexSize=152
[2025.06.21-10.12.30:881][  0]LogShaderLibrary: Display: ShaderCodeLibraryPakFileMountedCallback: PakFile 'C:/Program Files/Epic Games/UE_4.27/FeaturePacks/TP_ThirdPersonBP.upack' (chunk index -1, root 'root:/') mounted
[2025.06.21-10.12.30:881][  0]LogShaderLibrary: Display: ShaderCodeLibraryPakFileMountedCallback: pending pak file info (ChunkID:-1 Root:root:/ File:C:/Program Files/Epic Games/UE_4.27/FeaturePacks/TP_ThirdPersonBP.upack)
[2025.06.21-10.12.30:881][  0]LogPakFile: OnPakFileMounted2Time == 0.000041
[2025.06.21-10.12.30:888][  0]LogPakFile: PakFile PrimaryIndexSize=183
[2025.06.21-10.12.30:889][  0]LogPakFile: PakFile PathHashIndexSize=101
[2025.06.21-10.12.30:889][  0]LogPakFile: PakFile FullDirectoryIndexSize=140
[2025.06.21-10.12.30:889][  0]LogShaderLibrary: Display: ShaderCodeLibraryPakFileMountedCallback: PakFile 'C:/Program Files/Epic Games/UE_4.27/FeaturePacks/TP_TopDown.upack' (chunk index -1, root 'root:/') mounted
[2025.06.21-10.12.30:889][  0]LogShaderLibrary: Display: ShaderCodeLibraryPakFileMountedCallback: pending pak file info (ChunkID:-1 Root:root:/ File:C:/Program Files/Epic Games/UE_4.27/FeaturePacks/TP_TopDown.upack)
[2025.06.21-10.12.30:889][  0]LogPakFile: OnPakFileMounted2Time == 0.000043
[2025.06.21-10.12.30:897][  0]LogPakFile: PakFile PrimaryIndexSize=185
[2025.06.21-10.12.30:897][  0]LogPakFile: PakFile PathHashIndexSize=101
[2025.06.21-10.12.30:897][  0]LogPakFile: PakFile FullDirectoryIndexSize=144
[2025.06.21-10.12.30:897][  0]LogShaderLibrary: Display: ShaderCodeLibraryPakFileMountedCallback: PakFile 'C:/Program Files/Epic Games/UE_4.27/FeaturePacks/TP_TopDownBP.upack' (chunk index -1, root 'root:/') mounted
[2025.06.21-10.12.30:897][  0]LogShaderLibrary: Display: ShaderCodeLibraryPakFileMountedCallback: pending pak file info (ChunkID:-1 Root:root:/ File:C:/Program Files/Epic Games/UE_4.27/FeaturePacks/TP_TopDownBP.upack)
[2025.06.21-10.12.30:897][  0]LogPakFile: OnPakFileMounted2Time == 0.000039
[2025.06.21-10.12.30:907][  0]LogPakFile: PakFile PrimaryIndexSize=185
[2025.06.21-10.12.30:907][  0]LogPakFile: PakFile PathHashIndexSize=101
[2025.06.21-10.12.30:907][  0]LogPakFile: PakFile FullDirectoryIndexSize=144
[2025.06.21-10.12.30:907][  0]LogShaderLibrary: Display: ShaderCodeLibraryPakFileMountedCallback: PakFile 'C:/Program Files/Epic Games/UE_4.27/FeaturePacks/TP_TwinStick.upack' (chunk index -1, root 'root:/') mounted
[2025.06.21-10.12.30:907][  0]LogShaderLibrary: Display: ShaderCodeLibraryPakFileMountedCallback: pending pak file info (ChunkID:-1 Root:root:/ File:C:/Program Files/Epic Games/UE_4.27/FeaturePacks/TP_TwinStick.upack)
[2025.06.21-10.12.30:907][  0]LogPakFile: OnPakFileMounted2Time == 0.000039
[2025.06.21-10.12.30:913][  0]LogPakFile: PakFile PrimaryIndexSize=187
[2025.06.21-10.12.30:913][  0]LogPakFile: PakFile PathHashIndexSize=101
[2025.06.21-10.12.30:913][  0]LogPakFile: PakFile FullDirectoryIndexSize=148
[2025.06.21-10.12.30:913][  0]LogShaderLibrary: Display: ShaderCodeLibraryPakFileMountedCallback: PakFile 'C:/Program Files/Epic Games/UE_4.27/FeaturePacks/TP_TwinStickBP.upack' (chunk index -1, root 'root:/') mounted
[2025.06.21-10.12.30:913][  0]LogShaderLibrary: Display: ShaderCodeLibraryPakFileMountedCallback: pending pak file info (ChunkID:-1 Root:root:/ File:C:/Program Files/Epic Games/UE_4.27/FeaturePacks/TP_TwinStickBP.upack)
[2025.06.21-10.12.30:913][  0]LogPakFile: OnPakFileMounted2Time == 0.000039
[2025.06.21-10.12.30:921][  0]LogPakFile: PakFile PrimaryIndexSize=183
[2025.06.21-10.12.30:921][  0]LogPakFile: PakFile PathHashIndexSize=101
[2025.06.21-10.12.30:921][  0]LogPakFile: PakFile FullDirectoryIndexSize=140
[2025.06.21-10.12.30:921][  0]LogShaderLibrary: Display: ShaderCodeLibraryPakFileMountedCallback: PakFile 'C:/Program Files/Epic Games/UE_4.27/FeaturePacks/TP_Vehicle.upack' (chunk index -1, root 'root:/') mounted
[2025.06.21-10.12.30:921][  0]LogShaderLibrary: Display: ShaderCodeLibraryPakFileMountedCallback: pending pak file info (ChunkID:-1 Root:root:/ File:C:/Program Files/Epic Games/UE_4.27/FeaturePacks/TP_Vehicle.upack)
[2025.06.21-10.12.30:921][  0]LogPakFile: OnPakFileMounted2Time == 0.000035
[2025.06.21-10.12.30:929][  0]LogPakFile: PakFile PrimaryIndexSize=186
[2025.06.21-10.12.30:929][  0]LogPakFile: PakFile PathHashIndexSize=101
[2025.06.21-10.12.30:929][  0]LogPakFile: PakFile FullDirectoryIndexSize=146
[2025.06.21-10.12.30:929][  0]LogShaderLibrary: Display: ShaderCodeLibraryPakFileMountedCallback: PakFile 'C:/Program Files/Epic Games/UE_4.27/FeaturePacks/TP_VehicleAdv.upack' (chunk index -1, root 'root:/') mounted
[2025.06.21-10.12.30:929][  0]LogShaderLibrary: Display: ShaderCodeLibraryPakFileMountedCallback: pending pak file info (ChunkID:-1 Root:root:/ File:C:/Program Files/Epic Games/UE_4.27/FeaturePacks/TP_VehicleAdv.upack)
[2025.06.21-10.12.30:929][  0]LogPakFile: OnPakFileMounted2Time == 0.000034
[2025.06.21-10.12.30:937][  0]LogPakFile: PakFile PrimaryIndexSize=188
[2025.06.21-10.12.30:937][  0]LogPakFile: PakFile PathHashIndexSize=101
[2025.06.21-10.12.30:937][  0]LogPakFile: PakFile FullDirectoryIndexSize=150
[2025.06.21-10.12.30:937][  0]LogShaderLibrary: Display: ShaderCodeLibraryPakFileMountedCallback: PakFile 'C:/Program Files/Epic Games/UE_4.27/FeaturePacks/TP_VehicleAdvBP.upack' (chunk index -1, root 'root:/') mounted
[2025.06.21-10.12.30:937][  0]LogShaderLibrary: Display: ShaderCodeLibraryPakFileMountedCallback: pending pak file info (ChunkID:-1 Root:root:/ File:C:/Program Files/Epic Games/UE_4.27/FeaturePacks/TP_VehicleAdvBP.upack)
[2025.06.21-10.12.30:937][  0]LogPakFile: OnPakFileMounted2Time == 0.000040
[2025.06.21-10.12.30:944][  0]LogPakFile: PakFile PrimaryIndexSize=185
[2025.06.21-10.12.30:944][  0]LogPakFile: PakFile PathHashIndexSize=101
[2025.06.21-10.12.30:944][  0]LogPakFile: PakFile FullDirectoryIndexSize=144
[2025.06.21-10.12.30:944][  0]LogShaderLibrary: Display: ShaderCodeLibraryPakFileMountedCallback: PakFile 'C:/Program Files/Epic Games/UE_4.27/FeaturePacks/TP_VehicleBP.upack' (chunk index -1, root 'root:/') mounted
[2025.06.21-10.12.30:944][  0]LogShaderLibrary: Display: ShaderCodeLibraryPakFileMountedCallback: pending pak file info (ChunkID:-1 Root:root:/ File:C:/Program Files/Epic Games/UE_4.27/FeaturePacks/TP_VehicleBP.upack)
[2025.06.21-10.12.30:944][  0]LogPakFile: OnPakFileMounted2Time == 0.000032
[2025.06.21-10.12.30:951][  0]LogPakFile: PakFile PrimaryIndexSize=192
[2025.06.21-10.12.30:951][  0]LogPakFile: PakFile PathHashIndexSize=101
[2025.06.21-10.12.30:951][  0]LogPakFile: PakFile FullDirectoryIndexSize=158
[2025.06.21-10.12.30:951][  0]LogShaderLibrary: Display: ShaderCodeLibraryPakFileMountedCallback: PakFile 'C:/Program Files/Epic Games/UE_4.27/FeaturePacks/TP_VirtualRealityBP.upack' (chunk index -1, root 'root:/') mounted
[2025.06.21-10.12.30:951][  0]LogShaderLibrary: Display: ShaderCodeLibraryPakFileMountedCallback: pending pak file info (ChunkID:-1 Root:root:/ File:C:/Program Files/Epic Games/UE_4.27/FeaturePacks/TP_VirtualRealityBP.upack)
[2025.06.21-10.12.30:951][  0]LogPakFile: OnPakFileMounted2Time == 0.000042
[2025.06.21-10.12.31:188][  0]LogNativeClassHierarchy: Verbose: Native class hierarchy updated for 'AddContentDialog' in 0.0002 seconds. Added 0 classes and 0 folders.
[2025.06.21-10.12.31:192][  0]LogNativeClassHierarchy: Verbose: Native class hierarchy updated for 'SceneOutliner' in 0.0002 seconds. Added 2 classes and 0 folders.
[2025.06.21-10.12.31:326][  0]LogSlate: Took 0.000291 seconds to synchronously load lazily loaded font '../../../Engine/Content/Slate/Fonts/Roboto-Regular.ttf' (155K)
[2025.06.21-10.12.31:336][  0]LogSlate: Took 0.009236 seconds to synchronously load lazily loaded font '../../../Engine/Content/Editor/Slate/Fonts/FontAwesome.ttf' (139K)
[2025.06.21-10.12.31:336][  0]LogSlate: Took 0.000164 seconds to synchronously load lazily loaded font '../../../Engine/Content/Slate/Fonts/Roboto-Bold.ttf' (160K)
[2025.06.21-10.12.31:524][  0]LogRenderer: Reallocating scene render targets to support 940x412 Format 10 NumSamples 1 (Frame:1).
[2025.06.21-10.12.31:679][  0]LogNativeClassHierarchy: Verbose: Native class hierarchy updated for 'HierarchicalLODOutliner' in 0.0002 seconds. Added 0 classes and 0 folders.
[2025.06.21-10.12.31:679][  0]LogInput: Warning: Action Jump uses invalid key OculusGo_Left_Trigger_Click.
[2025.06.21-10.12.31:679][  0]LogInput: Warning: Action ResetVR uses invalid key OculusGo_Left_Trackpad_Click.
[2025.06.21-10.12.31:679][  0]LogInput: Warning: Use -RemoveInvalidKeys to remove instances of these keys from the action mapping.
[2025.06.21-10.12.31:679][  0]LogLoad: (Engine Initialization) Total time: 8.16 seconds
[2025.06.21-10.12.31:679][  0]LogLoad: (Engine Initialization) Total Blueprint compile time: 0.00 seconds
[2025.06.21-10.12.31:727][  0]LogAssetRegistry: Asset discovery search completed in 5.1806 seconds
[2025.06.21-10.12.31:732][  0]LogCollectionManager: Fixed up redirectors for 0 collections in 0.000003 seconds (updated 0 objects)
[2025.06.21-10.12.31:733][  0]LogContentStreaming: Texture pool size now 1000 MB
[2025.06.21-10.12.31:820][  3]LogSlate: Took 0.009534 seconds to synchronously load lazily loaded font '../../../Engine/Content/Slate/Fonts/Roboto-Light.ttf' (167K)
[2025.06.21-10.12.32:718][ 55]LogSlate: Took 0.000298 seconds to synchronously load lazily loaded font '../../../Engine/Content/Slate/Fonts/Roboto-Light.ttf' (167K)
[2025.06.21-10.12.37:635][340]LogUObjectHash: Compacting FUObjectHashTables data took   0.59ms
[2025.06.21-10.12.38:232][340]LogAssetEditorSubsystem: Opening Asset editor for World /Game/Maps/Dopusk.Dopusk
[2025.06.21-10.12.38:233][340]Cmd: MAP LOAD FILE="../../../../../../Users/eghah/Desktop/diplom/task1/Content/Maps/Dopusk.umap" TEMPLATE=0 SHOWPROGRESS=1 FEATURELEVEL=3
[2025.06.21-10.12.38:233][340]LightingResults: New page: Lighting Build
[2025.06.21-10.12.38:233][340]LoadErrors: New page: Loading map: Dopusk.umap
[2025.06.21-10.12.38:238][340]LogWorld: UWorld::CleanupWorld for MainMenuMap, bSessionEnded=true, bCleanupResources=true
[2025.06.21-10.12.38:239][340]LogSlate: InvalidateAllWidgets triggered.  All widgets were invalidated
[2025.06.21-10.12.38:239][340]MapCheck: New page: Map Check
[2025.06.21-10.12.38:239][340]LightingResults: New page: Lighting Build
[2025.06.21-10.12.38:248][340]LogAudio: Display: Audio Device unregistered from world 'None'.
[2025.06.21-10.12.38:251][340]LogUObjectHash: Compacting FUObjectHashTables data took   0.88ms
[2025.06.21-10.12.38:251][340]LogAudio: Display: Audio Device (ID: 1) registered with world 'Dopusk'.
[2025.06.21-10.12.38:327][340]LogEditorServer: Finished looking for orphan Actors (0.000 secs)
[2025.06.21-10.12.38:327][340]LogAIModule: Creating AISystem for world Dopusk
[2025.06.21-10.12.38:335][340]LogUObjectHash: Compacting FUObjectHashTables data took   0.62ms
[2025.06.21-10.12.38:347][340]Cmd: MAP CHECKDEP NOCLEARLOG
[2025.06.21-10.12.38:347][340]MapCheck: Map check complete: 0 Error(s), 0 Warning(s), took 0.116ms to complete.
[2025.06.21-10.12.38:347][340]LogFileHelpers: Loading map 'Dopusk' took 0.114
[2025.06.21-10.12.44:610][685]LogTemp: Repeating last play command: Selected Viewport
[2025.06.21-10.12.44:617][685]LogPlayLevel: PlayLevel: No blueprints needed recompiling
[2025.06.21-10.12.44:618][685]PIE: New page: PIE session: Dopusk (Jun 21, 2025, 4:12:44 PM)
[2025.06.21-10.12.44:620][685]LogOnline: OSS: Creating online subsystem instance for: NULL
[2025.06.21-10.12.44:622][685]LogOnline: OSS: TryLoadSubsystemAndSetDefault: Loaded subsystem for module [NULL]
[2025.06.21-10.12.44:622][685]LogPlayLevel: Creating play world package: /Game/Maps/UEDPIE_0_Dopusk
[2025.06.21-10.12.44:626][685]LogPlayLevel: PIE: StaticDuplicateObject took: (0.003261s)
[2025.06.21-10.12.44:626][685]LogAIModule: Creating AISystem for world Dopusk
[2025.06.21-10.12.44:627][685]LogPlayLevel: PIE: World Init took: (0.001293s)
[2025.06.21-10.12.44:627][685]LogPlayLevel: PIE: Created PIE world by copying editor world from /Game/Maps/Dopusk.Dopusk to /Game/Maps/UEDPIE_0_Dopusk.Dopusk (0.005152s)
[2025.06.21-10.12.44:636][685]LogUObjectHash: Compacting FUObjectHashTables data took   0.56ms
[2025.06.21-10.12.44:637][685]LogAudio: Display: Creating Audio Device:                 Id: 2, Scope: Unique, Realtime: True
[2025.06.21-10.12.44:637][685]LogAudioMixer: Display: Audio Mixer Platform Settings:
[2025.06.21-10.12.44:637][685]LogAudioMixer: Display: 	Sample Rate:						  48000
[2025.06.21-10.12.44:637][685]LogAudioMixer: Display: 	Callback Buffer Frame Size Requested: 1024
[2025.06.21-10.12.44:637][685]LogAudioMixer: Display: 	Callback Buffer Frame Size To Use:	  1024
[2025.06.21-10.12.44:637][685]LogAudioMixer: Display: 	Number of buffers to queue:			  2
[2025.06.21-10.12.44:637][685]LogAudioMixer: Display: 	Max Channels (voices):				  32
[2025.06.21-10.12.44:637][685]LogAudioMixer: Display: 	Number of Async Source Workers:		  0
[2025.06.21-10.12.44:637][685]LogAudio: Display: AudioDevice MaxSources: 32
[2025.06.21-10.12.44:638][685]LogAudio: Display: Audio Spatialization Plugin: None (built-in).
[2025.06.21-10.12.44:638][685]LogAudio: Display: Audio Reverb Plugin: None (built-in).
[2025.06.21-10.12.44:638][685]LogAudio: Display: Audio Occlusion Plugin: None (built-in).
[2025.06.21-10.12.44:638][685]LogAudioMixer: Display: Initializing audio mixer.
[2025.06.21-10.12.44:643][685]LogAudioMixer: Display: 0: FrontLeft
[2025.06.21-10.12.44:643][685]LogAudioMixer: Display: 1: FrontRight
[2025.06.21-10.12.44:768][685]LogAudioMixer: Display: Using Audio Device Speakers (Realtek(R) Audio)
[2025.06.21-10.12.44:768][685]LogAudioMixer: Display: Initializing Sound Submixes...
[2025.06.21-10.12.44:769][685]LogAudioMixer: Display: Creating Master Submix 'MasterSubmixDefault'
[2025.06.21-10.12.44:769][685]LogAudioMixer: Display: Creating Master Submix 'MasterReverbSubmixDefault'
[2025.06.21-10.12.44:769][685]LogAudioMixer: Display: Creating Master Submix 'MasterEQSubmixDefault'
[2025.06.21-10.12.44:769][685]LogAudioMixer: FMixerPlatformXAudio2::StartAudioStream() called
[2025.06.21-10.12.44:769][685]LogAudioMixer: Display: Output buffers initialized: Frames=1024, Channels=2, Samples=2048
[2025.06.21-10.12.44:770][685]LogAudioMixer: Display: Starting AudioMixerPlatformInterface::RunInternal()
[2025.06.21-10.12.44:770][685]LogAudioMixer: Display: FMixerPlatformXAudio2::SubmitBuffer() called for the first time
[2025.06.21-10.12.44:770][685]LogInit: FAudioDevice initialized.
[2025.06.21-10.12.44:770][685]LogAudio: Display: Audio Device (ID: 2) registered with world 'Dopusk'.
[2025.06.21-10.12.44:778][685]LogLoad: Game class is 'DopuskGamemode_C'
[2025.06.21-10.12.44:781][685]LogWorld: Bringing World /Game/Maps/UEDPIE_0_Dopusk.Dopusk up for play (max tick rate 60) at 2025.06.21-13.12.44
[2025.06.21-10.12.44:781][685]LogWorld: Bringing up level for play took: 0.000929
[2025.06.21-10.12.44:782][685]LogOnline: OSS: Creating online subsystem instance for: :Context_1
[2025.06.21-10.12.44:785][685]LogNativeClassHierarchy: Verbose: Native class hierarchy updated for 'MovieSceneCapture' in 0.0003 seconds. Added 20 classes and 0 folders.
[2025.06.21-10.12.44:789][685]LogViewport: Display: Viewport MouseCaptureMode Changed, CapturePermanently_IncludingInitialMouseDown -> CapturePermanently
[2025.06.21-10.12.44:793][685]PIE: Server logged in
[2025.06.21-10.12.44:796][685]PIE: Play in editor total start time 0.18 seconds.
[2025.06.21-10.13.13:567][406]LogSlate: Updating window title bar state: overlay mode, drag disabled, window buttons hidden, title bar hidden
[2025.06.21-10.13.13:567][406]LogWorld: BeginTearingDown for /Game/Maps/UEDPIE_0_Dopusk
[2025.06.21-10.13.13:567][406]LogWorld: UWorld::CleanupWorld for Dopusk, bSessionEnded=true, bCleanupResources=true
[2025.06.21-10.13.13:567][406]LogSlate: InvalidateAllWidgets triggered.  All widgets were invalidated
[2025.06.21-10.13.13:578][406]LogPlayLevel: Display: Shutting down PIE online subsystems
[2025.06.21-10.13.13:579][406]LogSlate: InvalidateAllWidgets triggered.  All widgets were invalidated
[2025.06.21-10.13.13:588][406]LogSlate: Updating window title bar state: overlay mode, drag disabled, window buttons hidden, title bar hidden
[2025.06.21-10.13.13:588][406]LogAudioMixer: FMixerPlatformXAudio2::StopAudioStream() called
[2025.06.21-10.13.13:589][406]LogAudioMixer: FMixerPlatformXAudio2::StopAudioStream() called
[2025.06.21-10.13.13:593][406]LogUObjectHash: Compacting FUObjectHashTables data took   0.99ms
[2025.06.21-10.13.13:638][408]LogPlayLevel: Display: Destroying online subsystem :Context_1
[2025.06.21-10.13.22:433][923]LogAssetEditorSubsystem: Opening Asset editor for Blueprint /Game/Dopuski/Stanok.Stanok
[2025.06.21-10.13.23:258][923]LogNativeClassHierarchy: Verbose: Native class hierarchy updated for 'BlueprintGraph' in 0.0005 seconds. Added 126 classes and 0 folders.
[2025.06.21-10.13.24:047][923]LogSlate: Took 0.000291 seconds to synchronously load lazily loaded font '../../../Engine/Content/Slate/Fonts/Roboto-BoldCondensed.ttf' (158K)
[2025.06.21-10.13.24:232][924]LogSlate: Took 0.009207 seconds to synchronously load lazily loaded font '../../../Engine/Content/Slate/Fonts/Roboto-Italic.ttf' (157K)
[2025.06.21-10.13.25:553][998]LogRenderer: Reallocating scene render targets to support 940x456 Format 10 NumSamples 1 (Frame:1).
[2025.06.21-10.13.28:457][165]LogSlate: Window 'Stanok' being destroyed
[2025.06.21-10.13.28:467][166]LogRenderer: Reallocating scene render targets to support 1172x512 Format 10 NumSamples 1 (Frame:1101).
[2025.06.21-10.14.36:079][177]LogUObjectHash: Compacting FUObjectHashTables data took   2.31ms
[2025.06.21-10.14.36:110][177]Cmd: OBJ SAVEPACKAGE PACKAGE="/Game/Maps/Dopusk" FILE="../../../../../../Users/eghah/Desktop/diplom/task1/Content/Maps/Dopusk.umap" SILENT=true AUTOSAVING=false KEEPDIRTY=false
[2025.06.21-10.14.36:128][177]LogUObjectHash: Compacting FUObjectHashTables data took   0.48ms
[2025.06.21-10.14.36:137][177]LogSavePackage: Moving '../../../../../../Users/eghah/Desktop/diplom/task1/Saved/Dopusk1C9F3ED94A34854A91FEBD8DECF2A756.tmp' to '../../../../../../Users/eghah/Desktop/diplom/task1/Content/Maps/Dopusk.umap'
[2025.06.21-10.14.36:141][177]LogFileHelpers: Saving map 'Dopusk' took 0.031
[2025.06.21-10.14.36:151][177]Cmd: OBJ SAVEPACKAGE PACKAGE="/Game/Dopuski/Stanok" FILE="../../../../../../Users/eghah/Desktop/diplom/task1/Content/Dopuski/Stanok.uasset" SILENT=true
[2025.06.21-10.14.36:209][177]LogSavePackage: Moving '../../../../../../Users/eghah/Desktop/diplom/task1/Saved/StanokC0CF179341070C8AA62B11A22DB6F6C7.tmp' to '../../../../../../Users/eghah/Desktop/diplom/task1/Content/Dopuski/Stanok.uasset'
[2025.06.21-10.14.36:232][177]AssetCheck: New page: Asset Save: multiple assets
[2025.06.21-10.14.36:232][177]LogContentValidation: Display: Validating Blueprint /Game/Dopuski/Stanok.Stanok
[2025.06.21-10.14.36:233][177]LogContentValidation: Display: Validating World /Game/Maps/Dopusk.Dopusk
[2025.06.21-10.14.39:499][373]LogEditorViewport: Clicking on Actor (LMB): CameraActor (CameraActor2)
[2025.06.21-10.14.56:111][365]LogTemp: Repeating last play command: Selected Viewport
[2025.06.21-10.14.56:115][365]BlueprintLog: New page: Pre-Play auto-recompile
[2025.06.21-10.14.56:118][365]LogPlayLevel: [PlayLevel] Compiling Stanok before play...
[2025.06.21-10.14.56:194][365]LogUObjectHash: Compacting FUObjectHashTables data took   1.92ms
[2025.06.21-10.14.56:195][365]LogPlayLevel: PlayLevel: Blueprint regeneration took 79 ms (1 blueprints)
[2025.06.21-10.14.56:195][365]PIE: New page: PIE session: Dopusk (Jun 21, 2025, 4:14:56 PM)
[2025.06.21-10.14.56:195][365]LogPlayLevel: Creating play world package: /Game/Maps/UEDPIE_0_Dopusk
[2025.06.21-10.14.56:199][365]LogPlayLevel: PIE: StaticDuplicateObject took: (0.003914s)
[2025.06.21-10.14.56:200][365]LogAIModule: Creating AISystem for world Dopusk
[2025.06.21-10.14.56:200][365]LogPlayLevel: PIE: World Init took: (0.001297s)
[2025.06.21-10.14.56:201][365]LogPlayLevel: PIE: Created PIE world by copying editor world from /Game/Maps/Dopusk.Dopusk to /Game/Maps/UEDPIE_0_Dopusk.Dopusk (0.005383s)
[2025.06.21-10.14.56:227][365]LogUObjectHash: Compacting FUObjectHashTables data took   2.03ms
[2025.06.21-10.14.56:227][365]LogAudio: Display: Creating Audio Device:                 Id: 3, Scope: Unique, Realtime: True
[2025.06.21-10.14.56:227][365]LogAudioMixer: Display: Audio Mixer Platform Settings:
[2025.06.21-10.14.56:227][365]LogAudioMixer: Display: 	Sample Rate:						  48000
[2025.06.21-10.14.56:227][365]LogAudioMixer: Display: 	Callback Buffer Frame Size Requested: 1024
[2025.06.21-10.14.56:227][365]LogAudioMixer: Display: 	Callback Buffer Frame Size To Use:	  1024
[2025.06.21-10.14.56:227][365]LogAudioMixer: Display: 	Number of buffers to queue:			  2
[2025.06.21-10.14.56:227][365]LogAudioMixer: Display: 	Max Channels (voices):				  32
[2025.06.21-10.14.56:227][365]LogAudioMixer: Display: 	Number of Async Source Workers:		  0
[2025.06.21-10.14.56:227][365]LogAudio: Display: AudioDevice MaxSources: 32
[2025.06.21-10.14.56:228][365]LogAudio: Display: Audio Spatialization Plugin: None (built-in).
[2025.06.21-10.14.56:228][365]LogAudio: Display: Audio Reverb Plugin: None (built-in).
[2025.06.21-10.14.56:228][365]LogAudio: Display: Audio Occlusion Plugin: None (built-in).
[2025.06.21-10.14.56:228][365]LogAudioMixer: Display: Initializing audio mixer.
[2025.06.21-10.14.56:231][365]LogAudioMixer: Display: 0: FrontLeft
[2025.06.21-10.14.56:231][365]LogAudioMixer: Display: 1: FrontRight
[2025.06.21-10.14.56:357][365]LogAudioMixer: Display: Using Audio Device Speakers (Realtek(R) Audio)
[2025.06.21-10.14.56:357][365]LogAudioMixer: Display: Initializing Sound Submixes...
[2025.06.21-10.14.56:357][365]LogAudioMixer: Display: Creating Master Submix 'MasterSubmixDefault'
[2025.06.21-10.14.56:357][365]LogAudioMixer: Display: Creating Master Submix 'MasterReverbSubmixDefault'
[2025.06.21-10.14.56:358][365]LogAudioMixer: Display: Creating Master Submix 'MasterEQSubmixDefault'
[2025.06.21-10.14.56:358][365]LogAudioMixer: FMixerPlatformXAudio2::StartAudioStream() called
[2025.06.21-10.14.56:358][365]LogAudioMixer: Display: Output buffers initialized: Frames=1024, Channels=2, Samples=2048
[2025.06.21-10.14.56:358][365]LogAudioMixer: Display: Starting AudioMixerPlatformInterface::RunInternal()
[2025.06.21-10.14.56:358][365]LogAudioMixer: Display: FMixerPlatformXAudio2::SubmitBuffer() called for the first time
[2025.06.21-10.14.56:358][365]LogInit: FAudioDevice initialized.
[2025.06.21-10.14.56:358][365]LogAudio: Display: Audio Device (ID: 3) registered with world 'Dopusk'.
[2025.06.21-10.14.56:369][365]LogLoad: Game class is 'DopuskGamemode_C'
[2025.06.21-10.14.56:371][365]LogWorld: Bringing World /Game/Maps/UEDPIE_0_Dopusk.Dopusk up for play (max tick rate 60) at 2025.06.21-13.14.56
[2025.06.21-10.14.56:371][365]LogWorld: Bringing up level for play took: 0.000830
[2025.06.21-10.14.56:371][365]LogOnline: OSS: Creating online subsystem instance for: :Context_7
[2025.06.21-10.14.56:373][365]LogViewport: Display: Viewport MouseCaptureMode Changed, CapturePermanently_IncludingInitialMouseDown -> CapturePermanently
[2025.06.21-10.14.56:374][365]PIE: Server logged in
[2025.06.21-10.14.56:374][365]PIE: Play in editor total start time 0.261 seconds.
[2025.06.21-10.15.40:806][ 26]LogSlate: Updating window title bar state: overlay mode, drag disabled, window buttons hidden, title bar hidden
[2025.06.21-10.15.40:806][ 26]LogWorld: BeginTearingDown for /Game/Maps/UEDPIE_0_Dopusk
[2025.06.21-10.15.40:807][ 26]LogWorld: UWorld::CleanupWorld for Dopusk, bSessionEnded=true, bCleanupResources=true
[2025.06.21-10.15.40:808][ 26]LogSlate: InvalidateAllWidgets triggered.  All widgets were invalidated
[2025.06.21-10.15.40:824][ 26]LogPlayLevel: Display: Shutting down PIE online subsystems
[2025.06.21-10.15.40:874][ 26]LogSlate: InvalidateAllWidgets triggered.  All widgets were invalidated
[2025.06.21-10.15.40:892][ 26]LogSlate: Updating window title bar state: overlay mode, drag disabled, window buttons hidden, title bar hidden
[2025.06.21-10.15.40:893][ 26]LogAudioMixer: FMixerPlatformXAudio2::StopAudioStream() called
[2025.06.21-10.15.40:895][ 26]LogAudioMixer: FMixerPlatformXAudio2::StopAudioStream() called
[2025.06.21-10.15.40:901][ 26]LogUObjectHash: Compacting FUObjectHashTables data took   2.93ms
[2025.06.21-10.15.40:929][ 27]LogPlayLevel: Display: Destroying online subsystem :Context_7
[2025.06.21-10.15.49:786][557]LogTemp: Repeating last play command: Selected Viewport
[2025.06.21-10.15.49:791][557]LogPlayLevel: PlayLevel: No blueprints needed recompiling
[2025.06.21-10.15.49:791][557]PIE: New page: PIE session: Dopusk (Jun 21, 2025, 4:15:49 PM)
[2025.06.21-10.15.49:791][557]LogPlayLevel: Creating play world package: /Game/Maps/UEDPIE_0_Dopusk
[2025.06.21-10.15.49:793][557]LogPlayLevel: PIE: StaticDuplicateObject took: (0.002158s)
[2025.06.21-10.15.49:794][557]LogAIModule: Creating AISystem for world Dopusk
[2025.06.21-10.15.49:794][557]LogPlayLevel: PIE: World Init took: (0.000944s)
[2025.06.21-10.15.49:794][557]LogPlayLevel: PIE: Created PIE world by copying editor world from /Game/Maps/Dopusk.Dopusk to /Game/Maps/UEDPIE_0_Dopusk.Dopusk (0.003196s)
[2025.06.21-10.15.49:815][557]LogUObjectHash: Compacting FUObjectHashTables data took   1.38ms
[2025.06.21-10.15.49:816][557]LogAudio: Display: Creating Audio Device:                 Id: 4, Scope: Unique, Realtime: True
[2025.06.21-10.15.49:816][557]LogAudioMixer: Display: Audio Mixer Platform Settings:
[2025.06.21-10.15.49:816][557]LogAudioMixer: Display: 	Sample Rate:						  48000
[2025.06.21-10.15.49:816][557]LogAudioMixer: Display: 	Callback Buffer Frame Size Requested: 1024
[2025.06.21-10.15.49:816][557]LogAudioMixer: Display: 	Callback Buffer Frame Size To Use:	  1024
[2025.06.21-10.15.49:816][557]LogAudioMixer: Display: 	Number of buffers to queue:			  2
[2025.06.21-10.15.49:816][557]LogAudioMixer: Display: 	Max Channels (voices):				  32
[2025.06.21-10.15.49:816][557]LogAudioMixer: Display: 	Number of Async Source Workers:		  0
[2025.06.21-10.15.49:816][557]LogAudio: Display: AudioDevice MaxSources: 32
[2025.06.21-10.15.49:816][557]LogAudio: Display: Audio Spatialization Plugin: None (built-in).
[2025.06.21-10.15.49:816][557]LogAudio: Display: Audio Reverb Plugin: None (built-in).
[2025.06.21-10.15.49:816][557]LogAudio: Display: Audio Occlusion Plugin: None (built-in).
[2025.06.21-10.15.49:816][557]LogAudioMixer: Display: Initializing audio mixer.
[2025.06.21-10.15.49:819][557]LogAudioMixer: Display: 0: FrontLeft
[2025.06.21-10.15.49:819][557]LogAudioMixer: Display: 1: FrontRight
[2025.06.21-10.15.49:937][557]LogAudioMixer: Display: Using Audio Device Speakers (Realtek(R) Audio)
[2025.06.21-10.15.49:937][557]LogAudioMixer: Display: Initializing Sound Submixes...
[2025.06.21-10.15.49:937][557]LogAudioMixer: Display: Creating Master Submix 'MasterSubmixDefault'
[2025.06.21-10.15.49:937][557]LogAudioMixer: Display: Creating Master Submix 'MasterReverbSubmixDefault'
[2025.06.21-10.15.49:938][557]LogAudioMixer: Display: Creating Master Submix 'MasterEQSubmixDefault'
[2025.06.21-10.15.49:938][557]LogAudioMixer: FMixerPlatformXAudio2::StartAudioStream() called
[2025.06.21-10.15.49:938][557]LogAudioMixer: Display: Output buffers initialized: Frames=1024, Channels=2, Samples=2048
[2025.06.21-10.15.49:939][557]LogAudioMixer: Display: Starting AudioMixerPlatformInterface::RunInternal()
[2025.06.21-10.15.49:939][557]LogAudioMixer: Display: FMixerPlatformXAudio2::SubmitBuffer() called for the first time
[2025.06.21-10.15.49:939][557]LogInit: FAudioDevice initialized.
[2025.06.21-10.15.49:939][557]LogAudio: Display: Audio Device (ID: 4) registered with world 'Dopusk'.
[2025.06.21-10.15.49:947][557]LogLoad: Game class is 'DopuskGamemode_C'
[2025.06.21-10.15.49:949][557]LogWorld: Bringing World /Game/Maps/UEDPIE_0_Dopusk.Dopusk up for play (max tick rate 60) at 2025.06.21-13.15.49
[2025.06.21-10.15.49:949][557]LogWorld: Bringing up level for play took: 0.000858
[2025.06.21-10.15.49:949][557]LogOnline: OSS: Creating online subsystem instance for: :Context_8
[2025.06.21-10.15.49:951][557]LogViewport: Display: Viewport MouseCaptureMode Changed, CapturePermanently_IncludingInitialMouseDown -> CapturePermanently
[2025.06.21-10.15.49:951][557]PIE: Server logged in
[2025.06.21-10.15.49:952][557]PIE: Play in editor total start time 0.163 seconds.
[2025.06.21-10.16.29:615][934]LogSlate: Updating window title bar state: overlay mode, drag disabled, window buttons hidden, title bar hidden
[2025.06.21-10.16.29:615][934]LogWorld: BeginTearingDown for /Game/Maps/UEDPIE_0_Dopusk
[2025.06.21-10.16.29:615][934]LogWorld: UWorld::CleanupWorld for Dopusk, bSessionEnded=true, bCleanupResources=true
[2025.06.21-10.16.29:616][934]LogSlate: InvalidateAllWidgets triggered.  All widgets were invalidated
[2025.06.21-10.16.29:623][934]LogPlayLevel: Display: Shutting down PIE online subsystems
[2025.06.21-10.16.29:655][934]LogSlate: InvalidateAllWidgets triggered.  All widgets were invalidated
[2025.06.21-10.16.29:671][934]LogSlate: Updating window title bar state: overlay mode, drag disabled, window buttons hidden, title bar hidden
[2025.06.21-10.16.29:671][934]LogAudioMixer: FMixerPlatformXAudio2::StopAudioStream() called
[2025.06.21-10.16.29:671][934]LogAudioMixer: FMixerPlatformXAudio2::StopAudioStream() called
[2025.06.21-10.16.29:679][934]LogUObjectHash: Compacting FUObjectHashTables data took   1.41ms
[2025.06.21-10.16.29:703][935]LogPlayLevel: Display: Destroying online subsystem :Context_8
[2025.06.21-10.16.52:801][309]LogTemp: Repeating last play command: Selected Viewport
[2025.06.21-10.16.52:807][309]LogPlayLevel: PlayLevel: No blueprints needed recompiling
[2025.06.21-10.16.52:807][309]PIE: New page: PIE session: Dopusk (Jun 21, 2025, 4:16:52 PM)
[2025.06.21-10.16.52:807][309]LogPlayLevel: Creating play world package: /Game/Maps/UEDPIE_0_Dopusk
[2025.06.21-10.16.52:810][309]LogPlayLevel: PIE: StaticDuplicateObject took: (0.002471s)
[2025.06.21-10.16.52:811][309]LogAIModule: Creating AISystem for world Dopusk
[2025.06.21-10.16.52:811][309]LogPlayLevel: PIE: World Init took: (0.000927s)
[2025.06.21-10.16.52:811][309]LogPlayLevel: PIE: Created PIE world by copying editor world from /Game/Maps/Dopusk.Dopusk to /Game/Maps/UEDPIE_0_Dopusk.Dopusk (0.003496s)
[2025.06.21-10.16.52:833][309]LogUObjectHash: Compacting FUObjectHashTables data took   1.47ms
[2025.06.21-10.16.52:834][309]LogAudio: Display: Creating Audio Device:                 Id: 5, Scope: Unique, Realtime: True
[2025.06.21-10.16.52:834][309]LogAudioMixer: Display: Audio Mixer Platform Settings:
[2025.06.21-10.16.52:834][309]LogAudioMixer: Display: 	Sample Rate:						  48000
[2025.06.21-10.16.52:834][309]LogAudioMixer: Display: 	Callback Buffer Frame Size Requested: 1024
[2025.06.21-10.16.52:834][309]LogAudioMixer: Display: 	Callback Buffer Frame Size To Use:	  1024
[2025.06.21-10.16.52:834][309]LogAudioMixer: Display: 	Number of buffers to queue:			  2
[2025.06.21-10.16.52:834][309]LogAudioMixer: Display: 	Max Channels (voices):				  32
[2025.06.21-10.16.52:834][309]LogAudioMixer: Display: 	Number of Async Source Workers:		  0
[2025.06.21-10.16.52:834][309]LogAudio: Display: AudioDevice MaxSources: 32
[2025.06.21-10.16.52:834][309]LogAudio: Display: Audio Spatialization Plugin: None (built-in).
[2025.06.21-10.16.52:834][309]LogAudio: Display: Audio Reverb Plugin: None (built-in).
[2025.06.21-10.16.52:834][309]LogAudio: Display: Audio Occlusion Plugin: None (built-in).
[2025.06.21-10.16.52:834][309]LogAudioMixer: Display: Initializing audio mixer.
[2025.06.21-10.16.52:839][309]LogAudioMixer: Display: 0: FrontLeft
[2025.06.21-10.16.52:839][309]LogAudioMixer: Display: 1: FrontRight
[2025.06.21-10.16.52:965][309]LogAudioMixer: Display: Using Audio Device Speakers (Realtek(R) Audio)
[2025.06.21-10.16.52:965][309]LogAudioMixer: Display: Initializing Sound Submixes...
[2025.06.21-10.16.52:966][309]LogAudioMixer: Display: Creating Master Submix 'MasterSubmixDefault'
[2025.06.21-10.16.52:966][309]LogAudioMixer: Display: Creating Master Submix 'MasterReverbSubmixDefault'
[2025.06.21-10.16.52:966][309]LogAudioMixer: Display: Creating Master Submix 'MasterEQSubmixDefault'
[2025.06.21-10.16.52:967][309]LogAudioMixer: FMixerPlatformXAudio2::StartAudioStream() called
[2025.06.21-10.16.52:967][309]LogAudioMixer: Display: Output buffers initialized: Frames=1024, Channels=2, Samples=2048
[2025.06.21-10.16.52:967][309]LogAudioMixer: Display: Starting AudioMixerPlatformInterface::RunInternal()
[2025.06.21-10.16.52:967][309]LogAudioMixer: Display: FMixerPlatformXAudio2::SubmitBuffer() called for the first time
[2025.06.21-10.16.52:968][309]LogInit: FAudioDevice initialized.
[2025.06.21-10.16.52:968][309]LogAudio: Display: Audio Device (ID: 5) registered with world 'Dopusk'.
[2025.06.21-10.16.52:981][309]LogSlate: Updating window title bar state: overlay mode, drag disabled, window buttons hidden, title bar hidden
[2025.06.21-10.16.52:983][309]LogLoad: Game class is 'DopuskGamemode_C'
[2025.06.21-10.16.52:984][309]LogWorld: Bringing World /Game/Maps/UEDPIE_0_Dopusk.Dopusk up for play (max tick rate 60) at 2025.06.21-13.16.52
[2025.06.21-10.16.52:984][309]LogWorld: Bringing up level for play took: 0.000946
[2025.06.21-10.16.52:984][309]LogOnline: OSS: Creating online subsystem instance for: :Context_9
[2025.06.21-10.16.52:986][309]LogGameMode: FindPlayerStart: PATHS NOT DEFINED or NO PLAYERSTART with positive rating
[2025.06.21-10.16.52:987][309]LogViewport: Display: Viewport MouseCaptureMode Changed, CapturePermanently_IncludingInitialMouseDown -> CapturePermanently
[2025.06.21-10.16.52:988][309]PIE: Server logged in
[2025.06.21-10.16.52:988][309]PIE: Play in editor total start time 0.183 seconds.
[2025.06.21-10.16.53:026][310]LogRenderer: Reallocating scene render targets to support 1172x648 Format 10 NumSamples 1 (Frame:1).
[2025.06.21-10.17.08:077][210]LogSlate: Updating window title bar state: overlay mode, drag disabled, window buttons hidden, title bar hidden
[2025.06.21-10.17.08:077][210]LogWorld: BeginTearingDown for /Game/Maps/UEDPIE_0_Dopusk
[2025.06.21-10.17.08:078][210]LogSlate: Window 'task1 Preview [NetMode: Standalone]  (64-bit/Windows) ' being destroyed
[2025.06.21-10.17.08:097][210]LogWorld: UWorld::CleanupWorld for Dopusk, bSessionEnded=true, bCleanupResources=true
[2025.06.21-10.17.08:097][210]LogSlate: InvalidateAllWidgets triggered.  All widgets were invalidated
[2025.06.21-10.17.08:112][210]LogPlayLevel: Display: Shutting down PIE online subsystems
[2025.06.21-10.17.08:155][210]LogSlate: InvalidateAllWidgets triggered.  All widgets were invalidated
[2025.06.21-10.17.08:179][210]LogAudioMixer: FMixerPlatformXAudio2::StopAudioStream() called
[2025.06.21-10.17.08:181][210]LogAudioMixer: FMixerPlatformXAudio2::StopAudioStream() called
[2025.06.21-10.17.08:185][210]LogUObjectHash: Compacting FUObjectHashTables data took   1.38ms
[2025.06.21-10.17.08:199][211]LogPlayLevel: Display: Destroying online subsystem :Context_9
[2025.06.21-10.17.43:886][343]LogTemp: Repeating last play command: Selected Viewport
[2025.06.21-10.17.43:891][343]BlueprintLog: New page: Pre-Play auto-recompile
[2025.06.21-10.17.43:895][343]LogPlayLevel: [PlayLevel] Compiling Stanok before play...
[2025.06.21-10.17.43:973][343]LogUObjectHash: Compacting FUObjectHashTables data took   1.80ms
[2025.06.21-10.17.43:973][343]LogPlayLevel: PlayLevel: Blueprint regeneration took 82 ms (1 blueprints)
[2025.06.21-10.17.43:973][343]PIE: New page: PIE session: Dopusk (Jun 21, 2025, 4:17:43 PM)
[2025.06.21-10.17.43:974][343]LogPlayLevel: Creating play world package: /Game/Maps/UEDPIE_0_Dopusk
[2025.06.21-10.17.43:976][343]LogPlayLevel: PIE: StaticDuplicateObject took: (0.002096s)
[2025.06.21-10.17.43:977][343]LogAIModule: Creating AISystem for world Dopusk
[2025.06.21-10.17.43:977][343]LogPlayLevel: PIE: World Init took: (0.001388s)
[2025.06.21-10.17.43:977][343]LogPlayLevel: PIE: Created PIE world by copying editor world from /Game/Maps/Dopusk.Dopusk to /Game/Maps/UEDPIE_0_Dopusk.Dopusk (0.003620s)
[2025.06.21-10.17.44:001][343]LogUObjectHash: Compacting FUObjectHashTables data took   1.27ms
[2025.06.21-10.17.44:002][343]LogAudio: Display: Creating Audio Device:                 Id: 6, Scope: Unique, Realtime: True
[2025.06.21-10.17.44:002][343]LogAudioMixer: Display: Audio Mixer Platform Settings:
[2025.06.21-10.17.44:002][343]LogAudioMixer: Display: 	Sample Rate:						  48000
[2025.06.21-10.17.44:002][343]LogAudioMixer: Display: 	Callback Buffer Frame Size Requested: 1024
[2025.06.21-10.17.44:002][343]LogAudioMixer: Display: 	Callback Buffer Frame Size To Use:	  1024
[2025.06.21-10.17.44:002][343]LogAudioMixer: Display: 	Number of buffers to queue:			  2
[2025.06.21-10.17.44:002][343]LogAudioMixer: Display: 	Max Channels (voices):				  32
[2025.06.21-10.17.44:002][343]LogAudioMixer: Display: 	Number of Async Source Workers:		  0
[2025.06.21-10.17.44:002][343]LogAudio: Display: AudioDevice MaxSources: 32
[2025.06.21-10.17.44:002][343]LogAudio: Display: Audio Spatialization Plugin: None (built-in).
[2025.06.21-10.17.44:002][343]LogAudio: Display: Audio Reverb Plugin: None (built-in).
[2025.06.21-10.17.44:002][343]LogAudio: Display: Audio Occlusion Plugin: None (built-in).
[2025.06.21-10.17.44:002][343]LogAudioMixer: Display: Initializing audio mixer.
[2025.06.21-10.17.44:004][343]LogAudioMixer: Display: 0: FrontLeft
[2025.06.21-10.17.44:004][343]LogAudioMixer: Display: 1: FrontRight
[2025.06.21-10.17.44:129][343]LogAudioMixer: Display: Using Audio Device Speakers (Realtek(R) Audio)
[2025.06.21-10.17.44:130][343]LogAudioMixer: Display: Initializing Sound Submixes...
[2025.06.21-10.17.44:130][343]LogAudioMixer: Display: Creating Master Submix 'MasterSubmixDefault'
[2025.06.21-10.17.44:130][343]LogAudioMixer: Display: Creating Master Submix 'MasterReverbSubmixDefault'
[2025.06.21-10.17.44:130][343]LogAudioMixer: Display: Creating Master Submix 'MasterEQSubmixDefault'
[2025.06.21-10.17.44:130][343]LogAudioMixer: FMixerPlatformXAudio2::StartAudioStream() called
[2025.06.21-10.17.44:130][343]LogAudioMixer: Display: Output buffers initialized: Frames=1024, Channels=2, Samples=2048
[2025.06.21-10.17.44:131][343]LogAudioMixer: Display: Starting AudioMixerPlatformInterface::RunInternal()
[2025.06.21-10.17.44:131][343]LogAudioMixer: Display: FMixerPlatformXAudio2::SubmitBuffer() called for the first time
[2025.06.21-10.17.44:131][343]LogInit: FAudioDevice initialized.
[2025.06.21-10.17.44:131][343]LogAudio: Display: Audio Device (ID: 6) registered with world 'Dopusk'.
[2025.06.21-10.17.44:148][343]LogSlate: Updating window title bar state: overlay mode, drag disabled, window buttons hidden, title bar hidden
[2025.06.21-10.17.44:148][343]LogLoad: Game class is 'DopuskGamemode_C'
[2025.06.21-10.17.44:151][343]LogWorld: Bringing World /Game/Maps/UEDPIE_0_Dopusk.Dopusk up for play (max tick rate 60) at 2025.06.21-13.17.44
[2025.06.21-10.17.44:151][343]LogWorld: Bringing up level for play took: 0.000818
[2025.06.21-10.17.44:151][343]LogOnline: OSS: Creating online subsystem instance for: :Context_10
[2025.06.21-10.17.44:152][343]LogGameMode: FindPlayerStart: PATHS NOT DEFINED or NO PLAYERSTART with positive rating
[2025.06.21-10.17.44:153][343]LogViewport: Display: Viewport MouseCaptureMode Changed, CapturePermanently_IncludingInitialMouseDown -> CapturePermanently
[2025.06.21-10.17.44:154][343]PIE: Server logged in
[2025.06.21-10.17.44:154][343]PIE: Play in editor total start time 0.264 seconds.
[2025.06.21-10.17.44:196][344]LogRenderer: Reallocating scene render targets to support 1172x656 Format 10 NumSamples 1 (Frame:1).
[2025.06.21-10.17.48:976][626]LogSlate: Updating window title bar state: overlay mode, drag disabled, window buttons hidden, title bar hidden
[2025.06.21-10.17.48:976][626]LogWorld: BeginTearingDown for /Game/Maps/UEDPIE_0_Dopusk
[2025.06.21-10.17.48:976][626]LogSlate: Window 'task1 Preview [NetMode: Standalone]  (64-bit/Windows) ' being destroyed
[2025.06.21-10.17.48:987][626]LogWorld: UWorld::CleanupWorld for Dopusk, bSessionEnded=true, bCleanupResources=true
[2025.06.21-10.17.48:987][626]LogSlate: InvalidateAllWidgets triggered.  All widgets were invalidated
[2025.06.21-10.17.48:997][626]LogPlayLevel: Display: Shutting down PIE online subsystems
[2025.06.21-10.17.49:030][626]LogSlate: InvalidateAllWidgets triggered.  All widgets were invalidated
[2025.06.21-10.17.49:051][626]LogAudioMixer: FMixerPlatformXAudio2::StopAudioStream() called
[2025.06.21-10.17.49:053][626]LogAudioMixer: FMixerPlatformXAudio2::StopAudioStream() called
[2025.06.21-10.17.49:057][626]LogUObjectHash: Compacting FUObjectHashTables data took   1.45ms
[2025.06.21-10.17.49:070][627]LogPlayLevel: Display: Destroying online subsystem :Context_10
[2025.06.21-10.17.49:934][679]LogEditorTransaction: Undo Change Number Pin Value
[2025.06.21-10.17.58:757][201]LogTemp: Repeating last play command: Selected Viewport
[2025.06.21-10.17.58:762][201]BlueprintLog: New page: Pre-Play auto-recompile
[2025.06.21-10.17.58:766][201]LogPlayLevel: [PlayLevel] Compiling Stanok before play...
[2025.06.21-10.17.58:853][201]LogUObjectHash: Compacting FUObjectHashTables data took   1.73ms
[2025.06.21-10.17.58:853][201]LogPlayLevel: PlayLevel: Blueprint regeneration took 90 ms (1 blueprints)
[2025.06.21-10.17.58:853][201]PIE: New page: PIE session: Dopusk (Jun 21, 2025, 4:17:58 PM)
[2025.06.21-10.17.58:853][201]LogPlayLevel: Creating play world package: /Game/Maps/UEDPIE_0_Dopusk
[2025.06.21-10.17.58:855][201]LogPlayLevel: PIE: StaticDuplicateObject took: (0.001945s)
[2025.06.21-10.17.58:856][201]LogAIModule: Creating AISystem for world Dopusk
[2025.06.21-10.17.58:856][201]LogPlayLevel: PIE: World Init took: (0.000841s)
[2025.06.21-10.17.58:856][201]LogPlayLevel: PIE: Created PIE world by copying editor world from /Game/Maps/Dopusk.Dopusk to /Game/Maps/UEDPIE_0_Dopusk.Dopusk (0.002876s)
[2025.06.21-10.17.58:875][201]LogUObjectHash: Compacting FUObjectHashTables data took   1.45ms
[2025.06.21-10.17.58:875][201]LogAudio: Display: Creating Audio Device:                 Id: 7, Scope: Unique, Realtime: True
[2025.06.21-10.17.58:875][201]LogAudioMixer: Display: Audio Mixer Platform Settings:
[2025.06.21-10.17.58:875][201]LogAudioMixer: Display: 	Sample Rate:						  48000
[2025.06.21-10.17.58:875][201]LogAudioMixer: Display: 	Callback Buffer Frame Size Requested: 1024
[2025.06.21-10.17.58:875][201]LogAudioMixer: Display: 	Callback Buffer Frame Size To Use:	  1024
[2025.06.21-10.17.58:875][201]LogAudioMixer: Display: 	Number of buffers to queue:			  2
[2025.06.21-10.17.58:875][201]LogAudioMixer: Display: 	Max Channels (voices):				  32
[2025.06.21-10.17.58:875][201]LogAudioMixer: Display: 	Number of Async Source Workers:		  0
[2025.06.21-10.17.58:875][201]LogAudio: Display: AudioDevice MaxSources: 32
[2025.06.21-10.17.58:876][201]LogAudio: Display: Audio Spatialization Plugin: None (built-in).
[2025.06.21-10.17.58:876][201]LogAudio: Display: Audio Reverb Plugin: None (built-in).
[2025.06.21-10.17.58:876][201]LogAudio: Display: Audio Occlusion Plugin: None (built-in).
[2025.06.21-10.17.58:876][201]LogAudioMixer: Display: Initializing audio mixer.
[2025.06.21-10.17.58:878][201]LogAudioMixer: Display: 0: FrontLeft
[2025.06.21-10.17.58:878][201]LogAudioMixer: Display: 1: FrontRight
[2025.06.21-10.17.59:003][201]LogAudioMixer: Display: Using Audio Device Speakers (Realtek(R) Audio)
[2025.06.21-10.17.59:003][201]LogAudioMixer: Display: Initializing Sound Submixes...
[2025.06.21-10.17.59:003][201]LogAudioMixer: Display: Creating Master Submix 'MasterSubmixDefault'
[2025.06.21-10.17.59:003][201]LogAudioMixer: Display: Creating Master Submix 'MasterReverbSubmixDefault'
[2025.06.21-10.17.59:003][201]LogAudioMixer: Display: Creating Master Submix 'MasterEQSubmixDefault'
[2025.06.21-10.17.59:004][201]LogAudioMixer: FMixerPlatformXAudio2::StartAudioStream() called
[2025.06.21-10.17.59:004][201]LogAudioMixer: Display: Output buffers initialized: Frames=1024, Channels=2, Samples=2048
[2025.06.21-10.17.59:005][201]LogAudioMixer: Display: Starting AudioMixerPlatformInterface::RunInternal()
[2025.06.21-10.17.59:005][201]LogAudioMixer: Display: FMixerPlatformXAudio2::SubmitBuffer() called for the first time
[2025.06.21-10.17.59:005][201]LogInit: FAudioDevice initialized.
[2025.06.21-10.17.59:005][201]LogAudio: Display: Audio Device (ID: 7) registered with world 'Dopusk'.
[2025.06.21-10.17.59:024][201]LogSlate: Updating window title bar state: overlay mode, drag disabled, window buttons hidden, title bar hidden
[2025.06.21-10.17.59:024][201]LogLoad: Game class is 'DopuskGamemode_C'
[2025.06.21-10.17.59:026][201]LogWorld: Bringing World /Game/Maps/UEDPIE_0_Dopusk.Dopusk up for play (max tick rate 60) at 2025.06.21-13.17.59
[2025.06.21-10.17.59:026][201]LogWorld: Bringing up level for play took: 0.001123
[2025.06.21-10.17.59:026][201]LogOnline: OSS: Creating online subsystem instance for: :Context_11
[2025.06.21-10.17.59:028][201]LogGameMode: FindPlayerStart: PATHS NOT DEFINED or NO PLAYERSTART with positive rating
[2025.06.21-10.17.59:028][201]LogViewport: Display: Viewport MouseCaptureMode Changed, CapturePermanently_IncludingInitialMouseDown -> CapturePermanently
[2025.06.21-10.17.59:030][201]PIE: Server logged in
[2025.06.21-10.17.59:030][201]PIE: Play in editor total start time 0.27 seconds.
[2025.06.21-10.17.59:075][202]LogRenderer: Reallocating scene render targets to support 1172x660 Format 10 NumSamples 1 (Frame:1).
[2025.06.21-10.18.36:815][461]LogSlate: Updating window title bar state: overlay mode, drag disabled, window buttons hidden, title bar hidden
[2025.06.21-10.18.36:815][461]LogWorld: BeginTearingDown for /Game/Maps/UEDPIE_0_Dopusk
[2025.06.21-10.18.36:816][461]LogSlate: Window 'task1 Preview [NetMode: Standalone]  (64-bit/Windows) ' being destroyed
[2025.06.21-10.18.36:826][461]LogWorld: UWorld::CleanupWorld for Dopusk, bSessionEnded=true, bCleanupResources=true
[2025.06.21-10.18.36:826][461]LogSlate: InvalidateAllWidgets triggered.  All widgets were invalidated
[2025.06.21-10.18.36:835][461]LogPlayLevel: Display: Shutting down PIE online subsystems
[2025.06.21-10.18.36:881][461]LogSlate: InvalidateAllWidgets triggered.  All widgets were invalidated
[2025.06.21-10.18.36:914][461]LogAudioMixer: FMixerPlatformXAudio2::StopAudioStream() called
[2025.06.21-10.18.36:915][461]LogAudioMixer: FMixerPlatformXAudio2::StopAudioStream() called
[2025.06.21-10.18.36:921][461]LogUObjectHash: Compacting FUObjectHashTables data took   1.83ms
[2025.06.21-10.18.36:946][462]LogPlayLevel: Display: Destroying online subsystem :Context_11
[2025.06.21-10.18.41:022][706]LogTemp: Repeating last play command: Selected Viewport
[2025.06.21-10.18.41:029][706]BlueprintLog: New page: Pre-Play auto-recompile
[2025.06.21-10.18.41:033][706]LogPlayLevel: [PlayLevel] Compiling Stanok before play...
[2025.06.21-10.18.41:105][706]LogUObjectHash: Compacting FUObjectHashTables data took   1.71ms
[2025.06.21-10.18.41:106][706]LogPlayLevel: PlayLevel: Blueprint regeneration took 76 ms (1 blueprints)
[2025.06.21-10.18.41:106][706]PIE: New page: PIE session: Dopusk (Jun 21, 2025, 4:18:41 PM)
[2025.06.21-10.18.41:106][706]LogPlayLevel: Creating play world package: /Game/Maps/UEDPIE_0_Dopusk
[2025.06.21-10.18.41:108][706]LogPlayLevel: PIE: StaticDuplicateObject took: (0.002010s)
[2025.06.21-10.18.41:109][706]LogAIModule: Creating AISystem for world Dopusk
[2025.06.21-10.18.41:109][706]LogPlayLevel: PIE: World Init took: (0.000887s)
[2025.06.21-10.18.41:109][706]LogPlayLevel: PIE: Created PIE world by copying editor world from /Game/Maps/Dopusk.Dopusk to /Game/Maps/UEDPIE_0_Dopusk.Dopusk (0.002983s)
[2025.06.21-10.18.41:126][706]LogUObjectHash: Compacting FUObjectHashTables data took   1.32ms
[2025.06.21-10.18.41:127][706]LogAudio: Display: Creating Audio Device:                 Id: 8, Scope: Unique, Realtime: True
[2025.06.21-10.18.41:127][706]LogAudioMixer: Display: Audio Mixer Platform Settings:
[2025.06.21-10.18.41:127][706]LogAudioMixer: Display: 	Sample Rate:						  48000
[2025.06.21-10.18.41:127][706]LogAudioMixer: Display: 	Callback Buffer Frame Size Requested: 1024
[2025.06.21-10.18.41:127][706]LogAudioMixer: Display: 	Callback Buffer Frame Size To Use:	  1024
[2025.06.21-10.18.41:127][706]LogAudioMixer: Display: 	Number of buffers to queue:			  2
[2025.06.21-10.18.41:127][706]LogAudioMixer: Display: 	Max Channels (voices):				  32
[2025.06.21-10.18.41:127][706]LogAudioMixer: Display: 	Number of Async Source Workers:		  0
[2025.06.21-10.18.41:127][706]LogAudio: Display: AudioDevice MaxSources: 32
[2025.06.21-10.18.41:127][706]LogAudio: Display: Audio Spatialization Plugin: None (built-in).
[2025.06.21-10.18.41:127][706]LogAudio: Display: Audio Reverb Plugin: None (built-in).
[2025.06.21-10.18.41:127][706]LogAudio: Display: Audio Occlusion Plugin: None (built-in).
[2025.06.21-10.18.41:127][706]LogAudioMixer: Display: Initializing audio mixer.
[2025.06.21-10.18.41:130][706]LogAudioMixer: Display: 0: FrontLeft
[2025.06.21-10.18.41:130][706]LogAudioMixer: Display: 1: FrontRight
[2025.06.21-10.18.41:250][706]LogAudioMixer: Display: Using Audio Device Speakers (Realtek(R) Audio)
[2025.06.21-10.18.41:250][706]LogAudioMixer: Display: Initializing Sound Submixes...
[2025.06.21-10.18.41:250][706]LogAudioMixer: Display: Creating Master Submix 'MasterSubmixDefault'
[2025.06.21-10.18.41:250][706]LogAudioMixer: Display: Creating Master Submix 'MasterReverbSubmixDefault'
[2025.06.21-10.18.41:250][706]LogAudioMixer: Display: Creating Master Submix 'MasterEQSubmixDefault'
[2025.06.21-10.18.41:250][706]LogAudioMixer: FMixerPlatformXAudio2::StartAudioStream() called
[2025.06.21-10.18.41:250][706]LogAudioMixer: Display: Output buffers initialized: Frames=1024, Channels=2, Samples=2048
[2025.06.21-10.18.41:252][706]LogAudioMixer: Display: Starting AudioMixerPlatformInterface::RunInternal()
[2025.06.21-10.18.41:252][706]LogAudioMixer: Display: FMixerPlatformXAudio2::SubmitBuffer() called for the first time
[2025.06.21-10.18.41:252][706]LogInit: FAudioDevice initialized.
[2025.06.21-10.18.41:252][706]LogAudio: Display: Audio Device (ID: 8) registered with world 'Dopusk'.
[2025.06.21-10.18.41:265][706]LogSlate: Updating window title bar state: overlay mode, drag disabled, window buttons hidden, title bar hidden
[2025.06.21-10.18.41:265][706]LogLoad: Game class is 'DopuskGamemode_C'
[2025.06.21-10.18.41:266][706]LogWorld: Bringing World /Game/Maps/UEDPIE_0_Dopusk.Dopusk up for play (max tick rate 60) at 2025.06.21-13.18.41
[2025.06.21-10.18.41:266][706]LogWorld: Bringing up level for play took: 0.000771
[2025.06.21-10.18.41:267][706]LogOnline: OSS: Creating online subsystem instance for: :Context_12
[2025.06.21-10.18.41:269][706]LogGameMode: FindPlayerStart: PATHS NOT DEFINED or NO PLAYERSTART with positive rating
[2025.06.21-10.18.41:269][706]LogViewport: Display: Viewport MouseCaptureMode Changed, CapturePermanently_IncludingInitialMouseDown -> CapturePermanently
[2025.06.21-10.18.41:270][706]PIE: Server logged in
[2025.06.21-10.18.41:270][706]PIE: Play in editor total start time 0.244 seconds.
[2025.06.21-10.18.41:310][707]LogRenderer: Reallocating scene render targets to support 1172x668 Format 10 NumSamples 1 (Frame:1).
[2025.06.21-10.18.58:824][754]LogSlate: Updating window title bar state: overlay mode, drag disabled, window buttons hidden, title bar hidden
[2025.06.21-10.18.58:824][754]LogWorld: BeginTearingDown for /Game/Maps/UEDPIE_0_Dopusk
[2025.06.21-10.18.58:824][754]LogSlate: Window 'task1 Preview [NetMode: Standalone]  (64-bit/Windows) ' being destroyed
[2025.06.21-10.18.58:834][754]LogWorld: UWorld::CleanupWorld for Dopusk, bSessionEnded=true, bCleanupResources=true
[2025.06.21-10.18.58:836][754]LogSlate: InvalidateAllWidgets triggered.  All widgets were invalidated
[2025.06.21-10.18.58:844][754]LogPlayLevel: Display: Shutting down PIE online subsystems
[2025.06.21-10.18.58:872][754]LogSlate: InvalidateAllWidgets triggered.  All widgets were invalidated
[2025.06.21-10.18.58:891][754]LogAudioMixer: FMixerPlatformXAudio2::StopAudioStream() called
[2025.06.21-10.18.58:892][754]LogAudioMixer: FMixerPlatformXAudio2::StopAudioStream() called
[2025.06.21-10.18.58:896][754]LogUObjectHash: Compacting FUObjectHashTables data took   1.54ms
[2025.06.21-10.18.58:906][755]LogPlayLevel: Display: Destroying online subsystem :Context_12
[2025.06.21-10.19.00:271][837]LogTemp: Repeating last play command: Selected Viewport
[2025.06.21-10.19.00:279][837]LogPlayLevel: PlayLevel: No blueprints needed recompiling
[2025.06.21-10.19.00:279][837]PIE: New page: PIE session: Dopusk (Jun 21, 2025, 4:19:00 PM)
[2025.06.21-10.19.00:279][837]LogPlayLevel: Creating play world package: /Game/Maps/UEDPIE_0_Dopusk
[2025.06.21-10.19.00:281][837]LogPlayLevel: PIE: StaticDuplicateObject took: (0.002426s)
[2025.06.21-10.19.00:282][837]LogAIModule: Creating AISystem for world Dopusk
[2025.06.21-10.19.00:282][837]LogPlayLevel: PIE: World Init took: (0.000972s)
[2025.06.21-10.19.00:282][837]LogPlayLevel: PIE: Created PIE world by copying editor world from /Game/Maps/Dopusk.Dopusk to /Game/Maps/UEDPIE_0_Dopusk.Dopusk (0.003505s)
[2025.06.21-10.19.00:308][837]LogUObjectHash: Compacting FUObjectHashTables data took   1.48ms
[2025.06.21-10.19.00:308][837]LogAudio: Display: Creating Audio Device:                 Id: 9, Scope: Unique, Realtime: True
[2025.06.21-10.19.00:308][837]LogAudioMixer: Display: Audio Mixer Platform Settings:
[2025.06.21-10.19.00:308][837]LogAudioMixer: Display: 	Sample Rate:						  48000
[2025.06.21-10.19.00:308][837]LogAudioMixer: Display: 	Callback Buffer Frame Size Requested: 1024
[2025.06.21-10.19.00:308][837]LogAudioMixer: Display: 	Callback Buffer Frame Size To Use:	  1024
[2025.06.21-10.19.00:308][837]LogAudioMixer: Display: 	Number of buffers to queue:			  2
[2025.06.21-10.19.00:308][837]LogAudioMixer: Display: 	Max Channels (voices):				  32
[2025.06.21-10.19.00:308][837]LogAudioMixer: Display: 	Number of Async Source Workers:		  0
[2025.06.21-10.19.00:308][837]LogAudio: Display: AudioDevice MaxSources: 32
[2025.06.21-10.19.00:308][837]LogAudio: Display: Audio Spatialization Plugin: None (built-in).
[2025.06.21-10.19.00:308][837]LogAudio: Display: Audio Reverb Plugin: None (built-in).
[2025.06.21-10.19.00:308][837]LogAudio: Display: Audio Occlusion Plugin: None (built-in).
[2025.06.21-10.19.00:308][837]LogAudioMixer: Display: Initializing audio mixer.
[2025.06.21-10.19.00:311][837]LogAudioMixer: Display: 0: FrontLeft
[2025.06.21-10.19.00:311][837]LogAudioMixer: Display: 1: FrontRight
[2025.06.21-10.19.00:433][837]LogAudioMixer: Display: Using Audio Device Speakers (Realtek(R) Audio)
[2025.06.21-10.19.00:433][837]LogAudioMixer: Display: Initializing Sound Submixes...
[2025.06.21-10.19.00:433][837]LogAudioMixer: Display: Creating Master Submix 'MasterSubmixDefault'
[2025.06.21-10.19.00:433][837]LogAudioMixer: Display: Creating Master Submix 'MasterReverbSubmixDefault'
[2025.06.21-10.19.00:434][837]LogAudioMixer: Display: Creating Master Submix 'MasterEQSubmixDefault'
[2025.06.21-10.19.00:434][837]LogAudioMixer: FMixerPlatformXAudio2::StartAudioStream() called
[2025.06.21-10.19.00:434][837]LogAudioMixer: Display: Output buffers initialized: Frames=1024, Channels=2, Samples=2048
[2025.06.21-10.19.00:435][837]LogAudioMixer: Display: Starting AudioMixerPlatformInterface::RunInternal()
[2025.06.21-10.19.00:435][837]LogAudioMixer: Display: FMixerPlatformXAudio2::SubmitBuffer() called for the first time
[2025.06.21-10.19.00:435][837]LogInit: FAudioDevice initialized.
[2025.06.21-10.19.00:435][837]LogAudio: Display: Audio Device (ID: 9) registered with world 'Dopusk'.
[2025.06.21-10.19.00:451][837]LogSlate: Updating window title bar state: overlay mode, drag disabled, window buttons hidden, title bar hidden
[2025.06.21-10.19.00:452][837]LogLoad: Game class is 'DopuskGamemode_C'
[2025.06.21-10.19.00:453][837]LogWorld: Bringing World /Game/Maps/UEDPIE_0_Dopusk.Dopusk up for play (max tick rate 60) at 2025.06.21-13.19.00
[2025.06.21-10.19.00:453][837]LogWorld: Bringing up level for play took: 0.001074
[2025.06.21-10.19.00:454][837]LogOnline: OSS: Creating online subsystem instance for: :Context_13
[2025.06.21-10.19.00:455][837]LogGameMode: FindPlayerStart: PATHS NOT DEFINED or NO PLAYERSTART with positive rating
[2025.06.21-10.19.00:456][837]LogViewport: Display: Viewport MouseCaptureMode Changed, CapturePermanently_IncludingInitialMouseDown -> CapturePermanently
[2025.06.21-10.19.00:457][837]PIE: Server logged in
[2025.06.21-10.19.00:458][837]PIE: Play in editor total start time 0.182 seconds.
[2025.06.21-10.19.00:482][838]LogRenderer: Reallocating scene render targets to support 1172x672 Format 10 NumSamples 1 (Frame:1).
[2025.06.21-10.19.11:597][502]LogSlate: Updating window title bar state: overlay mode, drag disabled, window buttons hidden, title bar hidden
[2025.06.21-10.19.11:597][502]LogWorld: BeginTearingDown for /Game/Maps/UEDPIE_0_Dopusk
[2025.06.21-10.19.11:597][502]LogSlate: Window 'task1 Preview [NetMode: Standalone]  (64-bit/Windows) ' being destroyed
[2025.06.21-10.19.11:620][502]LogWorld: UWorld::CleanupWorld for Dopusk, bSessionEnded=true, bCleanupResources=true
[2025.06.21-10.19.11:620][502]LogSlate: InvalidateAllWidgets triggered.  All widgets were invalidated
[2025.06.21-10.19.11:637][502]LogPlayLevel: Display: Shutting down PIE online subsystems
[2025.06.21-10.19.11:676][502]LogSlate: InvalidateAllWidgets triggered.  All widgets were invalidated
[2025.06.21-10.19.11:707][502]LogAudioMixer: FMixerPlatformXAudio2::StopAudioStream() called
[2025.06.21-10.19.11:708][502]LogAudioMixer: FMixerPlatformXAudio2::StopAudioStream() called
[2025.06.21-10.19.11:712][502]LogUObjectHash: Compacting FUObjectHashTables data took   1.84ms
[2025.06.21-10.19.11:730][503]LogPlayLevel: Display: Destroying online subsystem :Context_13
[2025.06.21-10.19.16:281][776]LogTemp: Repeating last play command: Selected Viewport
[2025.06.21-10.19.16:285][776]BlueprintLog: New page: Pre-Play auto-recompile
[2025.06.21-10.19.16:288][776]LogPlayLevel: [PlayLevel] Compiling Stanok before play...
[2025.06.21-10.19.16:366][776]LogUObjectHash: Compacting FUObjectHashTables data took   1.96ms
[2025.06.21-10.19.16:367][776]LogPlayLevel: PlayLevel: Blueprint regeneration took 81 ms (1 blueprints)
[2025.06.21-10.19.16:367][776]PIE: New page: PIE session: Dopusk (Jun 21, 2025, 4:19:16 PM)
[2025.06.21-10.19.16:367][776]LogPlayLevel: Creating play world package: /Game/Maps/UEDPIE_0_Dopusk
[2025.06.21-10.19.16:369][776]LogPlayLevel: PIE: StaticDuplicateObject took: (0.001940s)
[2025.06.21-10.19.16:369][776]LogAIModule: Creating AISystem for world Dopusk
[2025.06.21-10.19.16:369][776]LogPlayLevel: PIE: World Init took: (0.000845s)
[2025.06.21-10.19.16:369][776]LogPlayLevel: PIE: Created PIE world by copying editor world from /Game/Maps/Dopusk.Dopusk to /Game/Maps/UEDPIE_0_Dopusk.Dopusk (0.002869s)
[2025.06.21-10.19.16:397][776]LogUObjectHash: Compacting FUObjectHashTables data took   1.50ms
[2025.06.21-10.19.16:397][776]LogAudio: Display: Creating Audio Device:                 Id: 10, Scope: Unique, Realtime: True
[2025.06.21-10.19.16:397][776]LogAudioMixer: Display: Audio Mixer Platform Settings:
[2025.06.21-10.19.16:397][776]LogAudioMixer: Display: 	Sample Rate:						  48000
[2025.06.21-10.19.16:397][776]LogAudioMixer: Display: 	Callback Buffer Frame Size Requested: 1024
[2025.06.21-10.19.16:397][776]LogAudioMixer: Display: 	Callback Buffer Frame Size To Use:	  1024
[2025.06.21-10.19.16:397][776]LogAudioMixer: Display: 	Number of buffers to queue:			  2
[2025.06.21-10.19.16:397][776]LogAudioMixer: Display: 	Max Channels (voices):				  32
[2025.06.21-10.19.16:397][776]LogAudioMixer: Display: 	Number of Async Source Workers:		  0
[2025.06.21-10.19.16:397][776]LogAudio: Display: AudioDevice MaxSources: 32
[2025.06.21-10.19.16:397][776]LogAudio: Display: Audio Spatialization Plugin: None (built-in).
[2025.06.21-10.19.16:397][776]LogAudio: Display: Audio Reverb Plugin: None (built-in).
[2025.06.21-10.19.16:397][776]LogAudio: Display: Audio Occlusion Plugin: None (built-in).
[2025.06.21-10.19.16:397][776]LogAudioMixer: Display: Initializing audio mixer.
[2025.06.21-10.19.16:400][776]LogAudioMixer: Display: 0: FrontLeft
[2025.06.21-10.19.16:400][776]LogAudioMixer: Display: 1: FrontRight
[2025.06.21-10.19.16:521][776]LogAudioMixer: Display: Using Audio Device Speakers (Realtek(R) Audio)
[2025.06.21-10.19.16:521][776]LogAudioMixer: Display: Initializing Sound Submixes...
[2025.06.21-10.19.16:521][776]LogAudioMixer: Display: Creating Master Submix 'MasterSubmixDefault'
[2025.06.21-10.19.16:521][776]LogAudioMixer: Display: Creating Master Submix 'MasterReverbSubmixDefault'
[2025.06.21-10.19.16:522][776]LogAudioMixer: Display: Creating Master Submix 'MasterEQSubmixDefault'
[2025.06.21-10.19.16:522][776]LogAudioMixer: FMixerPlatformXAudio2::StartAudioStream() called
[2025.06.21-10.19.16:522][776]LogAudioMixer: Display: Output buffers initialized: Frames=1024, Channels=2, Samples=2048
[2025.06.21-10.19.16:523][776]LogAudioMixer: Display: Starting AudioMixerPlatformInterface::RunInternal()
[2025.06.21-10.19.16:523][776]LogAudioMixer: Display: FMixerPlatformXAudio2::SubmitBuffer() called for the first time
[2025.06.21-10.19.16:523][776]LogInit: FAudioDevice initialized.
[2025.06.21-10.19.16:523][776]LogAudio: Display: Audio Device (ID: 10) registered with world 'Dopusk'.
[2025.06.21-10.19.16:536][776]LogSlate: Updating window title bar state: overlay mode, drag disabled, window buttons hidden, title bar hidden
[2025.06.21-10.19.16:536][776]LogLoad: Game class is 'DopuskGamemode_C'
[2025.06.21-10.19.16:538][776]LogWorld: Bringing World /Game/Maps/UEDPIE_0_Dopusk.Dopusk up for play (max tick rate 60) at 2025.06.21-13.19.16
[2025.06.21-10.19.16:538][776]LogWorld: Bringing up level for play took: 0.000964
[2025.06.21-10.19.16:538][776]LogOnline: OSS: Creating online subsystem instance for: :Context_14
[2025.06.21-10.19.16:540][776]LogGameMode: FindPlayerStart: PATHS NOT DEFINED or NO PLAYERSTART with positive rating
[2025.06.21-10.19.16:540][776]LogViewport: Display: Viewport MouseCaptureMode Changed, CapturePermanently_IncludingInitialMouseDown -> CapturePermanently
[2025.06.21-10.19.16:543][776]PIE: Server logged in
[2025.06.21-10.19.16:543][776]PIE: Play in editor total start time 0.259 seconds.
[2025.06.21-10.19.16:583][777]LogRenderer: Reallocating scene render targets to support 1172x680 Format 10 NumSamples 1 (Frame:1).
[2025.06.21-10.19.26:617][374]LogSlate: Updating window title bar state: overlay mode, drag disabled, window buttons hidden, title bar hidden
[2025.06.21-10.19.26:617][374]LogWorld: BeginTearingDown for /Game/Maps/UEDPIE_0_Dopusk
[2025.06.21-10.19.26:618][374]LogSlate: Window 'task1 Preview [NetMode: Standalone]  (64-bit/Windows) ' being destroyed
[2025.06.21-10.19.26:638][374]LogWorld: UWorld::CleanupWorld for Dopusk, bSessionEnded=true, bCleanupResources=true
[2025.06.21-10.19.26:639][374]LogSlate: InvalidateAllWidgets triggered.  All widgets were invalidated
[2025.06.21-10.19.26:651][374]LogPlayLevel: Display: Shutting down PIE online subsystems
[2025.06.21-10.19.26:683][374]LogSlate: InvalidateAllWidgets triggered.  All widgets were invalidated
[2025.06.21-10.19.26:696][374]LogAudioMixer: FMixerPlatformXAudio2::StopAudioStream() called
[2025.06.21-10.19.26:698][374]LogAudioMixer: FMixerPlatformXAudio2::StopAudioStream() called
[2025.06.21-10.19.26:704][374]LogUObjectHash: Compacting FUObjectHashTables data took   1.80ms
[2025.06.21-10.19.26:716][375]LogPlayLevel: Display: Destroying online subsystem :Context_14
[2025.06.21-10.19.31:547][662]LogTemp: Repeating last play command: Selected Viewport
[2025.06.21-10.19.31:555][662]BlueprintLog: New page: Pre-Play auto-recompile
[2025.06.21-10.19.31:557][662]LogPlayLevel: [PlayLevel] Compiling Stanok before play...
[2025.06.21-10.19.31:629][662]LogUObjectHash: Compacting FUObjectHashTables data took   1.95ms
[2025.06.21-10.19.31:629][662]LogPlayLevel: PlayLevel: Blueprint regeneration took 75 ms (1 blueprints)
[2025.06.21-10.19.31:629][662]PIE: New page: PIE session: Dopusk (Jun 21, 2025, 4:19:31 PM)
[2025.06.21-10.19.31:629][662]LogPlayLevel: Creating play world package: /Game/Maps/UEDPIE_0_Dopusk
[2025.06.21-10.19.31:632][662]LogPlayLevel: PIE: StaticDuplicateObject took: (0.001904s)
[2025.06.21-10.19.31:632][662]LogAIModule: Creating AISystem for world Dopusk
[2025.06.21-10.19.31:632][662]LogPlayLevel: PIE: World Init took: (0.000955s)
[2025.06.21-10.19.31:633][662]LogPlayLevel: PIE: Created PIE world by copying editor world from /Game/Maps/Dopusk.Dopusk to /Game/Maps/UEDPIE_0_Dopusk.Dopusk (0.002943s)
[2025.06.21-10.19.31:652][662]LogUObjectHash: Compacting FUObjectHashTables data took   1.48ms
[2025.06.21-10.19.31:653][662]LogAudio: Display: Creating Audio Device:                 Id: 11, Scope: Unique, Realtime: True
[2025.06.21-10.19.31:653][662]LogAudioMixer: Display: Audio Mixer Platform Settings:
[2025.06.21-10.19.31:653][662]LogAudioMixer: Display: 	Sample Rate:						  48000
[2025.06.21-10.19.31:653][662]LogAudioMixer: Display: 	Callback Buffer Frame Size Requested: 1024
[2025.06.21-10.19.31:653][662]LogAudioMixer: Display: 	Callback Buffer Frame Size To Use:	  1024
[2025.06.21-10.19.31:653][662]LogAudioMixer: Display: 	Number of buffers to queue:			  2
[2025.06.21-10.19.31:653][662]LogAudioMixer: Display: 	Max Channels (voices):				  32
[2025.06.21-10.19.31:653][662]LogAudioMixer: Display: 	Number of Async Source Workers:		  0
[2025.06.21-10.19.31:653][662]LogAudio: Display: AudioDevice MaxSources: 32
[2025.06.21-10.19.31:653][662]LogAudio: Display: Audio Spatialization Plugin: None (built-in).
[2025.06.21-10.19.31:653][662]LogAudio: Display: Audio Reverb Plugin: None (built-in).
[2025.06.21-10.19.31:653][662]LogAudio: Display: Audio Occlusion Plugin: None (built-in).
[2025.06.21-10.19.31:653][662]LogAudioMixer: Display: Initializing audio mixer.
[2025.06.21-10.19.31:656][662]LogAudioMixer: Display: 0: FrontLeft
[2025.06.21-10.19.31:656][662]LogAudioMixer: Display: 1: FrontRight
[2025.06.21-10.19.31:776][662]LogAudioMixer: Display: Using Audio Device Speakers (Realtek(R) Audio)
[2025.06.21-10.19.31:776][662]LogAudioMixer: Display: Initializing Sound Submixes...
[2025.06.21-10.19.31:776][662]LogAudioMixer: Display: Creating Master Submix 'MasterSubmixDefault'
[2025.06.21-10.19.31:776][662]LogAudioMixer: Display: Creating Master Submix 'MasterReverbSubmixDefault'
[2025.06.21-10.19.31:777][662]LogAudioMixer: Display: Creating Master Submix 'MasterEQSubmixDefault'
[2025.06.21-10.19.31:777][662]LogAudioMixer: FMixerPlatformXAudio2::StartAudioStream() called
[2025.06.21-10.19.31:777][662]LogAudioMixer: Display: Output buffers initialized: Frames=1024, Channels=2, Samples=2048
[2025.06.21-10.19.31:778][662]LogAudioMixer: Display: Starting AudioMixerPlatformInterface::RunInternal()
[2025.06.21-10.19.31:778][662]LogAudioMixer: Display: FMixerPlatformXAudio2::SubmitBuffer() called for the first time
[2025.06.21-10.19.31:778][662]LogInit: FAudioDevice initialized.
[2025.06.21-10.19.31:778][662]LogAudio: Display: Audio Device (ID: 11) registered with world 'Dopusk'.
[2025.06.21-10.19.31:790][662]LogSlate: Updating window title bar state: overlay mode, drag disabled, window buttons hidden, title bar hidden
[2025.06.21-10.19.31:790][662]LogLoad: Game class is 'DopuskGamemode_C'
[2025.06.21-10.19.31:792][662]LogWorld: Bringing World /Game/Maps/UEDPIE_0_Dopusk.Dopusk up for play (max tick rate 60) at 2025.06.21-13.19.31
[2025.06.21-10.19.31:792][662]LogWorld: Bringing up level for play took: 0.000915
[2025.06.21-10.19.31:792][662]LogOnline: OSS: Creating online subsystem instance for: :Context_15
[2025.06.21-10.19.31:793][662]LogGameMode: FindPlayerStart: PATHS NOT DEFINED or NO PLAYERSTART with positive rating
[2025.06.21-10.19.31:794][662]LogViewport: Display: Viewport MouseCaptureMode Changed, CapturePermanently_IncludingInitialMouseDown -> CapturePermanently
[2025.06.21-10.19.31:795][662]PIE: Server logged in
[2025.06.21-10.19.31:795][662]PIE: Play in editor total start time 0.243 seconds.
[2025.06.21-10.19.31:842][663]LogRenderer: Reallocating scene render targets to support 1172x688 Format 10 NumSamples 1 (Frame:1).
[2025.06.21-10.19.44:576][425]LogSlate: Updating window title bar state: overlay mode, drag disabled, window buttons hidden, title bar hidden
[2025.06.21-10.19.44:576][425]LogWorld: BeginTearingDown for /Game/Maps/UEDPIE_0_Dopusk
[2025.06.21-10.19.44:576][425]LogSlate: Window 'task1 Preview [NetMode: Standalone]  (64-bit/Windows) ' being destroyed
[2025.06.21-10.19.44:588][425]LogWorld: UWorld::CleanupWorld for Dopusk, bSessionEnded=true, bCleanupResources=true
[2025.06.21-10.19.44:589][425]LogSlate: InvalidateAllWidgets triggered.  All widgets were invalidated
[2025.06.21-10.19.44:597][425]LogPlayLevel: Display: Shutting down PIE online subsystems
[2025.06.21-10.19.44:627][425]LogSlate: InvalidateAllWidgets triggered.  All widgets were invalidated
[2025.06.21-10.19.44:642][425]LogAudioMixer: FMixerPlatformXAudio2::StopAudioStream() called
[2025.06.21-10.19.44:643][425]LogAudioMixer: FMixerPlatformXAudio2::StopAudioStream() called
[2025.06.21-10.19.44:649][425]LogUObjectHash: Compacting FUObjectHashTables data took   1.73ms
[2025.06.21-10.19.44:666][426]LogPlayLevel: Display: Destroying online subsystem :Context_15
[2025.06.21-10.19.51:752][850]LogTemp: Repeating last play command: Selected Viewport
[2025.06.21-10.19.51:759][850]BlueprintLog: New page: Pre-Play auto-recompile
[2025.06.21-10.19.51:763][850]LogPlayLevel: [PlayLevel] Compiling Stanok before play...
[2025.06.21-10.19.51:845][850]LogUObjectHash: Compacting FUObjectHashTables data took   1.99ms
[2025.06.21-10.19.51:845][850]LogPlayLevel: PlayLevel: Blueprint regeneration took 86 ms (1 blueprints)
[2025.06.21-10.19.51:845][850]PIE: New page: PIE session: Dopusk (Jun 21, 2025, 4:19:51 PM)
[2025.06.21-10.19.51:846][850]LogPlayLevel: Creating play world package: /Game/Maps/UEDPIE_0_Dopusk
[2025.06.21-10.19.51:848][850]LogPlayLevel: PIE: StaticDuplicateObject took: (0.002000s)
[2025.06.21-10.19.51:848][850]LogAIModule: Creating AISystem for world Dopusk
[2025.06.21-10.19.51:849][850]LogPlayLevel: PIE: World Init took: (0.001131s)
[2025.06.21-10.19.51:849][850]LogPlayLevel: PIE: Created PIE world by copying editor world from /Game/Maps/Dopusk.Dopusk to /Game/Maps/UEDPIE_0_Dopusk.Dopusk (0.003222s)
[2025.06.21-10.19.51:875][850]LogUObjectHash: Compacting FUObjectHashTables data took   1.46ms
[2025.06.21-10.19.51:876][850]LogAudio: Display: Creating Audio Device:                 Id: 12, Scope: Unique, Realtime: True
[2025.06.21-10.19.51:876][850]LogAudioMixer: Display: Audio Mixer Platform Settings:
[2025.06.21-10.19.51:876][850]LogAudioMixer: Display: 	Sample Rate:						  48000
[2025.06.21-10.19.51:876][850]LogAudioMixer: Display: 	Callback Buffer Frame Size Requested: 1024
[2025.06.21-10.19.51:876][850]LogAudioMixer: Display: 	Callback Buffer Frame Size To Use:	  1024
[2025.06.21-10.19.51:876][850]LogAudioMixer: Display: 	Number of buffers to queue:			  2
[2025.06.21-10.19.51:876][850]LogAudioMixer: Display: 	Max Channels (voices):				  32
[2025.06.21-10.19.51:876][850]LogAudioMixer: Display: 	Number of Async Source Workers:		  0
[2025.06.21-10.19.51:876][850]LogAudio: Display: AudioDevice MaxSources: 32
[2025.06.21-10.19.51:876][850]LogAudio: Display: Audio Spatialization Plugin: None (built-in).
[2025.06.21-10.19.51:876][850]LogAudio: Display: Audio Reverb Plugin: None (built-in).
[2025.06.21-10.19.51:876][850]LogAudio: Display: Audio Occlusion Plugin: None (built-in).
[2025.06.21-10.19.51:876][850]LogAudioMixer: Display: Initializing audio mixer.
[2025.06.21-10.19.51:879][850]LogAudioMixer: Display: 0: FrontLeft
[2025.06.21-10.19.51:879][850]LogAudioMixer: Display: 1: FrontRight
[2025.06.21-10.19.52:013][850]LogAudioMixer: Display: Using Audio Device Speakers (Realtek(R) Audio)
[2025.06.21-10.19.52:013][850]LogAudioMixer: Display: Initializing Sound Submixes...
[2025.06.21-10.19.52:013][850]LogAudioMixer: Display: Creating Master Submix 'MasterSubmixDefault'
[2025.06.21-10.19.52:013][850]LogAudioMixer: Display: Creating Master Submix 'MasterReverbSubmixDefault'
[2025.06.21-10.19.52:014][850]LogAudioMixer: Display: Creating Master Submix 'MasterEQSubmixDefault'
[2025.06.21-10.19.52:014][850]LogAudioMixer: FMixerPlatformXAudio2::StartAudioStream() called
[2025.06.21-10.19.52:014][850]LogAudioMixer: Display: Output buffers initialized: Frames=1024, Channels=2, Samples=2048
[2025.06.21-10.19.52:015][850]LogAudioMixer: Display: Starting AudioMixerPlatformInterface::RunInternal()
[2025.06.21-10.19.52:015][850]LogAudioMixer: Display: FMixerPlatformXAudio2::SubmitBuffer() called for the first time
[2025.06.21-10.19.52:015][850]LogInit: FAudioDevice initialized.
[2025.06.21-10.19.52:015][850]LogAudio: Display: Audio Device (ID: 12) registered with world 'Dopusk'.
[2025.06.21-10.19.52:029][850]LogSlate: Updating window title bar state: overlay mode, drag disabled, window buttons hidden, title bar hidden
[2025.06.21-10.19.52:029][850]LogLoad: Game class is 'DopuskGamemode_C'
[2025.06.21-10.19.52:031][850]LogWorld: Bringing World /Game/Maps/UEDPIE_0_Dopusk.Dopusk up for play (max tick rate 60) at 2025.06.21-13.19.52
[2025.06.21-10.19.52:031][850]LogWorld: Bringing up level for play took: 0.000968
[2025.06.21-10.19.52:031][850]LogOnline: OSS: Creating online subsystem instance for: :Context_16
[2025.06.21-10.19.52:032][850]LogGameMode: FindPlayerStart: PATHS NOT DEFINED or NO PLAYERSTART with positive rating
[2025.06.21-10.19.52:034][850]LogViewport: Display: Viewport MouseCaptureMode Changed, CapturePermanently_IncludingInitialMouseDown -> CapturePermanently
[2025.06.21-10.19.52:035][850]PIE: Server logged in
[2025.06.21-10.19.52:035][850]PIE: Play in editor total start time 0.278 seconds.
[2025.06.21-10.19.52:074][851]LogRenderer: Reallocating scene render targets to support 1172x692 Format 10 NumSamples 1 (Frame:1).
[2025.06.21-10.20.02:236][457]LogSlate: Updating window title bar state: overlay mode, drag disabled, window buttons hidden, title bar hidden
[2025.06.21-10.20.02:236][457]LogWorld: BeginTearingDown for /Game/Maps/UEDPIE_0_Dopusk
[2025.06.21-10.20.02:236][457]LogSlate: Window 'task1 Preview [NetMode: Standalone]  (64-bit/Windows) ' being destroyed
[2025.06.21-10.20.02:258][457]LogWorld: UWorld::CleanupWorld for Dopusk, bSessionEnded=true, bCleanupResources=true
[2025.06.21-10.20.02:259][457]LogSlate: InvalidateAllWidgets triggered.  All widgets were invalidated
[2025.06.21-10.20.02:269][457]LogPlayLevel: Display: Shutting down PIE online subsystems
[2025.06.21-10.20.02:301][457]LogSlate: InvalidateAllWidgets triggered.  All widgets were invalidated
[2025.06.21-10.20.02:318][457]LogAudioMixer: FMixerPlatformXAudio2::StopAudioStream() called
[2025.06.21-10.20.02:319][457]LogAudioMixer: FMixerPlatformXAudio2::StopAudioStream() called
[2025.06.21-10.20.02:322][457]LogUObjectHash: Compacting FUObjectHashTables data took   1.60ms
[2025.06.21-10.20.02:335][458]LogPlayLevel: Display: Destroying online subsystem :Context_16
[2025.06.21-10.20.18:600][428]LogTemp: Repeating last play command: Selected Viewport
[2025.06.21-10.20.18:605][428]BlueprintLog: New page: Pre-Play auto-recompile
[2025.06.21-10.20.18:608][428]LogPlayLevel: [PlayLevel] Compiling Stanok before play...
[2025.06.21-10.20.18:692][428]LogUObjectHash: Compacting FUObjectHashTables data took   1.74ms
[2025.06.21-10.20.18:693][428]LogPlayLevel: PlayLevel: Blueprint regeneration took 87 ms (1 blueprints)
[2025.06.21-10.20.18:693][428]PIE: New page: PIE session: Dopusk (Jun 21, 2025, 4:20:18 PM)
[2025.06.21-10.20.18:693][428]LogPlayLevel: Creating play world package: /Game/Maps/UEDPIE_0_Dopusk
[2025.06.21-10.20.18:695][428]LogPlayLevel: PIE: StaticDuplicateObject took: (0.001973s)
[2025.06.21-10.20.18:696][428]LogAIModule: Creating AISystem for world Dopusk
[2025.06.21-10.20.18:696][428]LogPlayLevel: PIE: World Init took: (0.000918s)
[2025.06.21-10.20.18:696][428]LogPlayLevel: PIE: Created PIE world by copying editor world from /Game/Maps/Dopusk.Dopusk to /Game/Maps/UEDPIE_0_Dopusk.Dopusk (0.002979s)
[2025.06.21-10.20.18:713][428]LogUObjectHash: Compacting FUObjectHashTables data took   1.50ms
[2025.06.21-10.20.18:713][428]LogAudio: Display: Creating Audio Device:                 Id: 13, Scope: Unique, Realtime: True
[2025.06.21-10.20.18:713][428]LogAudioMixer: Display: Audio Mixer Platform Settings:
[2025.06.21-10.20.18:713][428]LogAudioMixer: Display: 	Sample Rate:						  48000
[2025.06.21-10.20.18:713][428]LogAudioMixer: Display: 	Callback Buffer Frame Size Requested: 1024
[2025.06.21-10.20.18:713][428]LogAudioMixer: Display: 	Callback Buffer Frame Size To Use:	  1024
[2025.06.21-10.20.18:713][428]LogAudioMixer: Display: 	Number of buffers to queue:			  2
[2025.06.21-10.20.18:713][428]LogAudioMixer: Display: 	Max Channels (voices):				  32
[2025.06.21-10.20.18:713][428]LogAudioMixer: Display: 	Number of Async Source Workers:		  0
[2025.06.21-10.20.18:713][428]LogAudio: Display: AudioDevice MaxSources: 32
[2025.06.21-10.20.18:713][428]LogAudio: Display: Audio Spatialization Plugin: None (built-in).
[2025.06.21-10.20.18:713][428]LogAudio: Display: Audio Reverb Plugin: None (built-in).
[2025.06.21-10.20.18:713][428]LogAudio: Display: Audio Occlusion Plugin: None (built-in).
[2025.06.21-10.20.18:713][428]LogAudioMixer: Display: Initializing audio mixer.
[2025.06.21-10.20.18:716][428]LogAudioMixer: Display: 0: FrontLeft
[2025.06.21-10.20.18:716][428]LogAudioMixer: Display: 1: FrontRight
[2025.06.21-10.20.18:849][428]LogAudioMixer: Display: Using Audio Device Speakers (Realtek(R) Audio)
[2025.06.21-10.20.18:849][428]LogAudioMixer: Display: Initializing Sound Submixes...
[2025.06.21-10.20.18:849][428]LogAudioMixer: Display: Creating Master Submix 'MasterSubmixDefault'
[2025.06.21-10.20.18:849][428]LogAudioMixer: Display: Creating Master Submix 'MasterReverbSubmixDefault'
[2025.06.21-10.20.18:850][428]LogAudioMixer: Display: Creating Master Submix 'MasterEQSubmixDefault'
[2025.06.21-10.20.18:850][428]LogAudioMixer: FMixerPlatformXAudio2::StartAudioStream() called
[2025.06.21-10.20.18:850][428]LogAudioMixer: Display: Output buffers initialized: Frames=1024, Channels=2, Samples=2048
[2025.06.21-10.20.18:851][428]LogAudioMixer: Display: Starting AudioMixerPlatformInterface::RunInternal()
[2025.06.21-10.20.18:851][428]LogAudioMixer: Display: FMixerPlatformXAudio2::SubmitBuffer() called for the first time
[2025.06.21-10.20.18:851][428]LogInit: FAudioDevice initialized.
[2025.06.21-10.20.18:851][428]LogAudio: Display: Audio Device (ID: 13) registered with world 'Dopusk'.
[2025.06.21-10.20.18:869][428]LogSlate: Updating window title bar state: overlay mode, drag disabled, window buttons hidden, title bar hidden
[2025.06.21-10.20.18:869][428]LogLoad: Game class is 'DopuskGamemode_C'
[2025.06.21-10.20.18:871][428]LogWorld: Bringing World /Game/Maps/UEDPIE_0_Dopusk.Dopusk up for play (max tick rate 60) at 2025.06.21-13.20.18
[2025.06.21-10.20.18:871][428]LogWorld: Bringing up level for play took: 0.000969
[2025.06.21-10.20.18:871][428]LogOnline: OSS: Creating online subsystem instance for: :Context_17
[2025.06.21-10.20.18:872][428]LogGameMode: FindPlayerStart: PATHS NOT DEFINED or NO PLAYERSTART with positive rating
[2025.06.21-10.20.18:873][428]LogViewport: Display: Viewport MouseCaptureMode Changed, CapturePermanently_IncludingInitialMouseDown -> CapturePermanently
[2025.06.21-10.20.18:874][428]PIE: Server logged in
[2025.06.21-10.20.18:875][428]PIE: Play in editor total start time 0.272 seconds.
[2025.06.21-10.20.18:915][429]LogRenderer: Reallocating scene render targets to support 1172x700 Format 10 NumSamples 1 (Frame:1).
[2025.06.21-10.20.48:206][182]LogSlate: Updating window title bar state: overlay mode, drag disabled, window buttons hidden, title bar hidden
[2025.06.21-10.20.48:206][182]LogWorld: BeginTearingDown for /Game/Maps/UEDPIE_0_Dopusk
[2025.06.21-10.20.48:206][182]LogSlate: Window 'task1 Preview [NetMode: Standalone]  (64-bit/Windows) ' being destroyed
[2025.06.21-10.20.48:217][182]LogWorld: UWorld::CleanupWorld for Dopusk, bSessionEnded=true, bCleanupResources=true
[2025.06.21-10.20.48:218][182]LogSlate: InvalidateAllWidgets triggered.  All widgets were invalidated
[2025.06.21-10.20.48:227][182]LogPlayLevel: Display: Shutting down PIE online subsystems
[2025.06.21-10.20.48:260][182]LogSlate: InvalidateAllWidgets triggered.  All widgets were invalidated
[2025.06.21-10.20.48:279][182]LogAudioMixer: FMixerPlatformXAudio2::StopAudioStream() called
[2025.06.21-10.20.48:280][182]LogAudioMixer: FMixerPlatformXAudio2::StopAudioStream() called
[2025.06.21-10.20.48:284][182]LogUObjectHash: Compacting FUObjectHashTables data took   1.70ms
[2025.06.21-10.20.48:298][183]LogPlayLevel: Display: Destroying online subsystem :Context_17
[2025.06.21-10.20.56:352][665]LogTemp: Repeating last play command: Selected Viewport
[2025.06.21-10.20.56:359][665]BlueprintLog: New page: Pre-Play auto-recompile
[2025.06.21-10.20.56:362][665]LogPlayLevel: [PlayLevel] Compiling Stanok before play...
[2025.06.21-10.20.56:445][665]LogUObjectHash: Compacting FUObjectHashTables data took   1.96ms
[2025.06.21-10.20.56:446][665]LogPlayLevel: PlayLevel: Blueprint regeneration took 86 ms (1 blueprints)
[2025.06.21-10.20.56:446][665]PIE: New page: PIE session: Dopusk (Jun 21, 2025, 4:20:56 PM)
[2025.06.21-10.20.56:446][665]LogPlayLevel: Creating play world package: /Game/Maps/UEDPIE_0_Dopusk
[2025.06.21-10.20.56:448][665]LogPlayLevel: PIE: StaticDuplicateObject took: (0.002001s)
[2025.06.21-10.20.56:449][665]LogAIModule: Creating AISystem for world Dopusk
[2025.06.21-10.20.56:449][665]LogPlayLevel: PIE: World Init took: (0.000905s)
[2025.06.21-10.20.56:449][665]LogPlayLevel: PIE: Created PIE world by copying editor world from /Game/Maps/Dopusk.Dopusk to /Game/Maps/UEDPIE_0_Dopusk.Dopusk (0.002991s)
[2025.06.21-10.20.56:480][665]LogUObjectHash: Compacting FUObjectHashTables data took   1.50ms
[2025.06.21-10.20.56:480][665]LogAudio: Display: Creating Audio Device:                 Id: 14, Scope: Unique, Realtime: True
[2025.06.21-10.20.56:480][665]LogAudioMixer: Display: Audio Mixer Platform Settings:
[2025.06.21-10.20.56:480][665]LogAudioMixer: Display: 	Sample Rate:						  48000
[2025.06.21-10.20.56:481][665]LogAudioMixer: Display: 	Callback Buffer Frame Size Requested: 1024
[2025.06.21-10.20.56:481][665]LogAudioMixer: Display: 	Callback Buffer Frame Size To Use:	  1024
[2025.06.21-10.20.56:481][665]LogAudioMixer: Display: 	Number of buffers to queue:			  2
[2025.06.21-10.20.56:481][665]LogAudioMixer: Display: 	Max Channels (voices):				  32
[2025.06.21-10.20.56:481][665]LogAudioMixer: Display: 	Number of Async Source Workers:		  0
[2025.06.21-10.20.56:481][665]LogAudio: Display: AudioDevice MaxSources: 32
[2025.06.21-10.20.56:481][665]LogAudio: Display: Audio Spatialization Plugin: None (built-in).
[2025.06.21-10.20.56:481][665]LogAudio: Display: Audio Reverb Plugin: None (built-in).
[2025.06.21-10.20.56:481][665]LogAudio: Display: Audio Occlusion Plugin: None (built-in).
[2025.06.21-10.20.56:481][665]LogAudioMixer: Display: Initializing audio mixer.
[2025.06.21-10.20.56:483][665]LogAudioMixer: Display: 0: FrontLeft
[2025.06.21-10.20.56:483][665]LogAudioMixer: Display: 1: FrontRight
[2025.06.21-10.20.56:606][665]LogAudioMixer: Display: Using Audio Device Speakers (Realtek(R) Audio)
[2025.06.21-10.20.56:607][665]LogAudioMixer: Display: Initializing Sound Submixes...
[2025.06.21-10.20.56:607][665]LogAudioMixer: Display: Creating Master Submix 'MasterSubmixDefault'
[2025.06.21-10.20.56:607][665]LogAudioMixer: Display: Creating Master Submix 'MasterReverbSubmixDefault'
[2025.06.21-10.20.56:607][665]LogAudioMixer: Display: Creating Master Submix 'MasterEQSubmixDefault'
[2025.06.21-10.20.56:607][665]LogAudioMixer: FMixerPlatformXAudio2::StartAudioStream() called
[2025.06.21-10.20.56:607][665]LogAudioMixer: Display: Output buffers initialized: Frames=1024, Channels=2, Samples=2048
[2025.06.21-10.20.56:608][665]LogAudioMixer: Display: Starting AudioMixerPlatformInterface::RunInternal()
[2025.06.21-10.20.56:608][665]LogAudioMixer: Display: FMixerPlatformXAudio2::SubmitBuffer() called for the first time
[2025.06.21-10.20.56:608][665]LogInit: FAudioDevice initialized.
[2025.06.21-10.20.56:608][665]LogAudio: Display: Audio Device (ID: 14) registered with world 'Dopusk'.
[2025.06.21-10.20.56:627][665]LogSlate: Updating window title bar state: overlay mode, drag disabled, window buttons hidden, title bar hidden
[2025.06.21-10.20.56:627][665]LogLoad: Game class is 'DopuskGamemode_C'
[2025.06.21-10.20.56:628][665]LogWorld: Bringing World /Game/Maps/UEDPIE_0_Dopusk.Dopusk up for play (max tick rate 60) at 2025.06.21-13.20.56
[2025.06.21-10.20.56:629][665]LogWorld: Bringing up level for play took: 0.000998
[2025.06.21-10.20.56:629][665]LogOnline: OSS: Creating online subsystem instance for: :Context_18
[2025.06.21-10.20.56:630][665]LogGameMode: FindPlayerStart: PATHS NOT DEFINED or NO PLAYERSTART with positive rating
[2025.06.21-10.20.56:631][665]LogViewport: Display: Viewport MouseCaptureMode Changed, CapturePermanently_IncludingInitialMouseDown -> CapturePermanently
[2025.06.21-10.20.56:632][665]PIE: Server logged in
[2025.06.21-10.20.56:632][665]PIE: Play in editor total start time 0.276 seconds.
[2025.06.21-10.20.56:670][666]LogRenderer: Reallocating scene render targets to support 1172x704 Format 10 NumSamples 1 (Frame:1).
[2025.06.21-10.20.58:386][765]LogSlate: Updating window title bar state: overlay mode, drag disabled, window buttons hidden, title bar hidden
[2025.06.21-10.20.58:386][765]LogWorld: BeginTearingDown for /Game/Maps/UEDPIE_0_Dopusk
[2025.06.21-10.20.58:386][765]LogSlate: Window 'task1 Preview [NetMode: Standalone]  (64-bit/Windows) ' being destroyed
[2025.06.21-10.20.58:397][765]LogWorld: UWorld::CleanupWorld for Dopusk, bSessionEnded=true, bCleanupResources=true
[2025.06.21-10.20.58:397][765]LogSlate: InvalidateAllWidgets triggered.  All widgets were invalidated
[2025.06.21-10.20.58:408][765]LogPlayLevel: Display: Shutting down PIE online subsystems
[2025.06.21-10.20.58:437][765]LogSlate: InvalidateAllWidgets triggered.  All widgets were invalidated
[2025.06.21-10.20.58:455][765]LogAudioMixer: FMixerPlatformXAudio2::StopAudioStream() called
[2025.06.21-10.20.58:456][765]LogAudioMixer: FMixerPlatformXAudio2::StopAudioStream() called
[2025.06.21-10.20.58:461][765]LogUObjectHash: Compacting FUObjectHashTables data took   1.55ms
[2025.06.21-10.20.58:473][766]LogPlayLevel: Display: Destroying online subsystem :Context_18
[2025.06.21-10.21.02:894][ 30]LogTemp: Repeating last play command: Selected Viewport
[2025.06.21-10.21.02:901][ 30]BlueprintLog: New page: Pre-Play auto-recompile
[2025.06.21-10.21.02:905][ 30]LogPlayLevel: [PlayLevel] Compiling Stanok before play...
[2025.06.21-10.21.02:984][ 30]LogUObjectHash: Compacting FUObjectHashTables data took   2.05ms
[2025.06.21-10.21.02:984][ 30]LogPlayLevel: PlayLevel: Blueprint regeneration took 83 ms (1 blueprints)
[2025.06.21-10.21.02:984][ 30]PIE: New page: PIE session: Dopusk (Jun 21, 2025, 4:21:02 PM)
[2025.06.21-10.21.02:984][ 30]LogPlayLevel: Creating play world package: /Game/Maps/UEDPIE_0_Dopusk
[2025.06.21-10.21.02:986][ 30]LogPlayLevel: PIE: StaticDuplicateObject took: (0.002003s)
[2025.06.21-10.21.02:987][ 30]LogAIModule: Creating AISystem for world Dopusk
[2025.06.21-10.21.02:987][ 30]LogPlayLevel: PIE: World Init took: (0.000915s)
[2025.06.21-10.21.02:987][ 30]LogPlayLevel: PIE: Created PIE world by copying editor world from /Game/Maps/Dopusk.Dopusk to /Game/Maps/UEDPIE_0_Dopusk.Dopusk (0.003007s)
[2025.06.21-10.21.03:007][ 30]LogUObjectHash: Compacting FUObjectHashTables data took   1.46ms
[2025.06.21-10.21.03:007][ 30]LogAudio: Display: Creating Audio Device:                 Id: 15, Scope: Unique, Realtime: True
[2025.06.21-10.21.03:007][ 30]LogAudioMixer: Display: Audio Mixer Platform Settings:
[2025.06.21-10.21.03:007][ 30]LogAudioMixer: Display: 	Sample Rate:						  48000
[2025.06.21-10.21.03:007][ 30]LogAudioMixer: Display: 	Callback Buffer Frame Size Requested: 1024
[2025.06.21-10.21.03:007][ 30]LogAudioMixer: Display: 	Callback Buffer Frame Size To Use:	  1024
[2025.06.21-10.21.03:007][ 30]LogAudioMixer: Display: 	Number of buffers to queue:			  2
[2025.06.21-10.21.03:007][ 30]LogAudioMixer: Display: 	Max Channels (voices):				  32
[2025.06.21-10.21.03:007][ 30]LogAudioMixer: Display: 	Number of Async Source Workers:		  0
[2025.06.21-10.21.03:007][ 30]LogAudio: Display: AudioDevice MaxSources: 32
[2025.06.21-10.21.03:008][ 30]LogAudio: Display: Audio Spatialization Plugin: None (built-in).
[2025.06.21-10.21.03:008][ 30]LogAudio: Display: Audio Reverb Plugin: None (built-in).
[2025.06.21-10.21.03:008][ 30]LogAudio: Display: Audio Occlusion Plugin: None (built-in).
[2025.06.21-10.21.03:008][ 30]LogAudioMixer: Display: Initializing audio mixer.
[2025.06.21-10.21.03:010][ 30]LogAudioMixer: Display: 0: FrontLeft
[2025.06.21-10.21.03:010][ 30]LogAudioMixer: Display: 1: FrontRight
[2025.06.21-10.21.03:144][ 30]LogAudioMixer: Display: Using Audio Device Speakers (Realtek(R) Audio)
[2025.06.21-10.21.03:145][ 30]LogAudioMixer: Display: Initializing Sound Submixes...
[2025.06.21-10.21.03:145][ 30]LogAudioMixer: Display: Creating Master Submix 'MasterSubmixDefault'
[2025.06.21-10.21.03:145][ 30]LogAudioMixer: Display: Creating Master Submix 'MasterReverbSubmixDefault'
[2025.06.21-10.21.03:145][ 30]LogAudioMixer: Display: Creating Master Submix 'MasterEQSubmixDefault'
[2025.06.21-10.21.03:145][ 30]LogAudioMixer: FMixerPlatformXAudio2::StartAudioStream() called
[2025.06.21-10.21.03:145][ 30]LogAudioMixer: Display: Output buffers initialized: Frames=1024, Channels=2, Samples=2048
[2025.06.21-10.21.03:146][ 30]LogAudioMixer: Display: Starting AudioMixerPlatformInterface::RunInternal()
[2025.06.21-10.21.03:146][ 30]LogAudioMixer: Display: FMixerPlatformXAudio2::SubmitBuffer() called for the first time
[2025.06.21-10.21.03:146][ 30]LogInit: FAudioDevice initialized.
[2025.06.21-10.21.03:146][ 30]LogAudio: Display: Audio Device (ID: 15) registered with world 'Dopusk'.
[2025.06.21-10.21.03:166][ 30]LogSlate: Updating window title bar state: overlay mode, drag disabled, window buttons hidden, title bar hidden
[2025.06.21-10.21.03:166][ 30]LogLoad: Game class is 'DopuskGamemode_C'
[2025.06.21-10.21.03:168][ 30]LogWorld: Bringing World /Game/Maps/UEDPIE_0_Dopusk.Dopusk up for play (max tick rate 60) at 2025.06.21-13.21.03
[2025.06.21-10.21.03:168][ 30]LogWorld: Bringing up level for play took: 0.000935
[2025.06.21-10.21.03:168][ 30]LogOnline: OSS: Creating online subsystem instance for: :Context_19
[2025.06.21-10.21.03:170][ 30]LogGameMode: FindPlayerStart: PATHS NOT DEFINED or NO PLAYERSTART with positive rating
[2025.06.21-10.21.03:170][ 30]LogViewport: Display: Viewport MouseCaptureMode Changed, CapturePermanently_IncludingInitialMouseDown -> CapturePermanently
[2025.06.21-10.21.03:171][ 30]PIE: Server logged in
[2025.06.21-10.21.03:172][ 30]PIE: Play in editor total start time 0.273 seconds.
[2025.06.21-10.21.03:211][ 31]LogRenderer: Reallocating scene render targets to support 1172x712 Format 10 NumSamples 1 (Frame:1).
[2025.06.21-10.21.03:894][ 70]LogSlate: Updating window title bar state: overlay mode, drag disabled, window buttons hidden, title bar hidden
[2025.06.21-10.21.03:894][ 70]LogWorld: BeginTearingDown for /Game/Maps/UEDPIE_0_Dopusk
[2025.06.21-10.21.03:895][ 70]LogSlate: Window 'task1 Preview [NetMode: Standalone]  (64-bit/Windows) ' being destroyed
[2025.06.21-10.21.03:903][ 70]LogWorld: UWorld::CleanupWorld for Dopusk, bSessionEnded=true, bCleanupResources=true
[2025.06.21-10.21.03:903][ 70]LogSlate: InvalidateAllWidgets triggered.  All widgets were invalidated
[2025.06.21-10.21.03:914][ 70]LogPlayLevel: Display: Shutting down PIE online subsystems
[2025.06.21-10.21.03:945][ 70]LogSlate: InvalidateAllWidgets triggered.  All widgets were invalidated
[2025.06.21-10.21.03:964][ 70]LogAudioMixer: FMixerPlatformXAudio2::StopAudioStream() called
[2025.06.21-10.21.03:965][ 70]LogAudioMixer: FMixerPlatformXAudio2::StopAudioStream() called
[2025.06.21-10.21.03:971][ 70]LogUObjectHash: Compacting FUObjectHashTables data took   1.75ms
[2025.06.21-10.21.03:987][ 71]LogPlayLevel: Display: Destroying online subsystem :Context_19
[2025.06.21-10.21.04:580][107]LogEditorTransaction: Undo Change Number Pin Value
[2025.06.21-10.21.05:040][131]LogEditorTransaction: Undo Change Number Pin Value
[2025.06.21-10.21.05:591][160]LogEditorTransaction: Undo Change Number Pin Value
[2025.06.21-10.21.07:504][268]BlueprintLog: New page: Compile Stanok
[2025.06.21-10.21.07:567][268]LogUObjectHash: Compacting FUObjectHashTables data took   2.06ms
[2025.06.21-10.21.08:226][303]LogUObjectHash: Compacting FUObjectHashTables data took   3.00ms
[2025.06.21-10.21.08:269][303]Cmd: OBJ SAVEPACKAGE PACKAGE="/Game/Maps/Dopusk" FILE="../../../../../../Users/eghah/Desktop/diplom/task1/Content/Maps/Dopusk.umap" SILENT=true AUTOSAVING=false KEEPDIRTY=false
[2025.06.21-10.21.08:302][303]LogUObjectHash: Compacting FUObjectHashTables data took   0.62ms
[2025.06.21-10.21.08:308][303]LogSavePackage: Moving '../../../../../../Users/eghah/Desktop/diplom/task1/Saved/Dopusk9D00B5C049002A139E6731AE8424FEF9.tmp' to '../../../../../../Users/eghah/Desktop/diplom/task1/Content/Maps/Dopusk.umap'
[2025.06.21-10.21.08:312][303]LogFileHelpers: Saving map 'Dopusk' took 0.042
[2025.06.21-10.21.08:334][303]Cmd: OBJ SAVEPACKAGE PACKAGE="/Game/Dopuski/Stanok" FILE="../../../../../../Users/eghah/Desktop/diplom/task1/Content/Dopuski/Stanok.uasset" SILENT=true
[2025.06.21-10.21.08:402][303]LogSavePackage: Moving '../../../../../../Users/eghah/Desktop/diplom/task1/Saved/StanokF05AF3BF41B37FFAC35F748A119E0B69.tmp' to '../../../../../../Users/eghah/Desktop/diplom/task1/Content/Dopuski/Stanok.uasset'
[2025.06.21-10.21.08:422][303]AssetCheck: New page: Asset Save: multiple assets
[2025.06.21-10.21.08:422][303]LogContentValidation: Display: Validating Blueprint /Game/Dopuski/Stanok.Stanok
[2025.06.21-10.21.08:422][303]LogContentValidation: Display: Validating World /Game/Maps/Dopusk.Dopusk
[2025.06.21-10.21.09:356][359]LogTemp: Repeating last play command: Selected Viewport
[2025.06.21-10.21.09:365][359]LogPlayLevel: PlayLevel: No blueprints needed recompiling
[2025.06.21-10.21.09:365][359]PIE: New page: PIE session: Dopusk (Jun 21, 2025, 4:21:09 PM)
[2025.06.21-10.21.09:365][359]LogPlayLevel: Creating play world package: /Game/Maps/UEDPIE_0_Dopusk
[2025.06.21-10.21.09:368][359]LogPlayLevel: PIE: StaticDuplicateObject took: (0.002397s)
[2025.06.21-10.21.09:369][359]LogAIModule: Creating AISystem for world Dopusk
[2025.06.21-10.21.09:369][359]LogPlayLevel: PIE: World Init took: (0.000952s)
[2025.06.21-10.21.09:369][359]LogPlayLevel: PIE: Created PIE world by copying editor world from /Game/Maps/Dopusk.Dopusk to /Game/Maps/UEDPIE_0_Dopusk.Dopusk (0.003453s)
[2025.06.21-10.21.09:390][359]LogUObjectHash: Compacting FUObjectHashTables data took   1.28ms
[2025.06.21-10.21.09:390][359]LogAudio: Display: Creating Audio Device:                 Id: 16, Scope: Unique, Realtime: True
[2025.06.21-10.21.09:390][359]LogAudioMixer: Display: Audio Mixer Platform Settings:
[2025.06.21-10.21.09:390][359]LogAudioMixer: Display: 	Sample Rate:						  48000
[2025.06.21-10.21.09:390][359]LogAudioMixer: Display: 	Callback Buffer Frame Size Requested: 1024
[2025.06.21-10.21.09:390][359]LogAudioMixer: Display: 	Callback Buffer Frame Size To Use:	  1024
[2025.06.21-10.21.09:390][359]LogAudioMixer: Display: 	Number of buffers to queue:			  2
[2025.06.21-10.21.09:390][359]LogAudioMixer: Display: 	Max Channels (voices):				  32
[2025.06.21-10.21.09:390][359]LogAudioMixer: Display: 	Number of Async Source Workers:		  0
[2025.06.21-10.21.09:390][359]LogAudio: Display: AudioDevice MaxSources: 32
[2025.06.21-10.21.09:392][359]LogAudio: Display: Audio Spatialization Plugin: None (built-in).
[2025.06.21-10.21.09:392][359]LogAudio: Display: Audio Reverb Plugin: None (built-in).
[2025.06.21-10.21.09:392][359]LogAudio: Display: Audio Occlusion Plugin: None (built-in).
[2025.06.21-10.21.09:392][359]LogAudioMixer: Display: Initializing audio mixer.
[2025.06.21-10.21.09:394][359]LogAudioMixer: Display: 0: FrontLeft
[2025.06.21-10.21.09:394][359]LogAudioMixer: Display: 1: FrontRight
[2025.06.21-10.21.09:512][359]LogAudioMixer: Display: Using Audio Device Speakers (Realtek(R) Audio)
[2025.06.21-10.21.09:512][359]LogAudioMixer: Display: Initializing Sound Submixes...
[2025.06.21-10.21.09:512][359]LogAudioMixer: Display: Creating Master Submix 'MasterSubmixDefault'
[2025.06.21-10.21.09:513][359]LogAudioMixer: Display: Creating Master Submix 'MasterReverbSubmixDefault'
[2025.06.21-10.21.09:513][359]LogAudioMixer: Display: Creating Master Submix 'MasterEQSubmixDefault'
[2025.06.21-10.21.09:513][359]LogAudioMixer: FMixerPlatformXAudio2::StartAudioStream() called
[2025.06.21-10.21.09:513][359]LogAudioMixer: Display: Output buffers initialized: Frames=1024, Channels=2, Samples=2048
[2025.06.21-10.21.09:514][359]LogAudioMixer: Display: Starting AudioMixerPlatformInterface::RunInternal()
[2025.06.21-10.21.09:514][359]LogAudioMixer: Display: FMixerPlatformXAudio2::SubmitBuffer() called for the first time
[2025.06.21-10.21.09:514][359]LogInit: FAudioDevice initialized.
[2025.06.21-10.21.09:514][359]LogAudio: Display: Audio Device (ID: 16) registered with world 'Dopusk'.
[2025.06.21-10.21.09:531][359]LogSlate: Updating window title bar state: overlay mode, drag disabled, window buttons hidden, title bar hidden
[2025.06.21-10.21.09:531][359]LogLoad: Game class is 'DopuskGamemode_C'
[2025.06.21-10.21.09:532][359]LogWorld: Bringing World /Game/Maps/UEDPIE_0_Dopusk.Dopusk up for play (max tick rate 60) at 2025.06.21-13.21.09
[2025.06.21-10.21.09:532][359]LogWorld: Bringing up level for play took: 0.000969
[2025.06.21-10.21.09:532][359]LogOnline: OSS: Creating online subsystem instance for: :Context_20
[2025.06.21-10.21.09:534][359]LogGameMode: FindPlayerStart: PATHS NOT DEFINED or NO PLAYERSTART with positive rating
[2025.06.21-10.21.09:535][359]LogViewport: Display: Viewport MouseCaptureMode Changed, CapturePermanently_IncludingInitialMouseDown -> CapturePermanently
[2025.06.21-10.21.09:536][359]PIE: Server logged in
[2025.06.21-10.21.09:536][359]PIE: Play in editor total start time 0.176 seconds.
[2025.06.21-10.21.09:564][360]LogRenderer: Reallocating scene render targets to support 1172x720 Format 10 NumSamples 1 (Frame:1).
[2025.06.21-10.21.10:245][398]LogSlate: Updating window title bar state: overlay mode, drag disabled, window buttons hidden, title bar hidden
[2025.06.21-10.21.10:245][398]LogWorld: BeginTearingDown for /Game/Maps/UEDPIE_0_Dopusk
[2025.06.21-10.21.10:246][398]LogSlate: Window 'task1 Preview [NetMode: Standalone]  (64-bit/Windows) ' being destroyed
[2025.06.21-10.21.10:255][398]LogWorld: UWorld::CleanupWorld for Dopusk, bSessionEnded=true, bCleanupResources=true
[2025.06.21-10.21.10:255][398]LogSlate: InvalidateAllWidgets triggered.  All widgets were invalidated
[2025.06.21-10.21.10:262][398]LogPlayLevel: Display: Shutting down PIE online subsystems
[2025.06.21-10.21.10:292][398]LogSlate: InvalidateAllWidgets triggered.  All widgets were invalidated
[2025.06.21-10.21.10:312][398]LogAudioMixer: FMixerPlatformXAudio2::StopAudioStream() called
[2025.06.21-10.21.10:313][398]LogAudioMixer: FMixerPlatformXAudio2::StopAudioStream() called
[2025.06.21-10.21.10:317][398]LogUObjectHash: Compacting FUObjectHashTables data took   1.57ms
[2025.06.21-10.21.10:334][399]LogPlayLevel: Display: Destroying online subsystem :Context_20
[2025.06.21-10.21.14:136][627]BlueprintLog: New page: Compile Stanok
[2025.06.21-10.21.14:209][627]LogUObjectHash: Compacting FUObjectHashTables data took   1.52ms
[2025.06.21-10.21.14:856][661]LogUObjectHash: Compacting FUObjectHashTables data took   1.82ms
[2025.06.21-10.21.14:885][661]Cmd: OBJ SAVEPACKAGE PACKAGE="/Game/Maps/Dopusk" FILE="../../../../../../Users/eghah/Desktop/diplom/task1/Content/Maps/Dopusk.umap" SILENT=true AUTOSAVING=false KEEPDIRTY=false
[2025.06.21-10.21.14:913][661]LogUObjectHash: Compacting FUObjectHashTables data took   0.49ms
[2025.06.21-10.21.14:919][661]LogSavePackage: Moving '../../../../../../Users/eghah/Desktop/diplom/task1/Saved/DopuskA84F25EB406B7CB31E8A38836E7C5577.tmp' to '../../../../../../Users/eghah/Desktop/diplom/task1/Content/Maps/Dopusk.umap'
[2025.06.21-10.21.14:923][661]LogFileHelpers: Saving map 'Dopusk' took 0.039
[2025.06.21-10.21.14:946][661]Cmd: OBJ SAVEPACKAGE PACKAGE="/Game/Dopuski/Stanok" FILE="../../../../../../Users/eghah/Desktop/diplom/task1/Content/Dopuski/Stanok.uasset" SILENT=true
[2025.06.21-10.21.15:014][661]LogSavePackage: Moving '../../../../../../Users/eghah/Desktop/diplom/task1/Saved/Stanok4CEDC65F41094D485C7692B43E174893.tmp' to '../../../../../../Users/eghah/Desktop/diplom/task1/Content/Dopuski/Stanok.uasset'
[2025.06.21-10.21.15:030][661]AssetCheck: New page: Asset Save: multiple assets
[2025.06.21-10.21.15:030][661]LogContentValidation: Display: Validating Blueprint /Game/Dopuski/Stanok.Stanok
[2025.06.21-10.21.15:030][661]LogContentValidation: Display: Validating World /Game/Maps/Dopusk.Dopusk
[2025.06.21-10.21.15:851][711]LogTemp: Repeating last play command: Selected Viewport
[2025.06.21-10.21.15:857][711]LogPlayLevel: PlayLevel: No blueprints needed recompiling
[2025.06.21-10.21.15:857][711]PIE: New page: PIE session: Dopusk (Jun 21, 2025, 4:21:15 PM)
[2025.06.21-10.21.15:857][711]LogPlayLevel: Creating play world package: /Game/Maps/UEDPIE_0_Dopusk
[2025.06.21-10.21.15:860][711]LogPlayLevel: PIE: StaticDuplicateObject took: (0.002643s)
[2025.06.21-10.21.15:860][711]LogAIModule: Creating AISystem for world Dopusk
[2025.06.21-10.21.15:860][711]LogPlayLevel: PIE: World Init took: (0.001035s)
[2025.06.21-10.21.15:860][711]LogPlayLevel: PIE: Created PIE world by copying editor world from /Game/Maps/Dopusk.Dopusk to /Game/Maps/UEDPIE_0_Dopusk.Dopusk (0.003781s)
[2025.06.21-10.21.15:883][711]LogUObjectHash: Compacting FUObjectHashTables data took   1.38ms
[2025.06.21-10.21.15:884][711]LogAudio: Display: Creating Audio Device:                 Id: 17, Scope: Unique, Realtime: True
[2025.06.21-10.21.15:884][711]LogAudioMixer: Display: Audio Mixer Platform Settings:
[2025.06.21-10.21.15:884][711]LogAudioMixer: Display: 	Sample Rate:						  48000
[2025.06.21-10.21.15:884][711]LogAudioMixer: Display: 	Callback Buffer Frame Size Requested: 1024
[2025.06.21-10.21.15:884][711]LogAudioMixer: Display: 	Callback Buffer Frame Size To Use:	  1024
[2025.06.21-10.21.15:884][711]LogAudioMixer: Display: 	Number of buffers to queue:			  2
[2025.06.21-10.21.15:884][711]LogAudioMixer: Display: 	Max Channels (voices):				  32
[2025.06.21-10.21.15:884][711]LogAudioMixer: Display: 	Number of Async Source Workers:		  0
[2025.06.21-10.21.15:884][711]LogAudio: Display: AudioDevice MaxSources: 32
[2025.06.21-10.21.15:884][711]LogAudio: Display: Audio Spatialization Plugin: None (built-in).
[2025.06.21-10.21.15:884][711]LogAudio: Display: Audio Reverb Plugin: None (built-in).
[2025.06.21-10.21.15:884][711]LogAudio: Display: Audio Occlusion Plugin: None (built-in).
[2025.06.21-10.21.15:884][711]LogAudioMixer: Display: Initializing audio mixer.
[2025.06.21-10.21.15:887][711]LogAudioMixer: Display: 0: FrontLeft
[2025.06.21-10.21.15:887][711]LogAudioMixer: Display: 1: FrontRight
[2025.06.21-10.21.16:010][711]LogAudioMixer: Display: Using Audio Device Speakers (Realtek(R) Audio)
[2025.06.21-10.21.16:010][711]LogAudioMixer: Display: Initializing Sound Submixes...
[2025.06.21-10.21.16:010][711]LogAudioMixer: Display: Creating Master Submix 'MasterSubmixDefault'
[2025.06.21-10.21.16:010][711]LogAudioMixer: Display: Creating Master Submix 'MasterReverbSubmixDefault'
[2025.06.21-10.21.16:010][711]LogAudioMixer: Display: Creating Master Submix 'MasterEQSubmixDefault'
[2025.06.21-10.21.16:010][711]LogAudioMixer: FMixerPlatformXAudio2::StartAudioStream() called
[2025.06.21-10.21.16:010][711]LogAudioMixer: Display: Output buffers initialized: Frames=1024, Channels=2, Samples=2048
[2025.06.21-10.21.16:012][711]LogAudioMixer: Display: Starting AudioMixerPlatformInterface::RunInternal()
[2025.06.21-10.21.16:012][711]LogAudioMixer: Display: FMixerPlatformXAudio2::SubmitBuffer() called for the first time
[2025.06.21-10.21.16:012][711]LogInit: FAudioDevice initialized.
[2025.06.21-10.21.16:012][711]LogAudio: Display: Audio Device (ID: 17) registered with world 'Dopusk'.
[2025.06.21-10.21.16:027][711]LogSlate: Updating window title bar state: overlay mode, drag disabled, window buttons hidden, title bar hidden
[2025.06.21-10.21.16:027][711]LogLoad: Game class is 'DopuskGamemode_C'
[2025.06.21-10.21.16:028][711]LogWorld: Bringing World /Game/Maps/UEDPIE_0_Dopusk.Dopusk up for play (max tick rate 60) at 2025.06.21-13.21.16
[2025.06.21-10.21.16:029][711]LogWorld: Bringing up level for play took: 0.000940
[2025.06.21-10.21.16:029][711]LogOnline: OSS: Creating online subsystem instance for: :Context_21
[2025.06.21-10.21.16:030][711]LogGameMode: FindPlayerStart: PATHS NOT DEFINED or NO PLAYERSTART with positive rating
[2025.06.21-10.21.16:031][711]LogViewport: Display: Viewport MouseCaptureMode Changed, CapturePermanently_IncludingInitialMouseDown -> CapturePermanently
[2025.06.21-10.21.16:032][711]PIE: Server logged in
[2025.06.21-10.21.16:032][711]PIE: Play in editor total start time 0.177 seconds.
[2025.06.21-10.21.16:058][712]LogRenderer: Reallocating scene render targets to support 1172x724 Format 10 NumSamples 1 (Frame:1).
[2025.06.21-10.21.16:754][751]LogSlate: Updating window title bar state: overlay mode, drag disabled, window buttons hidden, title bar hidden
[2025.06.21-10.21.16:754][751]LogWorld: BeginTearingDown for /Game/Maps/UEDPIE_0_Dopusk
[2025.06.21-10.21.16:754][751]LogSlate: Window 'task1 Preview [NetMode: Standalone]  (64-bit/Windows) ' being destroyed
[2025.06.21-10.21.16:765][751]LogWorld: UWorld::CleanupWorld for Dopusk, bSessionEnded=true, bCleanupResources=true
[2025.06.21-10.21.16:765][751]LogSlate: InvalidateAllWidgets triggered.  All widgets were invalidated
[2025.06.21-10.21.16:770][751]LogPlayLevel: Display: Shutting down PIE online subsystems
[2025.06.21-10.21.16:798][751]LogSlate: InvalidateAllWidgets triggered.  All widgets were invalidated
[2025.06.21-10.21.16:817][751]LogAudioMixer: FMixerPlatformXAudio2::StopAudioStream() called
[2025.06.21-10.21.16:818][751]LogAudioMixer: FMixerPlatformXAudio2::StopAudioStream() called
[2025.06.21-10.21.16:822][751]LogUObjectHash: Compacting FUObjectHashTables data took   1.42ms
[2025.06.21-10.21.16:838][752]LogPlayLevel: Display: Destroying online subsystem :Context_21
[2025.06.21-10.21.25:653][272]BlueprintLog: New page: Compile Stanok
[2025.06.21-10.21.25:709][272]LogUObjectHash: Compacting FUObjectHashTables data took   1.73ms
[2025.06.21-10.21.25:999][285]LogUObjectHash: Compacting FUObjectHashTables data took   2.48ms
[2025.06.21-10.21.26:034][285]Cmd: OBJ SAVEPACKAGE PACKAGE="/Game/Maps/Dopusk" FILE="../../../../../../Users/eghah/Desktop/diplom/task1/Content/Maps/Dopusk.umap" SILENT=true AUTOSAVING=false KEEPDIRTY=false
[2025.06.21-10.21.26:065][285]LogUObjectHash: Compacting FUObjectHashTables data took   0.51ms
[2025.06.21-10.21.26:072][285]LogSavePackage: Moving '../../../../../../Users/eghah/Desktop/diplom/task1/Saved/Dopusk2DA315AF4EE9F671B8FB76AD8768CF48.tmp' to '../../../../../../Users/eghah/Desktop/diplom/task1/Content/Maps/Dopusk.umap'
[2025.06.21-10.21.26:076][285]LogFileHelpers: Saving map 'Dopusk' took 0.042
[2025.06.21-10.21.26:098][285]Cmd: OBJ SAVEPACKAGE PACKAGE="/Game/Dopuski/Stanok" FILE="../../../../../../Users/eghah/Desktop/diplom/task1/Content/Dopuski/Stanok.uasset" SILENT=true
[2025.06.21-10.21.26:154][285]LogSavePackage: Moving '../../../../../../Users/eghah/Desktop/diplom/task1/Saved/StanokFB5C515248A5DA85765B88840387B5F6.tmp' to '../../../../../../Users/eghah/Desktop/diplom/task1/Content/Dopuski/Stanok.uasset'
[2025.06.21-10.21.26:172][285]AssetCheck: New page: Asset Save: multiple assets
[2025.06.21-10.21.26:172][285]LogContentValidation: Display: Validating Blueprint /Game/Dopuski/Stanok.Stanok
[2025.06.21-10.21.26:172][285]LogContentValidation: Display: Validating World /Game/Maps/Dopusk.Dopusk
[2025.06.21-10.21.57:049][124]LogAssetEditorSubsystem: Opening Asset editor for Blueprint /Game/Dopuski/BPInterfaces/StanokPosInterface.StanokPosInterface
[2025.06.21-10.21.59:312][245]LogWorld: UWorld::CleanupWorld for World_5, bSessionEnded=true, bCleanupResources=true
[2025.06.21-10.21.59:312][245]LogSlate: InvalidateAllWidgets triggered.  All widgets were invalidated
[2025.06.21-10.22.04:144][529]LogAssetEditorSubsystem: Opening Asset editor for WidgetBlueprint /Game/Dopuski/StanokPosUI.StanokPosUI
[2025.06.21-10.22.26:462][822]LogTemp: Repeating last play command: Selected Viewport
[2025.06.21-10.22.26:469][822]BlueprintLog: New page: Pre-Play auto-recompile
[2025.06.21-10.22.26:474][822]LogPlayLevel: [PlayLevel] Compiling StanokPosUI before play...
[2025.06.21-10.22.26:569][822]LogUObjectHash: Compacting FUObjectHashTables data took   2.83ms
[2025.06.21-10.22.26:569][822]LogPlayLevel: PlayLevel: Blueprint regeneration took 100 ms (1 blueprints)
[2025.06.21-10.22.26:569][822]PIE: New page: PIE session: Dopusk (Jun 21, 2025, 4:22:26 PM)
[2025.06.21-10.22.26:570][822]LogPlayLevel: Creating play world package: /Game/Maps/UEDPIE_0_Dopusk
[2025.06.21-10.22.26:572][822]LogPlayLevel: PIE: StaticDuplicateObject took: (0.001900s)
[2025.06.21-10.22.26:572][822]LogAIModule: Creating AISystem for world Dopusk
[2025.06.21-10.22.26:573][822]LogPlayLevel: PIE: World Init took: (0.000825s)
[2025.06.21-10.22.26:573][822]LogPlayLevel: PIE: Created PIE world by copying editor world from /Game/Maps/Dopusk.Dopusk to /Game/Maps/UEDPIE_0_Dopusk.Dopusk (0.002966s)
[2025.06.21-10.22.26:599][822]LogUObjectHash: Compacting FUObjectHashTables data took   2.17ms
[2025.06.21-10.22.26:599][822]LogAudio: Display: Creating Audio Device:                 Id: 18, Scope: Unique, Realtime: True
[2025.06.21-10.22.26:600][822]LogAudioMixer: Display: Audio Mixer Platform Settings:
[2025.06.21-10.22.26:600][822]LogAudioMixer: Display: 	Sample Rate:						  48000
[2025.06.21-10.22.26:600][822]LogAudioMixer: Display: 	Callback Buffer Frame Size Requested: 1024
[2025.06.21-10.22.26:600][822]LogAudioMixer: Display: 	Callback Buffer Frame Size To Use:	  1024
[2025.06.21-10.22.26:600][822]LogAudioMixer: Display: 	Number of buffers to queue:			  2
[2025.06.21-10.22.26:600][822]LogAudioMixer: Display: 	Max Channels (voices):				  32
[2025.06.21-10.22.26:600][822]LogAudioMixer: Display: 	Number of Async Source Workers:		  0
[2025.06.21-10.22.26:600][822]LogAudio: Display: AudioDevice MaxSources: 32
[2025.06.21-10.22.26:600][822]LogAudio: Display: Audio Spatialization Plugin: None (built-in).
[2025.06.21-10.22.26:600][822]LogAudio: Display: Audio Reverb Plugin: None (built-in).
[2025.06.21-10.22.26:600][822]LogAudio: Display: Audio Occlusion Plugin: None (built-in).
[2025.06.21-10.22.26:600][822]LogAudioMixer: Display: Initializing audio mixer.
[2025.06.21-10.22.26:603][822]LogAudioMixer: Display: 0: FrontLeft
[2025.06.21-10.22.26:603][822]LogAudioMixer: Display: 1: FrontRight
[2025.06.21-10.22.26:720][822]LogAudioMixer: Display: Using Audio Device Speakers (Realtek(R) Audio)
[2025.06.21-10.22.26:720][822]LogAudioMixer: Display: Initializing Sound Submixes...
[2025.06.21-10.22.26:720][822]LogAudioMixer: Display: Creating Master Submix 'MasterSubmixDefault'
[2025.06.21-10.22.26:720][822]LogAudioMixer: Display: Creating Master Submix 'MasterReverbSubmixDefault'
[2025.06.21-10.22.26:721][822]LogAudioMixer: Display: Creating Master Submix 'MasterEQSubmixDefault'
[2025.06.21-10.22.26:721][822]LogAudioMixer: FMixerPlatformXAudio2::StartAudioStream() called
[2025.06.21-10.22.26:721][822]LogAudioMixer: Display: Output buffers initialized: Frames=1024, Channels=2, Samples=2048
[2025.06.21-10.22.26:722][822]LogAudioMixer: Display: Starting AudioMixerPlatformInterface::RunInternal()
[2025.06.21-10.22.26:722][822]LogAudioMixer: Display: FMixerPlatformXAudio2::SubmitBuffer() called for the first time
[2025.06.21-10.22.26:722][822]LogInit: FAudioDevice initialized.
[2025.06.21-10.22.26:722][822]LogAudio: Display: Audio Device (ID: 18) registered with world 'Dopusk'.
[2025.06.21-10.22.26:738][822]LogSlate: Updating window title bar state: overlay mode, drag disabled, window buttons hidden, title bar hidden
[2025.06.21-10.22.26:738][822]LogLoad: Game class is 'DopuskGamemode_C'
[2025.06.21-10.22.26:740][822]LogWorld: Bringing World /Game/Maps/UEDPIE_0_Dopusk.Dopusk up for play (max tick rate 60) at 2025.06.21-13.22.26
[2025.06.21-10.22.26:740][822]LogWorld: Bringing up level for play took: 0.000797
[2025.06.21-10.22.26:740][822]LogOnline: OSS: Creating online subsystem instance for: :Context_25
[2025.06.21-10.22.26:741][822]LogGameMode: FindPlayerStart: PATHS NOT DEFINED or NO PLAYERSTART with positive rating
[2025.06.21-10.22.26:743][822]LogViewport: Display: Viewport MouseCaptureMode Changed, CapturePermanently_IncludingInitialMouseDown -> CapturePermanently
[2025.06.21-10.22.26:744][822]PIE: Server logged in
[2025.06.21-10.22.26:744][822]PIE: Play in editor total start time 0.276 seconds.
[2025.06.21-10.22.26:786][823]LogRenderer: Reallocating scene render targets to support 1172x732 Format 10 NumSamples 1 (Frame:1).
[2025.06.21-10.22.33:955][250]LogSlate: Updating window title bar state: overlay mode, drag disabled, window buttons hidden, title bar hidden
[2025.06.21-10.22.33:955][250]LogWorld: BeginTearingDown for /Game/Maps/UEDPIE_0_Dopusk
[2025.06.21-10.22.33:955][250]LogSlate: Window 'task1 Preview [NetMode: Standalone]  (64-bit/Windows) ' being destroyed
[2025.06.21-10.22.33:963][250]LogWorld: UWorld::CleanupWorld for Dopusk, bSessionEnded=true, bCleanupResources=true
[2025.06.21-10.22.33:964][250]LogSlate: InvalidateAllWidgets triggered.  All widgets were invalidated
[2025.06.21-10.22.33:977][250]LogPlayLevel: Display: Shutting down PIE online subsystems
[2025.06.21-10.22.34:013][250]LogSlate: InvalidateAllWidgets triggered.  All widgets were invalidated
[2025.06.21-10.22.34:038][250]LogAudioMixer: FMixerPlatformXAudio2::StopAudioStream() called
[2025.06.21-10.22.34:040][250]LogAudioMixer: FMixerPlatformXAudio2::StopAudioStream() called
[2025.06.21-10.22.34:046][250]LogUObjectHash: Compacting FUObjectHashTables data took   2.54ms
[2025.06.21-10.22.34:063][251]LogPlayLevel: Display: Destroying online subsystem :Context_25
[2025.06.21-10.22.38:802][530]LogTemp: Repeating last play command: Selected Viewport
[2025.06.21-10.22.38:807][530]BlueprintLog: New page: Pre-Play auto-recompile
[2025.06.21-10.22.38:810][530]LogPlayLevel: [PlayLevel] Compiling StanokPosUI before play...
[2025.06.21-10.22.38:886][530]LogUObjectHash: Compacting FUObjectHashTables data took   2.59ms
[2025.06.21-10.22.38:887][530]LogPlayLevel: PlayLevel: Blueprint regeneration took 79 ms (1 blueprints)
[2025.06.21-10.22.38:887][530]PIE: New page: PIE session: Dopusk (Jun 21, 2025, 4:22:38 PM)
[2025.06.21-10.22.38:887][530]LogPlayLevel: Creating play world package: /Game/Maps/UEDPIE_0_Dopusk
[2025.06.21-10.22.38:889][530]LogPlayLevel: PIE: StaticDuplicateObject took: (0.001896s)
[2025.06.21-10.22.38:889][530]LogAIModule: Creating AISystem for world Dopusk
[2025.06.21-10.22.38:890][530]LogPlayLevel: PIE: World Init took: (0.000863s)
[2025.06.21-10.22.38:890][530]LogPlayLevel: PIE: Created PIE world by copying editor world from /Game/Maps/Dopusk.Dopusk to /Game/Maps/UEDPIE_0_Dopusk.Dopusk (0.002846s)
[2025.06.21-10.22.38:915][530]LogUObjectHash: Compacting FUObjectHashTables data took   1.94ms
[2025.06.21-10.22.38:916][530]LogAudio: Display: Creating Audio Device:                 Id: 19, Scope: Unique, Realtime: True
[2025.06.21-10.22.38:916][530]LogAudioMixer: Display: Audio Mixer Platform Settings:
[2025.06.21-10.22.38:916][530]LogAudioMixer: Display: 	Sample Rate:						  48000
[2025.06.21-10.22.38:916][530]LogAudioMixer: Display: 	Callback Buffer Frame Size Requested: 1024
[2025.06.21-10.22.38:916][530]LogAudioMixer: Display: 	Callback Buffer Frame Size To Use:	  1024
[2025.06.21-10.22.38:916][530]LogAudioMixer: Display: 	Number of buffers to queue:			  2
[2025.06.21-10.22.38:916][530]LogAudioMixer: Display: 	Max Channels (voices):				  32
[2025.06.21-10.22.38:916][530]LogAudioMixer: Display: 	Number of Async Source Workers:		  0
[2025.06.21-10.22.38:916][530]LogAudio: Display: AudioDevice MaxSources: 32
[2025.06.21-10.22.38:916][530]LogAudio: Display: Audio Spatialization Plugin: None (built-in).
[2025.06.21-10.22.38:916][530]LogAudio: Display: Audio Reverb Plugin: None (built-in).
[2025.06.21-10.22.38:916][530]LogAudio: Display: Audio Occlusion Plugin: None (built-in).
[2025.06.21-10.22.38:916][530]LogAudioMixer: Display: Initializing audio mixer.
[2025.06.21-10.22.38:919][530]LogAudioMixer: Display: 0: FrontLeft
[2025.06.21-10.22.38:919][530]LogAudioMixer: Display: 1: FrontRight
[2025.06.21-10.22.39:038][530]LogAudioMixer: Display: Using Audio Device Speakers (Realtek(R) Audio)
[2025.06.21-10.22.39:038][530]LogAudioMixer: Display: Initializing Sound Submixes...
[2025.06.21-10.22.39:038][530]LogAudioMixer: Display: Creating Master Submix 'MasterSubmixDefault'
[2025.06.21-10.22.39:038][530]LogAudioMixer: Display: Creating Master Submix 'MasterReverbSubmixDefault'
[2025.06.21-10.22.39:038][530]LogAudioMixer: Display: Creating Master Submix 'MasterEQSubmixDefault'
[2025.06.21-10.22.39:038][530]LogAudioMixer: FMixerPlatformXAudio2::StartAudioStream() called
[2025.06.21-10.22.39:038][530]LogAudioMixer: Display: Output buffers initialized: Frames=1024, Channels=2, Samples=2048
[2025.06.21-10.22.39:039][530]LogAudioMixer: Display: Starting AudioMixerPlatformInterface::RunInternal()
[2025.06.21-10.22.39:039][530]LogAudioMixer: Display: FMixerPlatformXAudio2::SubmitBuffer() called for the first time
[2025.06.21-10.22.39:039][530]LogInit: FAudioDevice initialized.
[2025.06.21-10.22.39:039][530]LogAudio: Display: Audio Device (ID: 19) registered with world 'Dopusk'.
[2025.06.21-10.22.39:054][530]LogSlate: Updating window title bar state: overlay mode, drag disabled, window buttons hidden, title bar hidden
[2025.06.21-10.22.39:054][530]LogLoad: Game class is 'DopuskGamemode_C'
[2025.06.21-10.22.39:056][530]LogWorld: Bringing World /Game/Maps/UEDPIE_0_Dopusk.Dopusk up for play (max tick rate 60) at 2025.06.21-13.22.39
[2025.06.21-10.22.39:056][530]LogWorld: Bringing up level for play took: 0.001070
[2025.06.21-10.22.39:056][530]LogOnline: OSS: Creating online subsystem instance for: :Context_26
[2025.06.21-10.22.39:059][530]LogGameMode: FindPlayerStart: PATHS NOT DEFINED or NO PLAYERSTART with positive rating
[2025.06.21-10.22.39:059][530]LogViewport: Display: Viewport MouseCaptureMode Changed, CapturePermanently_IncludingInitialMouseDown -> CapturePermanently
[2025.06.21-10.22.39:060][530]PIE: Server logged in
[2025.06.21-10.22.39:060][530]PIE: Play in editor total start time 0.254 seconds.
[2025.06.21-10.22.39:109][531]LogRenderer: Reallocating scene render targets to support 1172x736 Format 10 NumSamples 1 (Frame:1).
[2025.06.21-10.22.48:766][107]LogSlate: Updating window title bar state: overlay mode, drag disabled, window buttons hidden, title bar hidden
[2025.06.21-10.22.48:766][107]LogWorld: BeginTearingDown for /Game/Maps/UEDPIE_0_Dopusk
[2025.06.21-10.22.48:767][107]LogSlate: Window 'task1 Preview [NetMode: Standalone]  (64-bit/Windows) ' being destroyed
[2025.06.21-10.22.48:784][107]LogWorld: UWorld::CleanupWorld for Dopusk, bSessionEnded=true, bCleanupResources=true
[2025.06.21-10.22.48:785][107]LogSlate: InvalidateAllWidgets triggered.  All widgets were invalidated
[2025.06.21-10.22.48:792][107]LogPlayLevel: Display: Shutting down PIE online subsystems
[2025.06.21-10.22.48:825][107]LogSlate: InvalidateAllWidgets triggered.  All widgets were invalidated
[2025.06.21-10.22.48:853][107]LogAudioMixer: FMixerPlatformXAudio2::StopAudioStream() called
[2025.06.21-10.22.48:854][107]LogAudioMixer: FMixerPlatformXAudio2::StopAudioStream() called
[2025.06.21-10.22.48:860][107]LogUObjectHash: Compacting FUObjectHashTables data took   2.09ms
[2025.06.21-10.22.48:877][108]LogPlayLevel: Display: Destroying online subsystem :Context_26
[2025.06.21-10.22.53:269][369]LogTemp: Repeating last play command: Selected Viewport
[2025.06.21-10.22.53:275][369]BlueprintLog: New page: Pre-Play auto-recompile
[2025.06.21-10.22.53:277][369]LogPlayLevel: [PlayLevel] Compiling StanokPosUI before play...
[2025.06.21-10.22.53:332][369]LogUObjectHash: Compacting FUObjectHashTables data took   2.30ms
[2025.06.21-10.22.53:333][369]LogPlayLevel: PlayLevel: Blueprint regeneration took 57 ms (1 blueprints)
[2025.06.21-10.22.53:333][369]PIE: New page: PIE session: Dopusk (Jun 21, 2025, 4:22:53 PM)
[2025.06.21-10.22.53:333][369]LogPlayLevel: Creating play world package: /Game/Maps/UEDPIE_0_Dopusk
[2025.06.21-10.22.53:335][369]LogPlayLevel: PIE: StaticDuplicateObject took: (0.001892s)
[2025.06.21-10.22.53:335][369]LogAIModule: Creating AISystem for world Dopusk
[2025.06.21-10.22.53:336][369]LogPlayLevel: PIE: World Init took: (0.000833s)
[2025.06.21-10.22.53:336][369]LogPlayLevel: PIE: Created PIE world by copying editor world from /Game/Maps/Dopusk.Dopusk to /Game/Maps/UEDPIE_0_Dopusk.Dopusk (0.002812s)
[2025.06.21-10.22.53:362][369]LogUObjectHash: Compacting FUObjectHashTables data took   2.21ms
[2025.06.21-10.22.53:363][369]LogAudio: Display: Creating Audio Device:                 Id: 20, Scope: Unique, Realtime: True
[2025.06.21-10.22.53:363][369]LogAudioMixer: Display: Audio Mixer Platform Settings:
[2025.06.21-10.22.53:363][369]LogAudioMixer: Display: 	Sample Rate:						  48000
[2025.06.21-10.22.53:363][369]LogAudioMixer: Display: 	Callback Buffer Frame Size Requested: 1024
[2025.06.21-10.22.53:363][369]LogAudioMixer: Display: 	Callback Buffer Frame Size To Use:	  1024
[2025.06.21-10.22.53:363][369]LogAudioMixer: Display: 	Number of buffers to queue:			  2
[2025.06.21-10.22.53:363][369]LogAudioMixer: Display: 	Max Channels (voices):				  32
[2025.06.21-10.22.53:363][369]LogAudioMixer: Display: 	Number of Async Source Workers:		  0
[2025.06.21-10.22.53:363][369]LogAudio: Display: AudioDevice MaxSources: 32
[2025.06.21-10.22.53:363][369]LogAudio: Display: Audio Spatialization Plugin: None (built-in).
[2025.06.21-10.22.53:363][369]LogAudio: Display: Audio Reverb Plugin: None (built-in).
[2025.06.21-10.22.53:363][369]LogAudio: Display: Audio Occlusion Plugin: None (built-in).
[2025.06.21-10.22.53:363][369]LogAudioMixer: Display: Initializing audio mixer.
[2025.06.21-10.22.53:366][369]LogAudioMixer: Display: 0: FrontLeft
[2025.06.21-10.22.53:366][369]LogAudioMixer: Display: 1: FrontRight
[2025.06.21-10.22.53:485][369]LogAudioMixer: Display: Using Audio Device Speakers (Realtek(R) Audio)
[2025.06.21-10.22.53:485][369]LogAudioMixer: Display: Initializing Sound Submixes...
[2025.06.21-10.22.53:486][369]LogAudioMixer: Display: Creating Master Submix 'MasterSubmixDefault'
[2025.06.21-10.22.53:486][369]LogAudioMixer: Display: Creating Master Submix 'MasterReverbSubmixDefault'
[2025.06.21-10.22.53:486][369]LogAudioMixer: Display: Creating Master Submix 'MasterEQSubmixDefault'
[2025.06.21-10.22.53:486][369]LogAudioMixer: FMixerPlatformXAudio2::StartAudioStream() called
[2025.06.21-10.22.53:486][369]LogAudioMixer: Display: Output buffers initialized: Frames=1024, Channels=2, Samples=2048
[2025.06.21-10.22.53:487][369]LogAudioMixer: Display: Starting AudioMixerPlatformInterface::RunInternal()
[2025.06.21-10.22.53:487][369]LogAudioMixer: Display: FMixerPlatformXAudio2::SubmitBuffer() called for the first time
[2025.06.21-10.22.53:487][369]LogInit: FAudioDevice initialized.
[2025.06.21-10.22.53:487][369]LogAudio: Display: Audio Device (ID: 20) registered with world 'Dopusk'.
[2025.06.21-10.22.53:500][369]LogSlate: Updating window title bar state: overlay mode, drag disabled, window buttons hidden, title bar hidden
[2025.06.21-10.22.53:500][369]LogLoad: Game class is 'DopuskGamemode_C'
[2025.06.21-10.22.53:502][369]LogWorld: Bringing World /Game/Maps/UEDPIE_0_Dopusk.Dopusk up for play (max tick rate 60) at 2025.06.21-13.22.53
[2025.06.21-10.22.53:502][369]LogWorld: Bringing up level for play took: 0.000930
[2025.06.21-10.22.53:502][369]LogOnline: OSS: Creating online subsystem instance for: :Context_27
[2025.06.21-10.22.53:504][369]LogGameMode: FindPlayerStart: PATHS NOT DEFINED or NO PLAYERSTART with positive rating
[2025.06.21-10.22.53:504][369]LogViewport: Display: Viewport MouseCaptureMode Changed, CapturePermanently_IncludingInitialMouseDown -> CapturePermanently
[2025.06.21-10.22.53:505][369]PIE: Server logged in
[2025.06.21-10.22.53:506][369]PIE: Play in editor total start time 0.232 seconds.
[2025.06.21-10.22.53:545][370]LogRenderer: Reallocating scene render targets to support 1172x744 Format 10 NumSamples 1 (Frame:1).
[2025.06.21-10.22.58:585][670]LogSlate: Updating window title bar state: overlay mode, drag disabled, window buttons hidden, title bar hidden
[2025.06.21-10.22.58:585][670]LogWorld: BeginTearingDown for /Game/Maps/UEDPIE_0_Dopusk
[2025.06.21-10.22.58:586][670]LogSlate: Window 'task1 Preview [NetMode: Standalone]  (64-bit/Windows) ' being destroyed
[2025.06.21-10.22.58:595][670]LogWorld: UWorld::CleanupWorld for Dopusk, bSessionEnded=true, bCleanupResources=true
[2025.06.21-10.22.58:596][670]LogSlate: InvalidateAllWidgets triggered.  All widgets were invalidated
[2025.06.21-10.22.58:605][670]LogPlayLevel: Display: Shutting down PIE online subsystems
[2025.06.21-10.22.58:637][670]LogSlate: InvalidateAllWidgets triggered.  All widgets were invalidated
[2025.06.21-10.22.58:661][670]LogAudioMixer: FMixerPlatformXAudio2::StopAudioStream() called
[2025.06.21-10.22.58:663][670]LogAudioMixer: FMixerPlatformXAudio2::StopAudioStream() called
[2025.06.21-10.22.58:667][670]LogUObjectHash: Compacting FUObjectHashTables data took   2.18ms
[2025.06.21-10.22.58:684][671]LogPlayLevel: Display: Destroying online subsystem :Context_27
[2025.06.21-10.23.02:695][910]LogTemp: Repeating last play command: Selected Viewport
[2025.06.21-10.23.02:703][910]BlueprintLog: New page: Pre-Play auto-recompile
[2025.06.21-10.23.02:704][910]LogPlayLevel: [PlayLevel] Compiling StanokPosUI before play...
[2025.06.21-10.23.02:768][910]LogUObjectHash: Compacting FUObjectHashTables data took   2.62ms
[2025.06.21-10.23.02:768][910]LogPlayLevel: PlayLevel: Blueprint regeneration took 65 ms (1 blueprints)
[2025.06.21-10.23.02:768][910]PIE: New page: PIE session: Dopusk (Jun 21, 2025, 4:23:02 PM)
[2025.06.21-10.23.02:768][910]LogPlayLevel: Creating play world package: /Game/Maps/UEDPIE_0_Dopusk
[2025.06.21-10.23.02:770][910]LogPlayLevel: PIE: StaticDuplicateObject took: (0.002095s)
[2025.06.21-10.23.02:771][910]LogAIModule: Creating AISystem for world Dopusk
[2025.06.21-10.23.02:771][910]LogPlayLevel: PIE: World Init took: (0.000893s)
[2025.06.21-10.23.02:771][910]LogPlayLevel: PIE: Created PIE world by copying editor world from /Game/Maps/Dopusk.Dopusk to /Game/Maps/UEDPIE_0_Dopusk.Dopusk (0.003077s)
[2025.06.21-10.23.02:800][910]LogUObjectHash: Compacting FUObjectHashTables data took   2.12ms
[2025.06.21-10.23.02:800][910]LogAudio: Display: Creating Audio Device:                 Id: 21, Scope: Unique, Realtime: True
[2025.06.21-10.23.02:800][910]LogAudioMixer: Display: Audio Mixer Platform Settings:
[2025.06.21-10.23.02:800][910]LogAudioMixer: Display: 	Sample Rate:						  48000
[2025.06.21-10.23.02:800][910]LogAudioMixer: Display: 	Callback Buffer Frame Size Requested: 1024
[2025.06.21-10.23.02:800][910]LogAudioMixer: Display: 	Callback Buffer Frame Size To Use:	  1024
[2025.06.21-10.23.02:800][910]LogAudioMixer: Display: 	Number of buffers to queue:			  2
[2025.06.21-10.23.02:800][910]LogAudioMixer: Display: 	Max Channels (voices):				  32
[2025.06.21-10.23.02:800][910]LogAudioMixer: Display: 	Number of Async Source Workers:		  0
[2025.06.21-10.23.02:800][910]LogAudio: Display: AudioDevice MaxSources: 32
[2025.06.21-10.23.02:800][910]LogAudio: Display: Audio Spatialization Plugin: None (built-in).
[2025.06.21-10.23.02:800][910]LogAudio: Display: Audio Reverb Plugin: None (built-in).
[2025.06.21-10.23.02:800][910]LogAudio: Display: Audio Occlusion Plugin: None (built-in).
[2025.06.21-10.23.02:801][910]LogAudioMixer: Display: Initializing audio mixer.
[2025.06.21-10.23.02:803][910]LogAudioMixer: Display: 0: FrontLeft
[2025.06.21-10.23.02:803][910]LogAudioMixer: Display: 1: FrontRight
[2025.06.21-10.23.02:922][910]LogAudioMixer: Display: Using Audio Device Speakers (Realtek(R) Audio)
[2025.06.21-10.23.02:922][910]LogAudioMixer: Display: Initializing Sound Submixes...
[2025.06.21-10.23.02:922][910]LogAudioMixer: Display: Creating Master Submix 'MasterSubmixDefault'
[2025.06.21-10.23.02:922][910]LogAudioMixer: Display: Creating Master Submix 'MasterReverbSubmixDefault'
[2025.06.21-10.23.02:922][910]LogAudioMixer: Display: Creating Master Submix 'MasterEQSubmixDefault'
[2025.06.21-10.23.02:922][910]LogAudioMixer: FMixerPlatformXAudio2::StartAudioStream() called
[2025.06.21-10.23.02:922][910]LogAudioMixer: Display: Output buffers initialized: Frames=1024, Channels=2, Samples=2048
[2025.06.21-10.23.02:923][910]LogAudioMixer: Display: Starting AudioMixerPlatformInterface::RunInternal()
[2025.06.21-10.23.02:923][910]LogAudioMixer: Display: FMixerPlatformXAudio2::SubmitBuffer() called for the first time
[2025.06.21-10.23.02:923][910]LogInit: FAudioDevice initialized.
[2025.06.21-10.23.02:923][910]LogAudio: Display: Audio Device (ID: 21) registered with world 'Dopusk'.
[2025.06.21-10.23.02:938][910]LogSlate: Updating window title bar state: overlay mode, drag disabled, window buttons hidden, title bar hidden
[2025.06.21-10.23.02:939][910]LogLoad: Game class is 'DopuskGamemode_C'
[2025.06.21-10.23.02:940][910]LogWorld: Bringing World /Game/Maps/UEDPIE_0_Dopusk.Dopusk up for play (max tick rate 60) at 2025.06.21-13.23.02
[2025.06.21-10.23.02:940][910]LogWorld: Bringing up level for play took: 0.000901
[2025.06.21-10.23.02:941][910]LogOnline: OSS: Creating online subsystem instance for: :Context_28
[2025.06.21-10.23.02:943][910]LogGameMode: FindPlayerStart: PATHS NOT DEFINED or NO PLAYERSTART with positive rating
[2025.06.21-10.23.02:943][910]LogViewport: Display: Viewport MouseCaptureMode Changed, CapturePermanently_IncludingInitialMouseDown -> CapturePermanently
[2025.06.21-10.23.02:944][910]PIE: Server logged in
[2025.06.21-10.23.02:945][910]PIE: Play in editor total start time 0.243 seconds.
[2025.06.21-10.23.02:986][911]LogRenderer: Reallocating scene render targets to support 1172x752 Format 10 NumSamples 1 (Frame:1).
[2025.06.21-10.23.08:075][213]LogSlate: Updating window title bar state: overlay mode, drag disabled, window buttons hidden, title bar hidden
[2025.06.21-10.23.08:075][213]LogWorld: BeginTearingDown for /Game/Maps/UEDPIE_0_Dopusk
[2025.06.21-10.23.08:075][213]LogSlate: Window 'task1 Preview [NetMode: Standalone]  (64-bit/Windows) ' being destroyed
[2025.06.21-10.23.08:100][213]LogWorld: UWorld::CleanupWorld for Dopusk, bSessionEnded=true, bCleanupResources=true
[2025.06.21-10.23.08:100][213]LogSlate: InvalidateAllWidgets triggered.  All widgets were invalidated
[2025.06.21-10.23.08:109][213]LogPlayLevel: Display: Shutting down PIE online subsystems
[2025.06.21-10.23.08:146][213]LogSlate: InvalidateAllWidgets triggered.  All widgets were invalidated
[2025.06.21-10.23.08:175][213]LogAudioMixer: FMixerPlatformXAudio2::StopAudioStream() called
[2025.06.21-10.23.08:176][213]LogAudioMixer: FMixerPlatformXAudio2::StopAudioStream() called
[2025.06.21-10.23.08:182][213]LogUObjectHash: Compacting FUObjectHashTables data took   2.32ms
[2025.06.21-10.23.08:198][214]LogPlayLevel: Display: Destroying online subsystem :Context_28
[2025.06.21-10.23.11:195][394]LogTemp: Repeating last play command: Selected Viewport
[2025.06.21-10.23.11:202][394]BlueprintLog: New page: Pre-Play auto-recompile
[2025.06.21-10.23.11:204][394]LogPlayLevel: [PlayLevel] Compiling StanokPosUI before play...
[2025.06.21-10.23.11:277][394]LogUObjectHash: Compacting FUObjectHashTables data took   2.54ms
[2025.06.21-10.23.11:278][394]LogPlayLevel: PlayLevel: Blueprint regeneration took 75 ms (1 blueprints)
[2025.06.21-10.23.11:278][394]PIE: New page: PIE session: Dopusk (Jun 21, 2025, 4:23:11 PM)
[2025.06.21-10.23.11:278][394]LogPlayLevel: Creating play world package: /Game/Maps/UEDPIE_0_Dopusk
[2025.06.21-10.23.11:280][394]LogPlayLevel: PIE: StaticDuplicateObject took: (0.001900s)
[2025.06.21-10.23.11:280][394]LogAIModule: Creating AISystem for world Dopusk
[2025.06.21-10.23.11:280][394]LogPlayLevel: PIE: World Init took: (0.000842s)
[2025.06.21-10.23.11:280][394]LogPlayLevel: PIE: Created PIE world by copying editor world from /Game/Maps/Dopusk.Dopusk to /Game/Maps/UEDPIE_0_Dopusk.Dopusk (0.002822s)
[2025.06.21-10.23.11:316][394]LogUObjectHash: Compacting FUObjectHashTables data took   1.82ms
[2025.06.21-10.23.11:316][394]LogAudio: Display: Creating Audio Device:                 Id: 22, Scope: Unique, Realtime: True
[2025.06.21-10.23.11:316][394]LogAudioMixer: Display: Audio Mixer Platform Settings:
[2025.06.21-10.23.11:316][394]LogAudioMixer: Display: 	Sample Rate:						  48000
[2025.06.21-10.23.11:316][394]LogAudioMixer: Display: 	Callback Buffer Frame Size Requested: 1024
[2025.06.21-10.23.11:316][394]LogAudioMixer: Display: 	Callback Buffer Frame Size To Use:	  1024
[2025.06.21-10.23.11:316][394]LogAudioMixer: Display: 	Number of buffers to queue:			  2
[2025.06.21-10.23.11:316][394]LogAudioMixer: Display: 	Max Channels (voices):				  32
[2025.06.21-10.23.11:316][394]LogAudioMixer: Display: 	Number of Async Source Workers:		  0
[2025.06.21-10.23.11:316][394]LogAudio: Display: AudioDevice MaxSources: 32
[2025.06.21-10.23.11:317][394]LogAudio: Display: Audio Spatialization Plugin: None (built-in).
[2025.06.21-10.23.11:317][394]LogAudio: Display: Audio Reverb Plugin: None (built-in).
[2025.06.21-10.23.11:317][394]LogAudio: Display: Audio Occlusion Plugin: None (built-in).
[2025.06.21-10.23.11:317][394]LogAudioMixer: Display: Initializing audio mixer.
[2025.06.21-10.23.11:319][394]LogAudioMixer: Display: 0: FrontLeft
[2025.06.21-10.23.11:319][394]LogAudioMixer: Display: 1: FrontRight
[2025.06.21-10.23.11:437][394]LogAudioMixer: Display: Using Audio Device Speakers (Realtek(R) Audio)
[2025.06.21-10.23.11:437][394]LogAudioMixer: Display: Initializing Sound Submixes...
[2025.06.21-10.23.11:437][394]LogAudioMixer: Display: Creating Master Submix 'MasterSubmixDefault'
[2025.06.21-10.23.11:437][394]LogAudioMixer: Display: Creating Master Submix 'MasterReverbSubmixDefault'
[2025.06.21-10.23.11:437][394]LogAudioMixer: Display: Creating Master Submix 'MasterEQSubmixDefault'
[2025.06.21-10.23.11:437][394]LogAudioMixer: FMixerPlatformXAudio2::StartAudioStream() called
[2025.06.21-10.23.11:437][394]LogAudioMixer: Display: Output buffers initialized: Frames=1024, Channels=2, Samples=2048
[2025.06.21-10.23.11:438][394]LogAudioMixer: Display: Starting AudioMixerPlatformInterface::RunInternal()
[2025.06.21-10.23.11:438][394]LogAudioMixer: Display: FMixerPlatformXAudio2::SubmitBuffer() called for the first time
[2025.06.21-10.23.11:438][394]LogInit: FAudioDevice initialized.
[2025.06.21-10.23.11:438][394]LogAudio: Display: Audio Device (ID: 22) registered with world 'Dopusk'.
[2025.06.21-10.23.11:456][394]LogSlate: Updating window title bar state: overlay mode, drag disabled, window buttons hidden, title bar hidden
[2025.06.21-10.23.11:456][394]LogLoad: Game class is 'DopuskGamemode_C'
[2025.06.21-10.23.11:457][394]LogWorld: Bringing World /Game/Maps/UEDPIE_0_Dopusk.Dopusk up for play (max tick rate 60) at 2025.06.21-13.23.11
[2025.06.21-10.23.11:457][394]LogWorld: Bringing up level for play took: 0.000727
[2025.06.21-10.23.11:458][394]LogOnline: OSS: Creating online subsystem instance for: :Context_29
[2025.06.21-10.23.11:459][394]LogGameMode: FindPlayerStart: PATHS NOT DEFINED or NO PLAYERSTART with positive rating
[2025.06.21-10.23.11:459][394]LogViewport: Display: Viewport MouseCaptureMode Changed, CapturePermanently_IncludingInitialMouseDown -> CapturePermanently
[2025.06.21-10.23.11:460][394]PIE: Server logged in
[2025.06.21-10.23.11:460][394]PIE: Play in editor total start time 0.26 seconds.
[2025.06.21-10.23.11:498][395]LogRenderer: Reallocating scene render targets to support 1172x756 Format 10 NumSamples 1 (Frame:1).
[2025.06.21-10.23.16:515][694]LogSlate: Updating window title bar state: overlay mode, drag disabled, window buttons hidden, title bar hidden
[2025.06.21-10.23.16:515][694]LogWorld: BeginTearingDown for /Game/Maps/UEDPIE_0_Dopusk
[2025.06.21-10.23.16:516][694]LogSlate: Window 'task1 Preview [NetMode: Standalone]  (64-bit/Windows) ' being destroyed
[2025.06.21-10.23.16:530][694]LogWorld: UWorld::CleanupWorld for Dopusk, bSessionEnded=true, bCleanupResources=true
[2025.06.21-10.23.16:530][694]LogSlate: InvalidateAllWidgets triggered.  All widgets were invalidated
[2025.06.21-10.23.16:540][694]LogPlayLevel: Display: Shutting down PIE online subsystems
[2025.06.21-10.23.16:573][694]LogSlate: InvalidateAllWidgets triggered.  All widgets were invalidated
[2025.06.21-10.23.16:609][694]LogAudioMixer: FMixerPlatformXAudio2::StopAudioStream() called
[2025.06.21-10.23.16:610][694]LogAudioMixer: FMixerPlatformXAudio2::StopAudioStream() called
[2025.06.21-10.23.16:615][694]LogUObjectHash: Compacting FUObjectHashTables data took   2.09ms
[2025.06.21-10.23.16:633][695]LogPlayLevel: Display: Destroying online subsystem :Context_29
[2025.06.21-10.23.21:297][974]LogTemp: Repeating last play command: Selected Viewport
[2025.06.21-10.23.21:304][974]BlueprintLog: New page: Pre-Play auto-recompile
[2025.06.21-10.23.21:306][974]LogPlayLevel: [PlayLevel] Compiling StanokPosUI before play...
[2025.06.21-10.23.21:379][974]LogUObjectHash: Compacting FUObjectHashTables data took   2.26ms
[2025.06.21-10.23.21:380][974]LogPlayLevel: PlayLevel: Blueprint regeneration took 75 ms (1 blueprints)
[2025.06.21-10.23.21:380][974]PIE: New page: PIE session: Dopusk (Jun 21, 2025, 4:23:21 PM)
[2025.06.21-10.23.21:380][974]LogPlayLevel: Creating play world package: /Game/Maps/UEDPIE_0_Dopusk
[2025.06.21-10.23.21:381][974]LogPlayLevel: PIE: StaticDuplicateObject took: (0.001872s)
[2025.06.21-10.23.21:382][974]LogAIModule: Creating AISystem for world Dopusk
[2025.06.21-10.23.21:382][974]LogPlayLevel: PIE: World Init took: (0.000869s)
[2025.06.21-10.23.21:382][974]LogPlayLevel: PIE: Created PIE world by copying editor world from /Game/Maps/Dopusk.Dopusk to /Game/Maps/UEDPIE_0_Dopusk.Dopusk (0.002822s)
[2025.06.21-10.23.21:418][974]LogUObjectHash: Compacting FUObjectHashTables data took   1.85ms
[2025.06.21-10.23.21:418][974]LogAudio: Display: Creating Audio Device:                 Id: 23, Scope: Unique, Realtime: True
[2025.06.21-10.23.21:418][974]LogAudioMixer: Display: Audio Mixer Platform Settings:
[2025.06.21-10.23.21:418][974]LogAudioMixer: Display: 	Sample Rate:						  48000
[2025.06.21-10.23.21:418][974]LogAudioMixer: Display: 	Callback Buffer Frame Size Requested: 1024
[2025.06.21-10.23.21:418][974]LogAudioMixer: Display: 	Callback Buffer Frame Size To Use:	  1024
[2025.06.21-10.23.21:418][974]LogAudioMixer: Display: 	Number of buffers to queue:			  2
[2025.06.21-10.23.21:418][974]LogAudioMixer: Display: 	Max Channels (voices):				  32
[2025.06.21-10.23.21:418][974]LogAudioMixer: Display: 	Number of Async Source Workers:		  0
[2025.06.21-10.23.21:418][974]LogAudio: Display: AudioDevice MaxSources: 32
[2025.06.21-10.23.21:419][974]LogAudio: Display: Audio Spatialization Plugin: None (built-in).
[2025.06.21-10.23.21:419][974]LogAudio: Display: Audio Reverb Plugin: None (built-in).
[2025.06.21-10.23.21:419][974]LogAudio: Display: Audio Occlusion Plugin: None (built-in).
[2025.06.21-10.23.21:419][974]LogAudioMixer: Display: Initializing audio mixer.
[2025.06.21-10.23.21:422][974]LogAudioMixer: Display: 0: FrontLeft
[2025.06.21-10.23.21:422][974]LogAudioMixer: Display: 1: FrontRight
[2025.06.21-10.23.21:540][974]LogAudioMixer: Display: Using Audio Device Speakers (Realtek(R) Audio)
[2025.06.21-10.23.21:540][974]LogAudioMixer: Display: Initializing Sound Submixes...
[2025.06.21-10.23.21:540][974]LogAudioMixer: Display: Creating Master Submix 'MasterSubmixDefault'
[2025.06.21-10.23.21:540][974]LogAudioMixer: Display: Creating Master Submix 'MasterReverbSubmixDefault'
[2025.06.21-10.23.21:541][974]LogAudioMixer: Display: Creating Master Submix 'MasterEQSubmixDefault'
[2025.06.21-10.23.21:541][974]LogAudioMixer: FMixerPlatformXAudio2::StartAudioStream() called
[2025.06.21-10.23.21:541][974]LogAudioMixer: Display: Output buffers initialized: Frames=1024, Channels=2, Samples=2048
[2025.06.21-10.23.21:542][974]LogAudioMixer: Display: Starting AudioMixerPlatformInterface::RunInternal()
[2025.06.21-10.23.21:542][974]LogAudioMixer: Display: FMixerPlatformXAudio2::SubmitBuffer() called for the first time
[2025.06.21-10.23.21:542][974]LogInit: FAudioDevice initialized.
[2025.06.21-10.23.21:542][974]LogAudio: Display: Audio Device (ID: 23) registered with world 'Dopusk'.
[2025.06.21-10.23.21:559][974]LogSlate: Updating window title bar state: overlay mode, drag disabled, window buttons hidden, title bar hidden
[2025.06.21-10.23.21:559][974]LogLoad: Game class is 'DopuskGamemode_C'
[2025.06.21-10.23.21:561][974]LogWorld: Bringing World /Game/Maps/UEDPIE_0_Dopusk.Dopusk up for play (max tick rate 60) at 2025.06.21-13.23.21
[2025.06.21-10.23.21:561][974]LogWorld: Bringing up level for play took: 0.000922
[2025.06.21-10.23.21:561][974]LogOnline: OSS: Creating online subsystem instance for: :Context_30
[2025.06.21-10.23.21:563][974]LogGameMode: FindPlayerStart: PATHS NOT DEFINED or NO PLAYERSTART with positive rating
[2025.06.21-10.23.21:563][974]LogViewport: Display: Viewport MouseCaptureMode Changed, CapturePermanently_IncludingInitialMouseDown -> CapturePermanently
[2025.06.21-10.23.21:564][974]PIE: Server logged in
[2025.06.21-10.23.21:565][974]PIE: Play in editor total start time 0.262 seconds.
[2025.06.21-10.23.21:605][975]LogRenderer: Reallocating scene render targets to support 1172x764 Format 10 NumSamples 1 (Frame:1).
[2025.06.21-10.23.27:415][319]LogSlate: Updating window title bar state: overlay mode, drag disabled, window buttons hidden, title bar hidden
[2025.06.21-10.23.27:415][319]LogWorld: BeginTearingDown for /Game/Maps/UEDPIE_0_Dopusk
[2025.06.21-10.23.27:416][319]LogSlate: Window 'task1 Preview [NetMode: Standalone]  (64-bit/Windows) ' being destroyed
[2025.06.21-10.23.27:435][319]LogWorld: UWorld::CleanupWorld for Dopusk, bSessionEnded=true, bCleanupResources=true
[2025.06.21-10.23.27:435][319]LogSlate: InvalidateAllWidgets triggered.  All widgets were invalidated
[2025.06.21-10.23.27:444][319]LogPlayLevel: Display: Shutting down PIE online subsystems
[2025.06.21-10.23.27:476][319]LogSlate: InvalidateAllWidgets triggered.  All widgets were invalidated
[2025.06.21-10.23.27:501][319]LogAudioMixer: FMixerPlatformXAudio2::StopAudioStream() called
[2025.06.21-10.23.27:503][319]LogAudioMixer: FMixerPlatformXAudio2::StopAudioStream() called
[2025.06.21-10.23.27:508][319]LogUObjectHash: Compacting FUObjectHashTables data took   2.22ms
[2025.06.21-10.23.27:527][320]LogPlayLevel: Display: Destroying online subsystem :Context_30
[2025.06.21-10.23.35:233][781]LogTemp: Repeating last play command: Selected Viewport
[2025.06.21-10.23.35:239][781]BlueprintLog: New page: Pre-Play auto-recompile
[2025.06.21-10.23.35:241][781]LogPlayLevel: [PlayLevel] Compiling StanokPosUI before play...
[2025.06.21-10.23.35:315][781]LogUObjectHash: Compacting FUObjectHashTables data took   2.31ms
[2025.06.21-10.23.35:315][781]LogPlayLevel: PlayLevel: Blueprint regeneration took 75 ms (1 blueprints)
[2025.06.21-10.23.35:315][781]PIE: New page: PIE session: Dopusk (Jun 21, 2025, 4:23:35 PM)
[2025.06.21-10.23.35:315][781]LogPlayLevel: Creating play world package: /Game/Maps/UEDPIE_0_Dopusk
[2025.06.21-10.23.35:318][781]LogPlayLevel: PIE: StaticDuplicateObject took: (0.002038s)
[2025.06.21-10.23.35:318][781]LogAIModule: Creating AISystem for world Dopusk
[2025.06.21-10.23.35:319][781]LogPlayLevel: PIE: World Init took: (0.000848s)
[2025.06.21-10.23.35:319][781]LogPlayLevel: PIE: Created PIE world by copying editor world from /Game/Maps/Dopusk.Dopusk to /Game/Maps/UEDPIE_0_Dopusk.Dopusk (0.003000s)
[2025.06.21-10.23.35:347][781]LogUObjectHash: Compacting FUObjectHashTables data took   2.11ms
[2025.06.21-10.23.35:347][781]LogAudio: Display: Creating Audio Device:                 Id: 24, Scope: Unique, Realtime: True
[2025.06.21-10.23.35:347][781]LogAudioMixer: Display: Audio Mixer Platform Settings:
[2025.06.21-10.23.35:347][781]LogAudioMixer: Display: 	Sample Rate:						  48000
[2025.06.21-10.23.35:347][781]LogAudioMixer: Display: 	Callback Buffer Frame Size Requested: 1024
[2025.06.21-10.23.35:347][781]LogAudioMixer: Display: 	Callback Buffer Frame Size To Use:	  1024
[2025.06.21-10.23.35:347][781]LogAudioMixer: Display: 	Number of buffers to queue:			  2
[2025.06.21-10.23.35:347][781]LogAudioMixer: Display: 	Max Channels (voices):				  32
[2025.06.21-10.23.35:347][781]LogAudioMixer: Display: 	Number of Async Source Workers:		  0
[2025.06.21-10.23.35:347][781]LogAudio: Display: AudioDevice MaxSources: 32
[2025.06.21-10.23.35:348][781]LogAudio: Display: Audio Spatialization Plugin: None (built-in).
[2025.06.21-10.23.35:348][781]LogAudio: Display: Audio Reverb Plugin: None (built-in).
[2025.06.21-10.23.35:348][781]LogAudio: Display: Audio Occlusion Plugin: None (built-in).
[2025.06.21-10.23.35:348][781]LogAudioMixer: Display: Initializing audio mixer.
[2025.06.21-10.23.35:350][781]LogAudioMixer: Display: 0: FrontLeft
[2025.06.21-10.23.35:350][781]LogAudioMixer: Display: 1: FrontRight
[2025.06.21-10.23.35:469][781]LogAudioMixer: Display: Using Audio Device Speakers (Realtek(R) Audio)
[2025.06.21-10.23.35:469][781]LogAudioMixer: Display: Initializing Sound Submixes...
[2025.06.21-10.23.35:470][781]LogAudioMixer: Display: Creating Master Submix 'MasterSubmixDefault'
[2025.06.21-10.23.35:470][781]LogAudioMixer: Display: Creating Master Submix 'MasterReverbSubmixDefault'
[2025.06.21-10.23.35:470][781]LogAudioMixer: Display: Creating Master Submix 'MasterEQSubmixDefault'
[2025.06.21-10.23.35:470][781]LogAudioMixer: FMixerPlatformXAudio2::StartAudioStream() called
[2025.06.21-10.23.35:470][781]LogAudioMixer: Display: Output buffers initialized: Frames=1024, Channels=2, Samples=2048
[2025.06.21-10.23.35:471][781]LogAudioMixer: Display: Starting AudioMixerPlatformInterface::RunInternal()
[2025.06.21-10.23.35:471][781]LogAudioMixer: Display: FMixerPlatformXAudio2::SubmitBuffer() called for the first time
[2025.06.21-10.23.35:471][781]LogInit: FAudioDevice initialized.
[2025.06.21-10.23.35:471][781]LogAudio: Display: Audio Device (ID: 24) registered with world 'Dopusk'.
[2025.06.21-10.23.35:489][781]LogSlate: Updating window title bar state: overlay mode, drag disabled, window buttons hidden, title bar hidden
[2025.06.21-10.23.35:489][781]LogLoad: Game class is 'DopuskGamemode_C'
[2025.06.21-10.23.35:490][781]LogWorld: Bringing World /Game/Maps/UEDPIE_0_Dopusk.Dopusk up for play (max tick rate 60) at 2025.06.21-13.23.35
[2025.06.21-10.23.35:490][781]LogWorld: Bringing up level for play took: 0.000723
[2025.06.21-10.23.35:490][781]LogOnline: OSS: Creating online subsystem instance for: :Context_31
[2025.06.21-10.23.35:491][781]LogGameMode: FindPlayerStart: PATHS NOT DEFINED or NO PLAYERSTART with positive rating
[2025.06.21-10.23.35:491][781]LogViewport: Display: Viewport MouseCaptureMode Changed, CapturePermanently_IncludingInitialMouseDown -> CapturePermanently
[2025.06.21-10.23.35:493][781]PIE: Server logged in
[2025.06.21-10.23.35:493][781]PIE: Play in editor total start time 0.255 seconds.
[2025.06.21-10.23.35:537][782]LogRenderer: Reallocating scene render targets to support 1172x768 Format 10 NumSamples 1 (Frame:1).
[2025.06.21-10.23.42:385][190]LogSlate: Updating window title bar state: overlay mode, drag disabled, window buttons hidden, title bar hidden
[2025.06.21-10.23.42:385][190]LogWorld: BeginTearingDown for /Game/Maps/UEDPIE_0_Dopusk
[2025.06.21-10.23.42:386][190]LogSlate: Window 'task1 Preview [NetMode: Standalone]  (64-bit/Windows) ' being destroyed
[2025.06.21-10.23.42:399][190]LogWorld: UWorld::CleanupWorld for Dopusk, bSessionEnded=true, bCleanupResources=true
[2025.06.21-10.23.42:400][190]LogSlate: InvalidateAllWidgets triggered.  All widgets were invalidated
[2025.06.21-10.23.42:412][190]LogPlayLevel: Display: Shutting down PIE online subsystems
[2025.06.21-10.23.42:442][190]LogSlate: InvalidateAllWidgets triggered.  All widgets were invalidated
[2025.06.21-10.23.42:473][190]LogAudioMixer: FMixerPlatformXAudio2::StopAudioStream() called
[2025.06.21-10.23.42:473][190]LogAudioMixer: FMixerPlatformXAudio2::StopAudioStream() called
[2025.06.21-10.23.42:484][190]LogUObjectHash: Compacting FUObjectHashTables data took   3.45ms
[2025.06.21-10.23.42:505][191]LogPlayLevel: Display: Destroying online subsystem :Context_31
[2025.06.21-10.23.46:529][432]LogTemp: Repeating last play command: Selected Viewport
[2025.06.21-10.23.46:536][432]BlueprintLog: New page: Pre-Play auto-recompile
[2025.06.21-10.23.46:537][432]LogPlayLevel: [PlayLevel] Compiling StanokPosUI before play...
[2025.06.21-10.23.46:603][432]LogUObjectHash: Compacting FUObjectHashTables data took   2.55ms
[2025.06.21-10.23.46:603][432]LogPlayLevel: PlayLevel: Blueprint regeneration took 67 ms (1 blueprints)
[2025.06.21-10.23.46:603][432]PIE: New page: PIE session: Dopusk (Jun 21, 2025, 4:23:46 PM)
[2025.06.21-10.23.46:603][432]LogPlayLevel: Creating play world package: /Game/Maps/UEDPIE_0_Dopusk
[2025.06.21-10.23.46:605][432]LogPlayLevel: PIE: StaticDuplicateObject took: (0.001952s)
[2025.06.21-10.23.46:606][432]LogAIModule: Creating AISystem for world Dopusk
[2025.06.21-10.23.46:606][432]LogPlayLevel: PIE: World Init took: (0.000850s)
[2025.06.21-10.23.46:606][432]LogPlayLevel: PIE: Created PIE world by copying editor world from /Game/Maps/Dopusk.Dopusk to /Game/Maps/UEDPIE_0_Dopusk.Dopusk (0.002890s)
[2025.06.21-10.23.46:635][432]LogUObjectHash: Compacting FUObjectHashTables data took   1.85ms
[2025.06.21-10.23.46:635][432]LogAudio: Display: Creating Audio Device:                 Id: 25, Scope: Unique, Realtime: True
[2025.06.21-10.23.46:635][432]LogAudioMixer: Display: Audio Mixer Platform Settings:
[2025.06.21-10.23.46:635][432]LogAudioMixer: Display: 	Sample Rate:						  48000
[2025.06.21-10.23.46:635][432]LogAudioMixer: Display: 	Callback Buffer Frame Size Requested: 1024
[2025.06.21-10.23.46:635][432]LogAudioMixer: Display: 	Callback Buffer Frame Size To Use:	  1024
[2025.06.21-10.23.46:635][432]LogAudioMixer: Display: 	Number of buffers to queue:			  2
[2025.06.21-10.23.46:635][432]LogAudioMixer: Display: 	Max Channels (voices):				  32
[2025.06.21-10.23.46:635][432]LogAudioMixer: Display: 	Number of Async Source Workers:		  0
[2025.06.21-10.23.46:635][432]LogAudio: Display: AudioDevice MaxSources: 32
[2025.06.21-10.23.46:635][432]LogAudio: Display: Audio Spatialization Plugin: None (built-in).
[2025.06.21-10.23.46:635][432]LogAudio: Display: Audio Reverb Plugin: None (built-in).
[2025.06.21-10.23.46:635][432]LogAudio: Display: Audio Occlusion Plugin: None (built-in).
[2025.06.21-10.23.46:635][432]LogAudioMixer: Display: Initializing audio mixer.
[2025.06.21-10.23.46:638][432]LogAudioMixer: Display: 0: FrontLeft
[2025.06.21-10.23.46:638][432]LogAudioMixer: Display: 1: FrontRight
[2025.06.21-10.23.46:757][432]LogAudioMixer: Display: Using Audio Device Speakers (Realtek(R) Audio)
[2025.06.21-10.23.46:757][432]LogAudioMixer: Display: Initializing Sound Submixes...
[2025.06.21-10.23.46:757][432]LogAudioMixer: Display: Creating Master Submix 'MasterSubmixDefault'
[2025.06.21-10.23.46:757][432]LogAudioMixer: Display: Creating Master Submix 'MasterReverbSubmixDefault'
[2025.06.21-10.23.46:757][432]LogAudioMixer: Display: Creating Master Submix 'MasterEQSubmixDefault'
[2025.06.21-10.23.46:757][432]LogAudioMixer: FMixerPlatformXAudio2::StartAudioStream() called
[2025.06.21-10.23.46:757][432]LogAudioMixer: Display: Output buffers initialized: Frames=1024, Channels=2, Samples=2048
[2025.06.21-10.23.46:758][432]LogAudioMixer: Display: Starting AudioMixerPlatformInterface::RunInternal()
[2025.06.21-10.23.46:758][432]LogAudioMixer: Display: FMixerPlatformXAudio2::SubmitBuffer() called for the first time
[2025.06.21-10.23.46:758][432]LogInit: FAudioDevice initialized.
[2025.06.21-10.23.46:758][432]LogAudio: Display: Audio Device (ID: 25) registered with world 'Dopusk'.
[2025.06.21-10.23.46:775][432]LogSlate: Updating window title bar state: overlay mode, drag disabled, window buttons hidden, title bar hidden
[2025.06.21-10.23.46:775][432]LogLoad: Game class is 'DopuskGamemode_C'
[2025.06.21-10.23.46:777][432]LogWorld: Bringing World /Game/Maps/UEDPIE_0_Dopusk.Dopusk up for play (max tick rate 60) at 2025.06.21-13.23.46
[2025.06.21-10.23.46:777][432]LogWorld: Bringing up level for play took: 0.000821
[2025.06.21-10.23.46:777][432]LogOnline: OSS: Creating online subsystem instance for: :Context_32
[2025.06.21-10.23.46:779][432]LogGameMode: FindPlayerStart: PATHS NOT DEFINED or NO PLAYERSTART with positive rating
[2025.06.21-10.23.46:779][432]LogViewport: Display: Viewport MouseCaptureMode Changed, CapturePermanently_IncludingInitialMouseDown -> CapturePermanently
[2025.06.21-10.23.46:781][432]PIE: Server logged in
[2025.06.21-10.23.46:782][432]PIE: Play in editor total start time 0.246 seconds.
[2025.06.21-10.23.46:823][433]LogRenderer: Reallocating scene render targets to support 1172x776 Format 10 NumSamples 1 (Frame:1).
[2025.06.21-10.23.55:077][926]LogSlate: Updating window title bar state: overlay mode, drag disabled, window buttons hidden, title bar hidden
[2025.06.21-10.23.55:077][926]LogWorld: BeginTearingDown for /Game/Maps/UEDPIE_0_Dopusk
[2025.06.21-10.23.55:078][926]LogSlate: Window 'task1 Preview [NetMode: Standalone]  (64-bit/Windows) ' being destroyed
[2025.06.21-10.23.55:089][926]LogWorld: UWorld::CleanupWorld for Dopusk, bSessionEnded=true, bCleanupResources=true
[2025.06.21-10.23.55:089][926]LogSlate: InvalidateAllWidgets triggered.  All widgets were invalidated
[2025.06.21-10.23.55:096][926]LogPlayLevel: Display: Shutting down PIE online subsystems
[2025.06.21-10.23.55:126][926]LogSlate: InvalidateAllWidgets triggered.  All widgets were invalidated
[2025.06.21-10.23.55:149][926]LogAudioMixer: FMixerPlatformXAudio2::StopAudioStream() called
[2025.06.21-10.23.55:150][926]LogAudioMixer: FMixerPlatformXAudio2::StopAudioStream() called
[2025.06.21-10.23.55:156][926]LogUObjectHash: Compacting FUObjectHashTables data took   2.43ms
[2025.06.21-10.23.55:185][927]LogPlayLevel: Display: Destroying online subsystem :Context_32
[2025.06.21-10.24.11:676][912]LogTemp: Repeating last play command: Selected Viewport
[2025.06.21-10.24.11:683][912]LogPlayLevel: PlayLevel: No blueprints needed recompiling
[2025.06.21-10.24.11:683][912]PIE: New page: PIE session: Dopusk (Jun 21, 2025, 4:24:11 PM)
[2025.06.21-10.24.11:683][912]LogPlayLevel: Creating play world package: /Game/Maps/UEDPIE_0_Dopusk
[2025.06.21-10.24.11:686][912]LogPlayLevel: PIE: StaticDuplicateObject took: (0.002876s)
[2025.06.21-10.24.11:687][912]LogAIModule: Creating AISystem for world Dopusk
[2025.06.21-10.24.11:687][912]LogPlayLevel: PIE: World Init took: (0.001326s)
[2025.06.21-10.24.11:687][912]LogPlayLevel: PIE: Created PIE world by copying editor world from /Game/Maps/Dopusk.Dopusk to /Game/Maps/UEDPIE_0_Dopusk.Dopusk (0.004318s)
[2025.06.21-10.24.11:721][912]LogUObjectHash: Compacting FUObjectHashTables data took   2.37ms
[2025.06.21-10.24.11:724][912]LogAudio: Display: Creating Audio Device:                 Id: 26, Scope: Unique, Realtime: True
[2025.06.21-10.24.11:724][912]LogAudioMixer: Display: Audio Mixer Platform Settings:
[2025.06.21-10.24.11:724][912]LogAudioMixer: Display: 	Sample Rate:						  48000
[2025.06.21-10.24.11:724][912]LogAudioMixer: Display: 	Callback Buffer Frame Size Requested: 1024
[2025.06.21-10.24.11:724][912]LogAudioMixer: Display: 	Callback Buffer Frame Size To Use:	  1024
[2025.06.21-10.24.11:724][912]LogAudioMixer: Display: 	Number of buffers to queue:			  2
[2025.06.21-10.24.11:724][912]LogAudioMixer: Display: 	Max Channels (voices):				  32
[2025.06.21-10.24.11:724][912]LogAudioMixer: Display: 	Number of Async Source Workers:		  0
[2025.06.21-10.24.11:724][912]LogAudio: Display: AudioDevice MaxSources: 32
[2025.06.21-10.24.11:724][912]LogAudio: Display: Audio Spatialization Plugin: None (built-in).
[2025.06.21-10.24.11:724][912]LogAudio: Display: Audio Reverb Plugin: None (built-in).
[2025.06.21-10.24.11:724][912]LogAudio: Display: Audio Occlusion Plugin: None (built-in).
[2025.06.21-10.24.11:724][912]LogAudioMixer: Display: Initializing audio mixer.
[2025.06.21-10.24.11:727][912]LogAudioMixer: Display: 0: FrontLeft
[2025.06.21-10.24.11:727][912]LogAudioMixer: Display: 1: FrontRight
[2025.06.21-10.24.11:847][912]LogAudioMixer: Display: Using Audio Device Speakers (Realtek(R) Audio)
[2025.06.21-10.24.11:847][912]LogAudioMixer: Display: Initializing Sound Submixes...
[2025.06.21-10.24.11:847][912]LogAudioMixer: Display: Creating Master Submix 'MasterSubmixDefault'
[2025.06.21-10.24.11:847][912]LogAudioMixer: Display: Creating Master Submix 'MasterReverbSubmixDefault'
[2025.06.21-10.24.11:847][912]LogAudioMixer: Display: Creating Master Submix 'MasterEQSubmixDefault'
[2025.06.21-10.24.11:847][912]LogAudioMixer: FMixerPlatformXAudio2::StartAudioStream() called
[2025.06.21-10.24.11:847][912]LogAudioMixer: Display: Output buffers initialized: Frames=1024, Channels=2, Samples=2048
[2025.06.21-10.24.11:848][912]LogAudioMixer: Display: Starting AudioMixerPlatformInterface::RunInternal()
[2025.06.21-10.24.11:848][912]LogAudioMixer: Display: FMixerPlatformXAudio2::SubmitBuffer() called for the first time
[2025.06.21-10.24.11:848][912]LogInit: FAudioDevice initialized.
[2025.06.21-10.24.11:848][912]LogAudio: Display: Audio Device (ID: 26) registered with world 'Dopusk'.
[2025.06.21-10.24.11:868][912]LogSlate: Updating window title bar state: overlay mode, drag disabled, window buttons hidden, title bar hidden
[2025.06.21-10.24.11:868][912]LogLoad: Game class is 'DopuskGamemode_C'
[2025.06.21-10.24.11:869][912]LogWorld: Bringing World /Game/Maps/UEDPIE_0_Dopusk.Dopusk up for play (max tick rate 60) at 2025.06.21-13.24.11
[2025.06.21-10.24.11:869][912]LogWorld: Bringing up level for play took: 0.000839
[2025.06.21-10.24.11:869][912]LogOnline: OSS: Creating online subsystem instance for: :Context_33
[2025.06.21-10.24.11:871][912]LogGameMode: FindPlayerStart: PATHS NOT DEFINED or NO PLAYERSTART with positive rating
[2025.06.21-10.24.11:871][912]LogViewport: Display: Viewport MouseCaptureMode Changed, CapturePermanently_IncludingInitialMouseDown -> CapturePermanently
[2025.06.21-10.24.11:873][912]PIE: Server logged in
[2025.06.21-10.24.11:874][912]PIE: Play in editor total start time 0.193 seconds.
[2025.06.21-10.24.11:917][913]LogRenderer: Reallocating scene render targets to support 1172x784 Format 10 NumSamples 1 (Frame:1).
[2025.06.21-10.24.17:244][230]LogSlate: Updating window title bar state: overlay mode, drag disabled, window buttons hidden, title bar hidden
[2025.06.21-10.24.17:244][230]LogWorld: BeginTearingDown for /Game/Maps/UEDPIE_0_Dopusk
[2025.06.21-10.24.17:244][230]LogSlate: Window 'task1 Preview [NetMode: Standalone]  (64-bit/Windows) ' being destroyed
[2025.06.21-10.24.17:252][230]LogWorld: UWorld::CleanupWorld for Dopusk, bSessionEnded=true, bCleanupResources=true
[2025.06.21-10.24.17:252][230]LogSlate: InvalidateAllWidgets triggered.  All widgets were invalidated
[2025.06.21-10.24.17:259][230]LogPlayLevel: Display: Shutting down PIE online subsystems
[2025.06.21-10.24.17:291][230]LogSlate: InvalidateAllWidgets triggered.  All widgets were invalidated
[2025.06.21-10.24.17:320][230]LogAudio: Display: Audio Device unregistered from world 'None'.
[2025.06.21-10.24.17:320][230]LogAudioMixer: FMixerPlatformXAudio2::StopAudioStream() called
[2025.06.21-10.24.17:321][230]LogAudioMixer: FMixerPlatformXAudio2::StopAudioStream() called
[2025.06.21-10.24.17:326][230]LogUObjectHash: Compacting FUObjectHashTables data took   2.29ms
[2025.06.21-10.24.17:349][231]LogPlayLevel: Display: Destroying online subsystem :Context_33
[2025.06.21-10.24.18:104][277]LogTemp: Repeating last play command: Selected Viewport
[2025.06.21-10.24.18:111][277]LogPlayLevel: PlayLevel: No blueprints needed recompiling
[2025.06.21-10.24.18:111][277]PIE: New page: PIE session: Dopusk (Jun 21, 2025, 4:24:18 PM)
[2025.06.21-10.24.18:111][277]LogPlayLevel: Creating play world package: /Game/Maps/UEDPIE_0_Dopusk
[2025.06.21-10.24.18:114][277]LogPlayLevel: PIE: StaticDuplicateObject took: (0.002464s)
[2025.06.21-10.24.18:115][277]LogAIModule: Creating AISystem for world Dopusk
[2025.06.21-10.24.18:115][277]LogPlayLevel: PIE: World Init took: (0.000934s)
[2025.06.21-10.24.18:115][277]LogPlayLevel: PIE: Created PIE world by copying editor world from /Game/Maps/Dopusk.Dopusk to /Game/Maps/UEDPIE_0_Dopusk.Dopusk (0.003505s)
[2025.06.21-10.24.18:146][277]LogUObjectHash: Compacting FUObjectHashTables data took   1.79ms
[2025.06.21-10.24.18:147][277]LogAudio: Display: Creating Audio Device:                 Id: 27, Scope: Unique, Realtime: True
[2025.06.21-10.24.18:147][277]LogAudioMixer: Display: Audio Mixer Platform Settings:
[2025.06.21-10.24.18:147][277]LogAudioMixer: Display: 	Sample Rate:						  48000
[2025.06.21-10.24.18:147][277]LogAudioMixer: Display: 	Callback Buffer Frame Size Requested: 1024
[2025.06.21-10.24.18:147][277]LogAudioMixer: Display: 	Callback Buffer Frame Size To Use:	  1024
[2025.06.21-10.24.18:147][277]LogAudioMixer: Display: 	Number of buffers to queue:			  2
[2025.06.21-10.24.18:147][277]LogAudioMixer: Display: 	Max Channels (voices):				  32
[2025.06.21-10.24.18:147][277]LogAudioMixer: Display: 	Number of Async Source Workers:		  0
[2025.06.21-10.24.18:147][277]LogAudio: Display: AudioDevice MaxSources: 32
[2025.06.21-10.24.18:147][277]LogAudio: Display: Audio Spatialization Plugin: None (built-in).
[2025.06.21-10.24.18:147][277]LogAudio: Display: Audio Reverb Plugin: None (built-in).
[2025.06.21-10.24.18:147][277]LogAudio: Display: Audio Occlusion Plugin: None (built-in).
[2025.06.21-10.24.18:147][277]LogAudioMixer: Display: Initializing audio mixer.
[2025.06.21-10.24.18:150][277]LogAudioMixer: Display: 0: FrontLeft
[2025.06.21-10.24.18:150][277]LogAudioMixer: Display: 1: FrontRight
[2025.06.21-10.24.18:270][277]LogAudioMixer: Display: Using Audio Device Speakers (Realtek(R) Audio)
[2025.06.21-10.24.18:270][277]LogAudioMixer: Display: Initializing Sound Submixes...
[2025.06.21-10.24.18:270][277]LogAudioMixer: Display: Creating Master Submix 'MasterSubmixDefault'
[2025.06.21-10.24.18:270][277]LogAudioMixer: Display: Creating Master Submix 'MasterReverbSubmixDefault'
[2025.06.21-10.24.18:270][277]LogAudioMixer: Display: Creating Master Submix 'MasterEQSubmixDefault'
[2025.06.21-10.24.18:270][277]LogAudioMixer: FMixerPlatformXAudio2::StartAudioStream() called
[2025.06.21-10.24.18:270][277]LogAudioMixer: Display: Output buffers initialized: Frames=1024, Channels=2, Samples=2048
[2025.06.21-10.24.18:271][277]LogAudioMixer: Display: Starting AudioMixerPlatformInterface::RunInternal()
[2025.06.21-10.24.18:271][277]LogAudioMixer: Display: FMixerPlatformXAudio2::SubmitBuffer() called for the first time
[2025.06.21-10.24.18:271][277]LogInit: FAudioDevice initialized.
[2025.06.21-10.24.18:271][277]LogAudio: Display: Audio Device (ID: 27) registered with world 'Dopusk'.
[2025.06.21-10.24.18:288][277]LogSlate: Updating window title bar state: overlay mode, drag disabled, window buttons hidden, title bar hidden
[2025.06.21-10.24.18:288][277]LogLoad: Game class is 'DopuskGamemode_C'
[2025.06.21-10.24.18:290][277]LogWorld: Bringing World /Game/Maps/UEDPIE_0_Dopusk.Dopusk up for play (max tick rate 60) at 2025.06.21-13.24.18
[2025.06.21-10.24.18:290][277]LogWorld: Bringing up level for play took: 0.000988
[2025.06.21-10.24.18:290][277]LogOnline: OSS: Creating online subsystem instance for: :Context_34
[2025.06.21-10.24.18:292][277]LogGameMode: FindPlayerStart: PATHS NOT DEFINED or NO PLAYERSTART with positive rating
[2025.06.21-10.24.18:293][277]LogViewport: Display: Viewport MouseCaptureMode Changed, CapturePermanently_IncludingInitialMouseDown -> CapturePermanently
[2025.06.21-10.24.18:294][277]PIE: Server logged in
[2025.06.21-10.24.18:295][277]PIE: Play in editor total start time 0.184 seconds.
[2025.06.21-10.24.22:345][516]LogSlate: Updating window title bar state: overlay mode, drag disabled, window buttons hidden, title bar hidden
[2025.06.21-10.24.22:345][516]LogWorld: BeginTearingDown for /Game/Maps/UEDPIE_0_Dopusk
[2025.06.21-10.24.22:345][516]LogSlate: Window 'task1 Preview [NetMode: Standalone]  (64-bit/Windows) ' being destroyed
[2025.06.21-10.24.22:358][516]LogWorld: UWorld::CleanupWorld for Dopusk, bSessionEnded=true, bCleanupResources=true
[2025.06.21-10.24.22:359][516]LogSlate: InvalidateAllWidgets triggered.  All widgets were invalidated
[2025.06.21-10.24.22:368][516]LogPlayLevel: Display: Shutting down PIE online subsystems
[2025.06.21-10.24.22:399][516]LogSlate: InvalidateAllWidgets triggered.  All widgets were invalidated
[2025.06.21-10.24.22:424][516]LogAudioMixer: FMixerPlatformXAudio2::StopAudioStream() called
[2025.06.21-10.24.22:425][516]LogAudioMixer: FMixerPlatformXAudio2::StopAudioStream() called
[2025.06.21-10.24.22:431][516]LogUObjectHash: Compacting FUObjectHashTables data took   2.04ms
[2025.06.21-10.24.22:445][517]LogPlayLevel: Display: Destroying online subsystem :Context_34
[2025.06.21-10.24.23:464][576]LogUObjectHash: Compacting FUObjectHashTables data took   1.77ms
[2025.06.21-10.24.23:495][576]Cmd: OBJ SAVEPACKAGE PACKAGE="/Game/Maps/Dopusk" FILE="../../../../../../Users/eghah/Desktop/diplom/task1/Content/Maps/Dopusk.umap" SILENT=true AUTOSAVING=false KEEPDIRTY=false
[2025.06.21-10.24.23:531][576]LogUObjectHash: Compacting FUObjectHashTables data took   0.52ms
[2025.06.21-10.24.23:537][576]LogSavePackage: Moving '../../../../../../Users/eghah/Desktop/diplom/task1/Saved/Dopusk115BF965441488776A64B0AF5884C016.tmp' to '../../../../../../Users/eghah/Desktop/diplom/task1/Content/Maps/Dopusk.umap'
[2025.06.21-10.24.23:541][576]LogFileHelpers: Saving map 'Dopusk' took 0.046
[2025.06.21-10.24.23:541][576]Cmd: OBJ SAVEPACKAGE PACKAGE="/Game/Dopuski/Stanok" FILE="../../../../../../Users/eghah/Desktop/diplom/task1/Content/Dopuski/Stanok.uasset" SILENT=true
[2025.06.21-10.24.23:592][576]LogSavePackage: Moving '../../../../../../Users/eghah/Desktop/diplom/task1/Saved/StanokA8888F7F4262B24244206E96E7679F27.tmp' to '../../../../../../Users/eghah/Desktop/diplom/task1/Content/Dopuski/Stanok.uasset'
[2025.06.21-10.24.23:593][576]Cmd: OBJ SAVEPACKAGE PACKAGE="/Game/Dopuski/StanokPosUI" FILE="../../../../../../Users/eghah/Desktop/diplom/task1/Content/Dopuski/StanokPosUI.uasset" SILENT=true
[2025.06.21-10.24.23:619][576]LogSavePackage: Moving '../../../../../../Users/eghah/Desktop/diplom/task1/Saved/StanokPosUIB5C8CB994406B5C09F76D6B4D840A994.tmp' to '../../../../../../Users/eghah/Desktop/diplom/task1/Content/Dopuski/StanokPosUI.uasset'
[2025.06.21-10.24.23:635][576]AssetCheck: New page: Asset Save: multiple assets
[2025.06.21-10.24.23:635][576]LogContentValidation: Display: Validating Blueprint /Game/Dopuski/Stanok.Stanok
[2025.06.21-10.24.23:636][576]LogContentValidation: Display: Validating WidgetBlueprint /Game/Dopuski/StanokPosUI.StanokPosUI
[2025.06.21-10.24.23:636][576]LogContentValidation: Display: Validating World /Game/Maps/Dopusk.Dopusk
[2025.06.21-10.24.58:928][685]LogTemp: Repeating last play command: Selected Viewport
[2025.06.21-10.24.58:934][685]LogPlayLevel: PlayLevel: No blueprints needed recompiling
[2025.06.21-10.24.58:934][685]PIE: New page: PIE session: Dopusk (Jun 21, 2025, 4:24:58 PM)
[2025.06.21-10.24.58:935][685]LogPlayLevel: Creating play world package: /Game/Maps/UEDPIE_0_Dopusk
[2025.06.21-10.24.58:937][685]LogPlayLevel: PIE: StaticDuplicateObject took: (0.002867s)
[2025.06.21-10.24.58:939][685]LogAIModule: Creating AISystem for world Dopusk
[2025.06.21-10.24.58:939][685]LogPlayLevel: PIE: World Init took: (0.001156s)
[2025.06.21-10.24.58:939][685]LogPlayLevel: PIE: Created PIE world by copying editor world from /Game/Maps/Dopusk.Dopusk to /Game/Maps/UEDPIE_0_Dopusk.Dopusk (0.004141s)
[2025.06.21-10.24.58:985][685]LogUObjectHash: Compacting FUObjectHashTables data took   2.91ms
[2025.06.21-10.24.58:988][685]LogAudio: Display: Creating Audio Device:                 Id: 28, Scope: Unique, Realtime: True
[2025.06.21-10.24.58:988][685]LogAudioMixer: Display: Audio Mixer Platform Settings:
[2025.06.21-10.24.58:988][685]LogAudioMixer: Display: 	Sample Rate:						  48000
[2025.06.21-10.24.58:988][685]LogAudioMixer: Display: 	Callback Buffer Frame Size Requested: 1024
[2025.06.21-10.24.58:988][685]LogAudioMixer: Display: 	Callback Buffer Frame Size To Use:	  1024
[2025.06.21-10.24.58:988][685]LogAudioMixer: Display: 	Number of buffers to queue:			  2
[2025.06.21-10.24.58:988][685]LogAudioMixer: Display: 	Max Channels (voices):				  32
[2025.06.21-10.24.58:988][685]LogAudioMixer: Display: 	Number of Async Source Workers:		  0
[2025.06.21-10.24.58:988][685]LogAudio: Display: AudioDevice MaxSources: 32
[2025.06.21-10.24.58:989][685]LogAudio: Display: Audio Spatialization Plugin: None (built-in).
[2025.06.21-10.24.58:989][685]LogAudio: Display: Audio Reverb Plugin: None (built-in).
[2025.06.21-10.24.58:989][685]LogAudio: Display: Audio Occlusion Plugin: None (built-in).
[2025.06.21-10.24.58:989][685]LogAudioMixer: Display: Initializing audio mixer.
[2025.06.21-10.24.58:996][685]LogAudioMixer: Display: 0: FrontLeft
[2025.06.21-10.24.58:996][685]LogAudioMixer: Display: 1: FrontRight
[2025.06.21-10.24.59:119][685]LogAudioMixer: Display: Using Audio Device Speakers (Realtek(R) Audio)
[2025.06.21-10.24.59:120][685]LogAudioMixer: Display: Initializing Sound Submixes...
[2025.06.21-10.24.59:120][685]LogAudioMixer: Display: Creating Master Submix 'MasterSubmixDefault'
[2025.06.21-10.24.59:120][685]LogAudioMixer: Display: Creating Master Submix 'MasterReverbSubmixDefault'
[2025.06.21-10.24.59:120][685]LogAudioMixer: Display: Creating Master Submix 'MasterEQSubmixDefault'
[2025.06.21-10.24.59:120][685]LogAudioMixer: FMixerPlatformXAudio2::StartAudioStream() called
[2025.06.21-10.24.59:120][685]LogAudioMixer: Display: Output buffers initialized: Frames=1024, Channels=2, Samples=2048
[2025.06.21-10.24.59:121][685]LogAudioMixer: Display: Starting AudioMixerPlatformInterface::RunInternal()
[2025.06.21-10.24.59:121][685]LogAudioMixer: Display: FMixerPlatformXAudio2::SubmitBuffer() called for the first time
[2025.06.21-10.24.59:121][685]LogInit: FAudioDevice initialized.
[2025.06.21-10.24.59:121][685]LogAudio: Display: Audio Device (ID: 28) registered with world 'Dopusk'.
[2025.06.21-10.24.59:137][685]LogSlate: Updating window title bar state: overlay mode, drag disabled, window buttons hidden, title bar hidden
[2025.06.21-10.24.59:137][685]LogLoad: Game class is 'DopuskGamemode_C'
[2025.06.21-10.24.59:139][685]LogWorld: Bringing World /Game/Maps/UEDPIE_0_Dopusk.Dopusk up for play (max tick rate 60) at 2025.06.21-13.24.59
[2025.06.21-10.24.59:139][685]LogWorld: Bringing up level for play took: 0.001223
[2025.06.21-10.24.59:140][685]LogOnline: OSS: Creating online subsystem instance for: :Context_35
[2025.06.21-10.24.59:141][685]LogGameMode: FindPlayerStart: PATHS NOT DEFINED or NO PLAYERSTART with positive rating
[2025.06.21-10.24.59:142][685]LogViewport: Display: Viewport MouseCaptureMode Changed, CapturePermanently_IncludingInitialMouseDown -> CapturePermanently
[2025.06.21-10.24.59:143][685]PIE: Server logged in
[2025.06.21-10.24.59:145][685]PIE: Play in editor total start time 0.211 seconds.
[2025.06.21-10.25.04:194][986]LogSlate: Updating window title bar state: overlay mode, drag disabled, window buttons hidden, title bar hidden
[2025.06.21-10.25.04:194][986]LogWorld: BeginTearingDown for /Game/Maps/UEDPIE_0_Dopusk
[2025.06.21-10.25.04:194][986]LogSlate: Window 'task1 Preview [NetMode: Standalone]  (64-bit/Windows) ' being destroyed
[2025.06.21-10.25.04:206][986]LogWorld: UWorld::CleanupWorld for Dopusk, bSessionEnded=true, bCleanupResources=true
[2025.06.21-10.25.04:206][986]LogSlate: InvalidateAllWidgets triggered.  All widgets were invalidated
[2025.06.21-10.25.04:216][986]LogPlayLevel: Display: Shutting down PIE online subsystems
[2025.06.21-10.25.04:247][986]LogSlate: InvalidateAllWidgets triggered.  All widgets were invalidated
[2025.06.21-10.25.04:277][986]LogAudio: Display: Audio Device unregistered from world 'None'.
[2025.06.21-10.25.04:277][986]LogAudioMixer: FMixerPlatformXAudio2::StopAudioStream() called
[2025.06.21-10.25.04:278][986]LogAudioMixer: FMixerPlatformXAudio2::StopAudioStream() called
[2025.06.21-10.25.04:282][986]LogUObjectHash: Compacting FUObjectHashTables data took   1.94ms
[2025.06.21-10.25.04:302][987]LogPlayLevel: Display: Destroying online subsystem :Context_35
[2025.06.21-10.25.08:631][246]LogTemp: Repeating last play command: Selected Viewport
[2025.06.21-10.25.08:638][246]LogPlayLevel: PlayLevel: No blueprints needed recompiling
[2025.06.21-10.25.08:638][246]PIE: New page: PIE session: Dopusk (Jun 21, 2025, 4:25:08 PM)
[2025.06.21-10.25.08:638][246]LogPlayLevel: Creating play world package: /Game/Maps/UEDPIE_0_Dopusk
[2025.06.21-10.25.08:642][246]LogPlayLevel: PIE: StaticDuplicateObject took: (0.002859s)
[2025.06.21-10.25.08:643][246]LogAIModule: Creating AISystem for world Dopusk
[2025.06.21-10.25.08:643][246]LogPlayLevel: PIE: World Init took: (0.001130s)
[2025.06.21-10.25.08:643][246]LogPlayLevel: PIE: Created PIE world by copying editor world from /Game/Maps/Dopusk.Dopusk to /Game/Maps/UEDPIE_0_Dopusk.Dopusk (0.004108s)
[2025.06.21-10.25.08:680][246]LogUObjectHash: Compacting FUObjectHashTables data took   2.24ms
[2025.06.21-10.25.08:680][246]LogAudio: Display: Creating Audio Device:                 Id: 29, Scope: Unique, Realtime: True
[2025.06.21-10.25.08:680][246]LogAudioMixer: Display: Audio Mixer Platform Settings:
[2025.06.21-10.25.08:680][246]LogAudioMixer: Display: 	Sample Rate:						  48000
[2025.06.21-10.25.08:680][246]LogAudioMixer: Display: 	Callback Buffer Frame Size Requested: 1024
[2025.06.21-10.25.08:680][246]LogAudioMixer: Display: 	Callback Buffer Frame Size To Use:	  1024
[2025.06.21-10.25.08:680][246]LogAudioMixer: Display: 	Number of buffers to queue:			  2
[2025.06.21-10.25.08:680][246]LogAudioMixer: Display: 	Max Channels (voices):				  32
[2025.06.21-10.25.08:680][246]LogAudioMixer: Display: 	Number of Async Source Workers:		  0
[2025.06.21-10.25.08:680][246]LogAudio: Display: AudioDevice MaxSources: 32
[2025.06.21-10.25.08:680][246]LogAudio: Display: Audio Spatialization Plugin: None (built-in).
[2025.06.21-10.25.08:680][246]LogAudio: Display: Audio Reverb Plugin: None (built-in).
[2025.06.21-10.25.08:680][246]LogAudio: Display: Audio Occlusion Plugin: None (built-in).
[2025.06.21-10.25.08:680][246]LogAudioMixer: Display: Initializing audio mixer.
[2025.06.21-10.25.08:682][246]LogAudioMixer: Display: 0: FrontLeft
[2025.06.21-10.25.08:682][246]LogAudioMixer: Display: 1: FrontRight
[2025.06.21-10.25.08:807][246]LogAudioMixer: Display: Using Audio Device Speakers (Realtek(R) Audio)
[2025.06.21-10.25.08:807][246]LogAudioMixer: Display: Initializing Sound Submixes...
[2025.06.21-10.25.08:807][246]LogAudioMixer: Display: Creating Master Submix 'MasterSubmixDefault'
[2025.06.21-10.25.08:807][246]LogAudioMixer: Display: Creating Master Submix 'MasterReverbSubmixDefault'
[2025.06.21-10.25.08:808][246]LogAudioMixer: Display: Creating Master Submix 'MasterEQSubmixDefault'
[2025.06.21-10.25.08:808][246]LogAudioMixer: FMixerPlatformXAudio2::StartAudioStream() called
[2025.06.21-10.25.08:808][246]LogAudioMixer: Display: Output buffers initialized: Frames=1024, Channels=2, Samples=2048
[2025.06.21-10.25.08:809][246]LogAudioMixer: Display: Starting AudioMixerPlatformInterface::RunInternal()
[2025.06.21-10.25.08:809][246]LogAudioMixer: Display: FMixerPlatformXAudio2::SubmitBuffer() called for the first time
[2025.06.21-10.25.08:809][246]LogInit: FAudioDevice initialized.
[2025.06.21-10.25.08:809][246]LogAudio: Display: Audio Device (ID: 29) registered with world 'Dopusk'.
[2025.06.21-10.25.08:827][246]LogSlate: Updating window title bar state: overlay mode, drag disabled, window buttons hidden, title bar hidden
[2025.06.21-10.25.08:827][246]LogLoad: Game class is 'DopuskGamemode_C'
[2025.06.21-10.25.08:829][246]LogWorld: Bringing World /Game/Maps/UEDPIE_0_Dopusk.Dopusk up for play (max tick rate 60) at 2025.06.21-13.25.08
[2025.06.21-10.25.08:829][246]LogWorld: Bringing up level for play took: 0.000881
[2025.06.21-10.25.08:829][246]LogOnline: OSS: Creating online subsystem instance for: :Context_36
[2025.06.21-10.25.08:831][246]LogGameMode: FindPlayerStart: PATHS NOT DEFINED or NO PLAYERSTART with positive rating
[2025.06.21-10.25.08:831][246]LogViewport: Display: Viewport MouseCaptureMode Changed, CapturePermanently_IncludingInitialMouseDown -> CapturePermanently
[2025.06.21-10.25.08:833][246]PIE: Server logged in
[2025.06.21-10.25.08:833][246]PIE: Play in editor total start time 0.196 seconds.
[2025.06.21-10.25.11:195][385]LogSlate: Updating window title bar state: overlay mode, drag disabled, window buttons hidden, title bar hidden
[2025.06.21-10.25.11:195][385]LogWorld: BeginTearingDown for /Game/Maps/UEDPIE_0_Dopusk
[2025.06.21-10.25.11:196][385]LogSlate: Window 'task1 Preview [NetMode: Standalone]  (64-bit/Windows) ' being destroyed
[2025.06.21-10.25.11:210][385]LogWorld: UWorld::CleanupWorld for Dopusk, bSessionEnded=true, bCleanupResources=true
[2025.06.21-10.25.11:211][385]LogSlate: InvalidateAllWidgets triggered.  All widgets were invalidated
[2025.06.21-10.25.11:221][385]LogPlayLevel: Display: Shutting down PIE online subsystems
[2025.06.21-10.25.11:259][385]LogSlate: InvalidateAllWidgets triggered.  All widgets were invalidated
[2025.06.21-10.25.11:291][385]LogAudioMixer: FMixerPlatformXAudio2::StopAudioStream() called
[2025.06.21-10.25.11:293][385]LogAudioMixer: FMixerPlatformXAudio2::StopAudioStream() called
[2025.06.21-10.25.11:302][385]LogUObjectHash: Compacting FUObjectHashTables data took   4.64ms
[2025.06.21-10.25.11:320][386]LogPlayLevel: Display: Destroying online subsystem :Context_36
[2025.06.21-10.25.52:382][837]LogTemp: Repeating last play command: Selected Viewport
[2025.06.21-10.25.52:388][837]BlueprintLog: New page: Pre-Play auto-recompile
[2025.06.21-10.25.52:391][837]LogPlayLevel: [PlayLevel] Compiling Stanok before play...
[2025.06.21-10.25.52:489][837]LogUObjectHash: Compacting FUObjectHashTables data took   2.77ms
[2025.06.21-10.25.52:490][837]LogPlayLevel: PlayLevel: Blueprint regeneration took 101 ms (1 blueprints)
[2025.06.21-10.25.52:490][837]PIE: New page: PIE session: Dopusk (Jun 21, 2025, 4:25:52 PM)
[2025.06.21-10.25.52:490][837]LogPlayLevel: Creating play world package: /Game/Maps/UEDPIE_0_Dopusk
[2025.06.21-10.25.52:492][837]LogPlayLevel: PIE: StaticDuplicateObject took: (0.002238s)
[2025.06.21-10.25.52:493][837]LogAIModule: Creating AISystem for world Dopusk
[2025.06.21-10.25.52:493][837]LogPlayLevel: PIE: World Init took: (0.000905s)
[2025.06.21-10.25.52:493][837]LogPlayLevel: PIE: Created PIE world by copying editor world from /Game/Maps/Dopusk.Dopusk to /Game/Maps/UEDPIE_0_Dopusk.Dopusk (0.003243s)
[2025.06.21-10.25.52:516][837]LogUObjectHash: Compacting FUObjectHashTables data took   1.95ms
[2025.06.21-10.25.52:517][837]LogAudio: Display: Creating Audio Device:                 Id: 30, Scope: Unique, Realtime: True
[2025.06.21-10.25.52:517][837]LogAudioMixer: Display: Audio Mixer Platform Settings:
[2025.06.21-10.25.52:517][837]LogAudioMixer: Display: 	Sample Rate:						  48000
[2025.06.21-10.25.52:517][837]LogAudioMixer: Display: 	Callback Buffer Frame Size Requested: 1024
[2025.06.21-10.25.52:517][837]LogAudioMixer: Display: 	Callback Buffer Frame Size To Use:	  1024
[2025.06.21-10.25.52:517][837]LogAudioMixer: Display: 	Number of buffers to queue:			  2
[2025.06.21-10.25.52:517][837]LogAudioMixer: Display: 	Max Channels (voices):				  32
[2025.06.21-10.25.52:517][837]LogAudioMixer: Display: 	Number of Async Source Workers:		  0
[2025.06.21-10.25.52:517][837]LogAudio: Display: AudioDevice MaxSources: 32
[2025.06.21-10.25.52:517][837]LogAudio: Display: Audio Spatialization Plugin: None (built-in).
[2025.06.21-10.25.52:517][837]LogAudio: Display: Audio Reverb Plugin: None (built-in).
[2025.06.21-10.25.52:517][837]LogAudio: Display: Audio Occlusion Plugin: None (built-in).
[2025.06.21-10.25.52:517][837]LogAudioMixer: Display: Initializing audio mixer.
[2025.06.21-10.25.52:519][837]LogAudioMixer: Display: 0: FrontLeft
[2025.06.21-10.25.52:519][837]LogAudioMixer: Display: 1: FrontRight
[2025.06.21-10.25.52:639][837]LogAudioMixer: Display: Using Audio Device Speakers (Realtek(R) Audio)
[2025.06.21-10.25.52:639][837]LogAudioMixer: Display: Initializing Sound Submixes...
[2025.06.21-10.25.52:639][837]LogAudioMixer: Display: Creating Master Submix 'MasterSubmixDefault'
[2025.06.21-10.25.52:639][837]LogAudioMixer: Display: Creating Master Submix 'MasterReverbSubmixDefault'
[2025.06.21-10.25.52:640][837]LogAudioMixer: Display: Creating Master Submix 'MasterEQSubmixDefault'
[2025.06.21-10.25.52:640][837]LogAudioMixer: FMixerPlatformXAudio2::StartAudioStream() called
[2025.06.21-10.25.52:640][837]LogAudioMixer: Display: Output buffers initialized: Frames=1024, Channels=2, Samples=2048
[2025.06.21-10.25.52:641][837]LogAudioMixer: Display: Starting AudioMixerPlatformInterface::RunInternal()
[2025.06.21-10.25.52:641][837]LogAudioMixer: Display: FMixerPlatformXAudio2::SubmitBuffer() called for the first time
[2025.06.21-10.25.52:641][837]LogInit: FAudioDevice initialized.
[2025.06.21-10.25.52:641][837]LogAudio: Display: Audio Device (ID: 30) registered with world 'Dopusk'.
[2025.06.21-10.25.52:658][837]LogSlate: Updating window title bar state: overlay mode, drag disabled, window buttons hidden, title bar hidden
[2025.06.21-10.25.52:658][837]LogLoad: Game class is 'DopuskGamemode_C'
[2025.06.21-10.25.52:660][837]LogWorld: Bringing World /Game/Maps/UEDPIE_0_Dopusk.Dopusk up for play (max tick rate 60) at 2025.06.21-13.25.52
[2025.06.21-10.25.52:660][837]LogWorld: Bringing up level for play took: 0.000934
[2025.06.21-10.25.52:660][837]LogOnline: OSS: Creating online subsystem instance for: :Context_37
[2025.06.21-10.25.52:662][837]LogGameMode: FindPlayerStart: PATHS NOT DEFINED or NO PLAYERSTART with positive rating
[2025.06.21-10.25.52:663][837]LogViewport: Display: Viewport MouseCaptureMode Changed, CapturePermanently_IncludingInitialMouseDown -> CapturePermanently
[2025.06.21-10.25.52:664][837]PIE: Server logged in
[2025.06.21-10.25.52:664][837]PIE: Play in editor total start time 0.277 seconds.
[2025.06.21-10.26.08:447][780]LogSlate: Updating window title bar state: overlay mode, drag disabled, window buttons hidden, title bar hidden
[2025.06.21-10.26.08:447][780]LogWorld: BeginTearingDown for /Game/Maps/UEDPIE_0_Dopusk
[2025.06.21-10.26.08:447][780]LogSlate: Window 'task1 Preview [NetMode: Standalone]  (64-bit/Windows) ' being destroyed
[2025.06.21-10.26.08:461][780]LogWorld: UWorld::CleanupWorld for Dopusk, bSessionEnded=true, bCleanupResources=true
[2025.06.21-10.26.08:462][780]LogSlate: InvalidateAllWidgets triggered.  All widgets were invalidated
[2025.06.21-10.26.08:473][780]LogPlayLevel: Display: Shutting down PIE online subsystems
[2025.06.21-10.26.08:503][780]LogSlate: InvalidateAllWidgets triggered.  All widgets were invalidated
[2025.06.21-10.26.08:528][780]LogAudioMixer: FMixerPlatformXAudio2::StopAudioStream() called
[2025.06.21-10.26.08:529][780]LogAudioMixer: FMixerPlatformXAudio2::StopAudioStream() called
[2025.06.21-10.26.08:537][780]LogUObjectHash: Compacting FUObjectHashTables data took   2.22ms
[2025.06.21-10.26.08:552][781]LogPlayLevel: Display: Destroying online subsystem :Context_37
[2025.06.21-10.26.23:218][652]LogAssetEditorSubsystem: Opening Asset editor for Blueprint /Game/Dopuski/Rod.Rod
[2025.06.21-10.26.32:461][186]LogTemp: Repeating last play command: Selected Viewport
[2025.06.21-10.26.32:467][186]BlueprintLog: New page: Pre-Play auto-recompile
[2025.06.21-10.26.32:478][186]LogPlayLevel: [PlayLevel] Compiling Rod before play...
[2025.06.21-10.26.32:573][186]LogUObjectHash: Compacting FUObjectHashTables data took   2.78ms
[2025.06.21-10.26.32:575][186]LogPlayLevel: PlayLevel: Blueprint regeneration took 107 ms (1 blueprints)
[2025.06.21-10.26.32:575][186]PIE: New page: PIE session: Dopusk (Jun 21, 2025, 4:26:32 PM)
[2025.06.21-10.26.32:576][186]LogPlayLevel: Creating play world package: /Game/Maps/UEDPIE_0_Dopusk
[2025.06.21-10.26.32:578][186]LogPlayLevel: PIE: StaticDuplicateObject took: (0.001994s)
[2025.06.21-10.26.32:579][186]LogAIModule: Creating AISystem for world Dopusk
[2025.06.21-10.26.32:579][186]LogPlayLevel: PIE: World Init took: (0.001164s)
[2025.06.21-10.26.32:579][186]LogPlayLevel: PIE: Created PIE world by copying editor world from /Game/Maps/Dopusk.Dopusk to /Game/Maps/UEDPIE_0_Dopusk.Dopusk (0.003284s)
[2025.06.21-10.26.32:613][186]LogUObjectHash: Compacting FUObjectHashTables data took   1.91ms
[2025.06.21-10.26.32:613][186]LogAudio: Display: Creating Audio Device:                 Id: 31, Scope: Unique, Realtime: True
[2025.06.21-10.26.32:613][186]LogAudioMixer: Display: Audio Mixer Platform Settings:
[2025.06.21-10.26.32:613][186]LogAudioMixer: Display: 	Sample Rate:						  48000
[2025.06.21-10.26.32:613][186]LogAudioMixer: Display: 	Callback Buffer Frame Size Requested: 1024
[2025.06.21-10.26.32:613][186]LogAudioMixer: Display: 	Callback Buffer Frame Size To Use:	  1024
[2025.06.21-10.26.32:613][186]LogAudioMixer: Display: 	Number of buffers to queue:			  2
[2025.06.21-10.26.32:613][186]LogAudioMixer: Display: 	Max Channels (voices):				  32
[2025.06.21-10.26.32:613][186]LogAudioMixer: Display: 	Number of Async Source Workers:		  0
[2025.06.21-10.26.32:613][186]LogAudio: Display: AudioDevice MaxSources: 32
[2025.06.21-10.26.32:614][186]LogAudio: Display: Audio Spatialization Plugin: None (built-in).
[2025.06.21-10.26.32:614][186]LogAudio: Display: Audio Reverb Plugin: None (built-in).
[2025.06.21-10.26.32:614][186]LogAudio: Display: Audio Occlusion Plugin: None (built-in).
[2025.06.21-10.26.32:614][186]LogAudioMixer: Display: Initializing audio mixer.
[2025.06.21-10.26.32:616][186]LogAudioMixer: Display: 0: FrontLeft
[2025.06.21-10.26.32:616][186]LogAudioMixer: Display: 1: FrontRight
[2025.06.21-10.26.32:734][186]LogAudioMixer: Display: Using Audio Device Speakers (Realtek(R) Audio)
[2025.06.21-10.26.32:734][186]LogAudioMixer: Display: Initializing Sound Submixes...
[2025.06.21-10.26.32:734][186]LogAudioMixer: Display: Creating Master Submix 'MasterSubmixDefault'
[2025.06.21-10.26.32:734][186]LogAudioMixer: Display: Creating Master Submix 'MasterReverbSubmixDefault'
[2025.06.21-10.26.32:735][186]LogAudioMixer: Display: Creating Master Submix 'MasterEQSubmixDefault'
[2025.06.21-10.26.32:735][186]LogAudioMixer: FMixerPlatformXAudio2::StartAudioStream() called
[2025.06.21-10.26.32:735][186]LogAudioMixer: Display: Output buffers initialized: Frames=1024, Channels=2, Samples=2048
[2025.06.21-10.26.32:736][186]LogAudioMixer: Display: Starting AudioMixerPlatformInterface::RunInternal()
[2025.06.21-10.26.32:736][186]LogAudioMixer: Display: FMixerPlatformXAudio2::SubmitBuffer() called for the first time
[2025.06.21-10.26.32:736][186]LogInit: FAudioDevice initialized.
[2025.06.21-10.26.32:736][186]LogAudio: Display: Audio Device (ID: 31) registered with world 'Dopusk'.
[2025.06.21-10.26.32:755][186]LogSlate: Updating window title bar state: overlay mode, drag disabled, window buttons hidden, title bar hidden
[2025.06.21-10.26.32:755][186]LogLoad: Game class is 'DopuskGamemode_C'
[2025.06.21-10.26.32:757][186]LogWorld: Bringing World /Game/Maps/UEDPIE_0_Dopusk.Dopusk up for play (max tick rate 60) at 2025.06.21-13.26.32
[2025.06.21-10.26.32:757][186]LogWorld: Bringing up level for play took: 0.001088
[2025.06.21-10.26.32:759][186]LogOnline: OSS: Creating online subsystem instance for: :Context_39
[2025.06.21-10.26.32:761][186]LogGameMode: FindPlayerStart: PATHS NOT DEFINED or NO PLAYERSTART with positive rating
[2025.06.21-10.26.32:761][186]LogViewport: Display: Viewport MouseCaptureMode Changed, CapturePermanently_IncludingInitialMouseDown -> CapturePermanently
[2025.06.21-10.26.32:763][186]PIE: Server logged in
[2025.06.21-10.26.32:763][186]PIE: Play in editor total start time 0.297 seconds.
[2025.06.21-10.26.55:336][534]LogSlate: Updating window title bar state: overlay mode, drag disabled, window buttons hidden, title bar hidden
[2025.06.21-10.26.55:337][534]LogWorld: BeginTearingDown for /Game/Maps/UEDPIE_0_Dopusk
[2025.06.21-10.26.55:337][534]LogSlate: Window 'task1 Preview [NetMode: Standalone]  (64-bit/Windows) ' being destroyed
[2025.06.21-10.26.55:351][534]LogWorld: UWorld::CleanupWorld for Dopusk, bSessionEnded=true, bCleanupResources=true
[2025.06.21-10.26.55:352][534]LogSlate: InvalidateAllWidgets triggered.  All widgets were invalidated
[2025.06.21-10.26.55:365][534]LogPlayLevel: Display: Shutting down PIE online subsystems
[2025.06.21-10.26.55:406][534]LogSlate: InvalidateAllWidgets triggered.  All widgets were invalidated
[2025.06.21-10.26.55:448][534]LogAudioMixer: FMixerPlatformXAudio2::StopAudioStream() called
[2025.06.21-10.26.55:449][534]LogAudioMixer: FMixerPlatformXAudio2::StopAudioStream() called
[2025.06.21-10.26.55:456][534]LogUObjectHash: Compacting FUObjectHashTables data took   2.13ms
[2025.06.21-10.26.55:472][535]LogPlayLevel: Display: Destroying online subsystem :Context_39
[2025.06.21-10.27.03:567][ 13]LogUObjectHash: Compacting FUObjectHashTables data took   2.94ms
[2025.06.21-10.27.03:593][ 13]Cmd: OBJ SAVEPACKAGE PACKAGE="/Game/Maps/Dopusk" FILE="../../../../../../Users/eghah/Desktop/diplom/task1/Content/Maps/Dopusk.umap" SILENT=true AUTOSAVING=false KEEPDIRTY=false
[2025.06.21-10.27.03:636][ 13]LogUObjectHash: Compacting FUObjectHashTables data took   0.61ms
[2025.06.21-10.27.03:643][ 13]LogSavePackage: Moving '../../../../../../Users/eghah/Desktop/diplom/task1/Saved/Dopusk8FFC6BCF4967A6F420EA9DA40ABE75F8.tmp' to '../../../../../../Users/eghah/Desktop/diplom/task1/Content/Maps/Dopusk.umap'
[2025.06.21-10.27.03:646][ 13]LogFileHelpers: Saving map 'Dopusk' took 0.053
[2025.06.21-10.27.03:679][ 13]Cmd: OBJ SAVEPACKAGE PACKAGE="/Game/Dopuski/Stanok" FILE="../../../../../../Users/eghah/Desktop/diplom/task1/Content/Dopuski/Stanok.uasset" SILENT=true
[2025.06.21-10.27.03:735][ 13]LogSavePackage: Moving '../../../../../../Users/eghah/Desktop/diplom/task1/Saved/Stanok35CCDB5C470D51923C1D09B04FE9E81A.tmp' to '../../../../../../Users/eghah/Desktop/diplom/task1/Content/Dopuski/Stanok.uasset'
[2025.06.21-10.27.03:747][ 13]Cmd: OBJ SAVEPACKAGE PACKAGE="/Game/Dopuski/Rod" FILE="../../../../../../Users/eghah/Desktop/diplom/task1/Content/Dopuski/Rod.uasset" SILENT=true
[2025.06.21-10.27.03:772][ 13]LogSavePackage: Moving '../../../../../../Users/eghah/Desktop/diplom/task1/Saved/Rod4A8BE52040C18328FBAFE68DA4F79C38.tmp' to '../../../../../../Users/eghah/Desktop/diplom/task1/Content/Dopuski/Rod.uasset'
[2025.06.21-10.27.03:785][ 13]AssetCheck: New page: Asset Save: multiple assets
[2025.06.21-10.27.03:785][ 13]LogContentValidation: Display: Validating Blueprint /Game/Dopuski/Stanok.Stanok
[2025.06.21-10.27.03:785][ 13]LogContentValidation: Display: Validating Blueprint /Game/Dopuski/Rod.Rod
[2025.06.21-10.27.03:785][ 13]LogContentValidation: Display: Validating World /Game/Maps/Dopusk.Dopusk
[2025.06.21-10.27.34:952][843]BlueprintLog: New page: Compile Stanok
[2025.06.21-10.27.35:034][843]LogUObjectHash: Compacting FUObjectHashTables data took   2.22ms
[2025.06.21-10.27.35:727][879]LogUObjectHash: Compacting FUObjectHashTables data took   2.70ms
[2025.06.21-10.27.35:751][879]Cmd: OBJ SAVEPACKAGE PACKAGE="/Game/Maps/Dopusk" FILE="../../../../../../Users/eghah/Desktop/diplom/task1/Content/Maps/Dopusk.umap" SILENT=true AUTOSAVING=false KEEPDIRTY=false
[2025.06.21-10.27.35:777][879]LogUObjectHash: Compacting FUObjectHashTables data took   0.56ms
[2025.06.21-10.27.35:791][879]LogSavePackage: Moving '../../../../../../Users/eghah/Desktop/diplom/task1/Saved/Dopusk31B20FB7438AF0C5834C8782DEB804F5.tmp' to '../../../../../../Users/eghah/Desktop/diplom/task1/Content/Maps/Dopusk.umap'
[2025.06.21-10.27.35:802][879]LogFileHelpers: Saving map 'Dopusk' took 0.052
[2025.06.21-10.27.35:820][879]Cmd: OBJ SAVEPACKAGE PACKAGE="/Game/Dopuski/Stanok" FILE="../../../../../../Users/eghah/Desktop/diplom/task1/Content/Dopuski/Stanok.uasset" SILENT=true
[2025.06.21-10.27.35:877][879]LogSavePackage: Moving '../../../../../../Users/eghah/Desktop/diplom/task1/Saved/StanokB51E36BA4F81DEC3A761018E8048CA2E.tmp' to '../../../../../../Users/eghah/Desktop/diplom/task1/Content/Dopuski/Stanok.uasset'
[2025.06.21-10.27.35:893][879]AssetCheck: New page: Asset Save: multiple assets
[2025.06.21-10.27.35:893][879]LogContentValidation: Display: Validating Blueprint /Game/Dopuski/Stanok.Stanok
[2025.06.21-10.27.35:893][879]LogContentValidation: Display: Validating World /Game/Maps/Dopusk.Dopusk
[2025.06.21-10.27.37:778][991]LogTemp: Repeating last play command: Selected Viewport
[2025.06.21-10.27.37:786][991]LogPlayLevel: PlayLevel: No blueprints needed recompiling
[2025.06.21-10.27.37:786][991]PIE: New page: PIE session: Dopusk (Jun 21, 2025, 4:27:37 PM)
[2025.06.21-10.27.37:786][991]LogPlayLevel: Creating play world package: /Game/Maps/UEDPIE_0_Dopusk
[2025.06.21-10.27.37:789][991]LogPlayLevel: PIE: StaticDuplicateObject took: (0.002777s)
[2025.06.21-10.27.37:790][991]LogAIModule: Creating AISystem for world Dopusk
[2025.06.21-10.27.37:790][991]LogPlayLevel: PIE: World Init took: (0.001179s)
[2025.06.21-10.27.37:790][991]LogPlayLevel: PIE: Created PIE world by copying editor world from /Game/Maps/Dopusk.Dopusk to /Game/Maps/UEDPIE_0_Dopusk.Dopusk (0.004077s)
[2025.06.21-10.27.37:822][991]LogUObjectHash: Compacting FUObjectHashTables data took   2.20ms
[2025.06.21-10.27.37:822][991]LogAudio: Display: Creating Audio Device:                 Id: 32, Scope: Unique, Realtime: True
[2025.06.21-10.27.37:822][991]LogAudioMixer: Display: Audio Mixer Platform Settings:
[2025.06.21-10.27.37:822][991]LogAudioMixer: Display: 	Sample Rate:						  48000
[2025.06.21-10.27.37:822][991]LogAudioMixer: Display: 	Callback Buffer Frame Size Requested: 1024
[2025.06.21-10.27.37:822][991]LogAudioMixer: Display: 	Callback Buffer Frame Size To Use:	  1024
[2025.06.21-10.27.37:822][991]LogAudioMixer: Display: 	Number of buffers to queue:			  2
[2025.06.21-10.27.37:823][991]LogAudioMixer: Display: 	Max Channels (voices):				  32
[2025.06.21-10.27.37:823][991]LogAudioMixer: Display: 	Number of Async Source Workers:		  0
[2025.06.21-10.27.37:823][991]LogAudio: Display: AudioDevice MaxSources: 32
[2025.06.21-10.27.37:823][991]LogAudio: Display: Audio Spatialization Plugin: None (built-in).
[2025.06.21-10.27.37:823][991]LogAudio: Display: Audio Reverb Plugin: None (built-in).
[2025.06.21-10.27.37:823][991]LogAudio: Display: Audio Occlusion Plugin: None (built-in).
[2025.06.21-10.27.37:823][991]LogAudioMixer: Display: Initializing audio mixer.
[2025.06.21-10.27.37:825][991]LogAudioMixer: Display: 0: FrontLeft
[2025.06.21-10.27.37:825][991]LogAudioMixer: Display: 1: FrontRight
[2025.06.21-10.27.37:948][991]LogAudioMixer: Display: Using Audio Device Speakers (Realtek(R) Audio)
[2025.06.21-10.27.37:948][991]LogAudioMixer: Display: Initializing Sound Submixes...
[2025.06.21-10.27.37:948][991]LogAudioMixer: Display: Creating Master Submix 'MasterSubmixDefault'
[2025.06.21-10.27.37:948][991]LogAudioMixer: Display: Creating Master Submix 'MasterReverbSubmixDefault'
[2025.06.21-10.27.37:949][991]LogAudioMixer: Display: Creating Master Submix 'MasterEQSubmixDefault'
[2025.06.21-10.27.37:949][991]LogAudioMixer: FMixerPlatformXAudio2::StartAudioStream() called
[2025.06.21-10.27.37:949][991]LogAudioMixer: Display: Output buffers initialized: Frames=1024, Channels=2, Samples=2048
[2025.06.21-10.27.37:949][991]LogAudioMixer: Display: Starting AudioMixerPlatformInterface::RunInternal()
[2025.06.21-10.27.37:949][991]LogAudioMixer: Display: FMixerPlatformXAudio2::SubmitBuffer() called for the first time
[2025.06.21-10.27.37:949][991]LogInit: FAudioDevice initialized.
[2025.06.21-10.27.37:949][991]LogAudio: Display: Audio Device (ID: 32) registered with world 'Dopusk'.
[2025.06.21-10.27.37:965][991]LogSlate: Updating window title bar state: overlay mode, drag disabled, window buttons hidden, title bar hidden
[2025.06.21-10.27.37:966][991]LogLoad: Game class is 'DopuskGamemode_C'
[2025.06.21-10.27.37:967][991]LogWorld: Bringing World /Game/Maps/UEDPIE_0_Dopusk.Dopusk up for play (max tick rate 60) at 2025.06.21-13.27.37
[2025.06.21-10.27.37:967][991]LogWorld: Bringing up level for play took: 0.001124
[2025.06.21-10.27.37:967][991]LogOnline: OSS: Creating online subsystem instance for: :Context_40
[2025.06.21-10.27.37:969][991]LogGameMode: FindPlayerStart: PATHS NOT DEFINED or NO PLAYERSTART with positive rating
[2025.06.21-10.27.37:969][991]LogViewport: Display: Viewport MouseCaptureMode Changed, CapturePermanently_IncludingInitialMouseDown -> CapturePermanently
[2025.06.21-10.27.37:972][991]PIE: Server logged in
[2025.06.21-10.27.37:973][991]PIE: Play in editor total start time 0.189 seconds.
[2025.06.21-10.27.38:007][992]LogBlueprintUserMessages: [Stanok_2] 0.0
[2025.06.21-10.27.38:049][995]LogBlueprintUserMessages: [Stanok_2] 0.0
[2025.06.21-10.27.38:099][998]LogBlueprintUserMessages: [Stanok_2] 0.0
[2025.06.21-10.27.38:149][  1]LogBlueprintUserMessages: [Stanok_2] 0.0
[2025.06.21-10.27.38:199][  4]LogBlueprintUserMessages: [Stanok_2] 0.0
[2025.06.21-10.27.38:250][  7]LogBlueprintUserMessages: [Stanok_2] 0.0
[2025.06.21-10.27.38:299][ 10]LogBlueprintUserMessages: [Stanok_2] 0.0
[2025.06.21-10.27.38:349][ 13]LogBlueprintUserMessages: [Stanok_2] 0.0
[2025.06.21-10.27.38:399][ 16]LogBlueprintUserMessages: [Stanok_2] 0.0
[2025.06.21-10.27.38:449][ 19]LogBlueprintUserMessages: [Stanok_2] 0.0
[2025.06.21-10.27.38:500][ 22]LogBlueprintUserMessages: [Stanok_2] 0.0
[2025.06.21-10.27.38:549][ 25]LogBlueprintUserMessages: [Stanok_2] 0.0
[2025.06.21-10.27.38:600][ 28]LogBlueprintUserMessages: [Stanok_2] 0.0
[2025.06.21-10.27.38:649][ 31]LogBlueprintUserMessages: [Stanok_2] 0.0
[2025.06.21-10.27.38:699][ 34]LogBlueprintUserMessages: [Stanok_2] 0.0
[2025.06.21-10.27.38:749][ 37]LogBlueprintUserMessages: [Stanok_2] 0.0
[2025.06.21-10.27.38:799][ 40]LogBlueprintUserMessages: [Stanok_2] 0.0
[2025.06.21-10.27.38:849][ 43]LogBlueprintUserMessages: [Stanok_2] 0.0
[2025.06.21-10.27.38:899][ 46]LogBlueprintUserMessages: [Stanok_2] 0.0
[2025.06.21-10.27.38:949][ 49]LogBlueprintUserMessages: [Stanok_2] 0.0
[2025.06.21-10.27.38:999][ 52]LogBlueprintUserMessages: [Stanok_2] 0.0
[2025.06.21-10.27.39:049][ 55]LogBlueprintUserMessages: [Stanok_2] 0.0
[2025.06.21-10.27.39:099][ 58]LogBlueprintUserMessages: [Stanok_2] 0.0
[2025.06.21-10.27.39:149][ 61]LogBlueprintUserMessages: [Stanok_2] 0.0
[2025.06.21-10.27.39:199][ 64]LogBlueprintUserMessages: [Stanok_2] 0.0
[2025.06.21-10.27.39:249][ 67]LogBlueprintUserMessages: [Stanok_2] 0.0
[2025.06.21-10.27.39:299][ 70]LogBlueprintUserMessages: [Stanok_2] 0.0
[2025.06.21-10.27.39:349][ 73]LogBlueprintUserMessages: [Stanok_2] 0.0
[2025.06.21-10.27.39:400][ 76]LogBlueprintUserMessages: [Stanok_2] 0.0
[2025.06.21-10.27.39:449][ 79]LogBlueprintUserMessages: [Stanok_2] 0.0
[2025.06.21-10.27.39:499][ 82]LogBlueprintUserMessages: [Stanok_2] 0.0
[2025.06.21-10.27.39:550][ 85]LogBlueprintUserMessages: [Stanok_2] 0.0
[2025.06.21-10.27.39:599][ 88]LogBlueprintUserMessages: [Stanok_2] 0.0
[2025.06.21-10.27.39:649][ 91]LogBlueprintUserMessages: [Stanok_2] 0.0
[2025.06.21-10.27.39:699][ 94]LogBlueprintUserMessages: [Stanok_2] 0.0
[2025.06.21-10.27.39:750][ 97]LogBlueprintUserMessages: [Stanok_2] 0.0
[2025.06.21-10.27.39:799][100]LogBlueprintUserMessages: [Stanok_2] 0.0
[2025.06.21-10.27.39:849][103]LogBlueprintUserMessages: [Stanok_2] 0.0
[2025.06.21-10.27.39:899][106]LogBlueprintUserMessages: [Stanok_2] 0.0
[2025.06.21-10.27.39:950][109]LogBlueprintUserMessages: [Stanok_2] 0.0
[2025.06.21-10.27.39:999][112]LogBlueprintUserMessages: [Stanok_2] 0.0
[2025.06.21-10.27.40:052][115]LogBlueprintUserMessages: [Stanok_2] 0.0
[2025.06.21-10.27.40:101][118]LogBlueprintUserMessages: [Stanok_2] 0.0
[2025.06.21-10.27.40:149][121]LogBlueprintUserMessages: [Stanok_2] 0.0
[2025.06.21-10.27.40:199][124]LogBlueprintUserMessages: [Stanok_2] 0.0
[2025.06.21-10.27.40:249][127]LogBlueprintUserMessages: [Stanok_2] 0.0
[2025.06.21-10.27.40:301][130]LogBlueprintUserMessages: [Stanok_2] 0.0
[2025.06.21-10.27.40:349][133]LogBlueprintUserMessages: [Stanok_2] 0.0
[2025.06.21-10.27.40:399][136]LogBlueprintUserMessages: [Stanok_2] 0.0
[2025.06.21-10.27.40:449][139]LogBlueprintUserMessages: [Stanok_2] 0.0
[2025.06.21-10.27.40:499][142]LogBlueprintUserMessages: [Stanok_2] 0.0
[2025.06.21-10.27.40:550][145]LogBlueprintUserMessages: [Stanok_2] 0.0
[2025.06.21-10.27.40:599][148]LogBlueprintUserMessages: [Stanok_2] 0.0
[2025.06.21-10.27.40:649][151]LogBlueprintUserMessages: [Stanok_2] 0.0
[2025.06.21-10.27.40:699][154]LogBlueprintUserMessages: [Stanok_2] 0.0
[2025.06.21-10.27.40:749][157]LogBlueprintUserMessages: [Stanok_2] 0.0
[2025.06.21-10.27.40:799][160]LogBlueprintUserMessages: [Stanok_2] 0.0
[2025.06.21-10.27.40:851][163]LogBlueprintUserMessages: [Stanok_2] 0.0
[2025.06.21-10.27.40:899][166]LogBlueprintUserMessages: [Stanok_2] 0.0
[2025.06.21-10.27.40:949][169]LogBlueprintUserMessages: [Stanok_2] 0.0
[2025.06.21-10.27.40:999][172]LogBlueprintUserMessages: [Stanok_2] 0.0
[2025.06.21-10.27.41:050][175]LogBlueprintUserMessages: [Stanok_2] 0.0
[2025.06.21-10.27.41:099][178]LogBlueprintUserMessages: [Stanok_2] 0.0
[2025.06.21-10.27.41:150][181]LogBlueprintUserMessages: [Stanok_2] 0.0
[2025.06.21-10.27.41:199][184]LogBlueprintUserMessages: [Stanok_2] 0.0
[2025.06.21-10.27.41:250][187]LogBlueprintUserMessages: [Stanok_2] 0.0
[2025.06.21-10.27.41:300][190]LogBlueprintUserMessages: [Stanok_2] 0.0
[2025.06.21-10.27.41:350][193]LogBlueprintUserMessages: [Stanok_2] 0.0
[2025.06.21-10.27.41:400][196]LogBlueprintUserMessages: [Stanok_2] 0.0
[2025.06.21-10.27.41:450][199]LogBlueprintUserMessages: [Stanok_2] 0.0
[2025.06.21-10.27.41:500][202]LogBlueprintUserMessages: [Stanok_2] 0.0
[2025.06.21-10.27.41:550][205]LogBlueprintUserMessages: [Stanok_2] 0.0
[2025.06.21-10.27.41:599][208]LogBlueprintUserMessages: [Stanok_2] 0.0
[2025.06.21-10.27.41:652][211]LogBlueprintUserMessages: [Stanok_2] 0.0
[2025.06.21-10.27.41:701][214]LogBlueprintUserMessages: [Stanok_2] 0.0
[2025.06.21-10.27.41:749][217]LogBlueprintUserMessages: [Stanok_2] 0.0
[2025.06.21-10.27.41:800][220]LogBlueprintUserMessages: [Stanok_2] 0.0
[2025.06.21-10.27.41:850][223]LogBlueprintUserMessages: [Stanok_2] 0.0
[2025.06.21-10.27.41:902][226]LogBlueprintUserMessages: [Stanok_2] 0.0
[2025.06.21-10.27.41:949][229]LogBlueprintUserMessages: [Stanok_2] 0.0
[2025.06.21-10.27.42:000][232]LogBlueprintUserMessages: [Stanok_2] 0.0
[2025.06.21-10.27.42:050][235]LogBlueprintUserMessages: [Stanok_2] 0.0
[2025.06.21-10.27.42:100][238]LogBlueprintUserMessages: [Stanok_2] 0.0
[2025.06.21-10.27.42:149][241]LogBlueprintUserMessages: [Stanok_2] 0.0
[2025.06.21-10.27.42:199][244]LogBlueprintUserMessages: [Stanok_2] 0.0
[2025.06.21-10.27.42:250][247]LogBlueprintUserMessages: [Stanok_2] 0.0
[2025.06.21-10.27.42:299][250]LogBlueprintUserMessages: [Stanok_2] 0.0
[2025.06.21-10.27.42:349][253]LogBlueprintUserMessages: [Stanok_2] 0.0
[2025.06.21-10.27.42:399][256]LogBlueprintUserMessages: [Stanok_2] 0.0
[2025.06.21-10.27.42:449][259]LogBlueprintUserMessages: [Stanok_2] 0.0
[2025.06.21-10.27.42:499][262]LogBlueprintUserMessages: [Stanok_2] 0.0
[2025.06.21-10.27.42:550][265]LogBlueprintUserMessages: [Stanok_2] 0.0
[2025.06.21-10.27.42:599][268]LogBlueprintUserMessages: [Stanok_2] 0.0
[2025.06.21-10.27.42:649][271]LogBlueprintUserMessages: [Stanok_2] 0.0
[2025.06.21-10.27.42:684][271]LogSlate: Updating window title bar state: overlay mode, drag disabled, window buttons hidden, title bar hidden
[2025.06.21-10.27.42:684][271]LogWorld: BeginTearingDown for /Game/Maps/UEDPIE_0_Dopusk
[2025.06.21-10.27.42:684][271]LogSlate: Window 'task1 Preview [NetMode: Standalone]  (64-bit/Windows) ' being destroyed
[2025.06.21-10.27.42:695][271]LogWorld: UWorld::CleanupWorld for Dopusk, bSessionEnded=true, bCleanupResources=true
[2025.06.21-10.27.42:695][271]LogSlate: InvalidateAllWidgets triggered.  All widgets were invalidated
[2025.06.21-10.27.42:705][271]LogPlayLevel: Display: Shutting down PIE online subsystems
[2025.06.21-10.27.42:738][271]LogSlate: InvalidateAllWidgets triggered.  All widgets were invalidated
[2025.06.21-10.27.42:768][271]LogAudioMixer: FMixerPlatformXAudio2::StopAudioStream() called
[2025.06.21-10.27.42:770][271]LogAudioMixer: FMixerPlatformXAudio2::StopAudioStream() called
[2025.06.21-10.27.42:776][271]LogUObjectHash: Compacting FUObjectHashTables data took   2.11ms
[2025.06.21-10.27.42:792][272]LogPlayLevel: Display: Destroying online subsystem :Context_40
[2025.06.21-10.27.48:148][592]LogTemp: Repeating last play command: Selected Viewport
[2025.06.21-10.27.48:152][592]BlueprintLog: New page: Pre-Play auto-recompile
[2025.06.21-10.27.48:155][592]LogPlayLevel: [PlayLevel] Compiling Stanok before play...
[2025.06.21-10.27.48:243][592]LogUObjectHash: Compacting FUObjectHashTables data took   3.09ms
[2025.06.21-10.27.48:244][592]LogPlayLevel: PlayLevel: Blueprint regeneration took 91 ms (1 blueprints)
[2025.06.21-10.27.48:244][592]PIE: New page: PIE session: Dopusk (Jun 21, 2025, 4:27:48 PM)
[2025.06.21-10.27.48:244][592]LogPlayLevel: Creating play world package: /Game/Maps/UEDPIE_0_Dopusk
[2025.06.21-10.27.48:246][592]LogPlayLevel: PIE: StaticDuplicateObject took: (0.001940s)
[2025.06.21-10.27.48:246][592]LogAIModule: Creating AISystem for world Dopusk
[2025.06.21-10.27.48:247][592]LogPlayLevel: PIE: World Init took: (0.000870s)
[2025.06.21-10.27.48:247][592]LogPlayLevel: PIE: Created PIE world by copying editor world from /Game/Maps/Dopusk.Dopusk to /Game/Maps/UEDPIE_0_Dopusk.Dopusk (0.002896s)
[2025.06.21-10.27.48:287][592]LogUObjectHash: Compacting FUObjectHashTables data took   1.90ms
[2025.06.21-10.27.48:287][592]LogAudio: Display: Creating Audio Device:                 Id: 33, Scope: Unique, Realtime: True
[2025.06.21-10.27.48:287][592]LogAudioMixer: Display: Audio Mixer Platform Settings:
[2025.06.21-10.27.48:287][592]LogAudioMixer: Display: 	Sample Rate:						  48000
[2025.06.21-10.27.48:287][592]LogAudioMixer: Display: 	Callback Buffer Frame Size Requested: 1024
[2025.06.21-10.27.48:287][592]LogAudioMixer: Display: 	Callback Buffer Frame Size To Use:	  1024
[2025.06.21-10.27.48:287][592]LogAudioMixer: Display: 	Number of buffers to queue:			  2
[2025.06.21-10.27.48:287][592]LogAudioMixer: Display: 	Max Channels (voices):				  32
[2025.06.21-10.27.48:287][592]LogAudioMixer: Display: 	Number of Async Source Workers:		  0
[2025.06.21-10.27.48:287][592]LogAudio: Display: AudioDevice MaxSources: 32
[2025.06.21-10.27.48:288][592]LogAudio: Display: Audio Spatialization Plugin: None (built-in).
[2025.06.21-10.27.48:288][592]LogAudio: Display: Audio Reverb Plugin: None (built-in).
[2025.06.21-10.27.48:288][592]LogAudio: Display: Audio Occlusion Plugin: None (built-in).
[2025.06.21-10.27.48:288][592]LogAudioMixer: Display: Initializing audio mixer.
[2025.06.21-10.27.48:291][592]LogAudioMixer: Display: 0: FrontLeft
[2025.06.21-10.27.48:291][592]LogAudioMixer: Display: 1: FrontRight
[2025.06.21-10.27.48:414][592]LogAudioMixer: Display: Using Audio Device Speakers (Realtek(R) Audio)
[2025.06.21-10.27.48:415][592]LogAudioMixer: Display: Initializing Sound Submixes...
[2025.06.21-10.27.48:415][592]LogAudioMixer: Display: Creating Master Submix 'MasterSubmixDefault'
[2025.06.21-10.27.48:415][592]LogAudioMixer: Display: Creating Master Submix 'MasterReverbSubmixDefault'
[2025.06.21-10.27.48:415][592]LogAudioMixer: Display: Creating Master Submix 'MasterEQSubmixDefault'
[2025.06.21-10.27.48:415][592]LogAudioMixer: FMixerPlatformXAudio2::StartAudioStream() called
[2025.06.21-10.27.48:415][592]LogAudioMixer: Display: Output buffers initialized: Frames=1024, Channels=2, Samples=2048
[2025.06.21-10.27.48:416][592]LogAudioMixer: Display: Starting AudioMixerPlatformInterface::RunInternal()
[2025.06.21-10.27.48:416][592]LogAudioMixer: Display: FMixerPlatformXAudio2::SubmitBuffer() called for the first time
[2025.06.21-10.27.48:416][592]LogInit: FAudioDevice initialized.
[2025.06.21-10.27.48:416][592]LogAudio: Display: Audio Device (ID: 33) registered with world 'Dopusk'.
[2025.06.21-10.27.48:436][592]LogSlate: Updating window title bar state: overlay mode, drag disabled, window buttons hidden, title bar hidden
[2025.06.21-10.27.48:436][592]LogLoad: Game class is 'DopuskGamemode_C'
[2025.06.21-10.27.48:438][592]LogWorld: Bringing World /Game/Maps/UEDPIE_0_Dopusk.Dopusk up for play (max tick rate 60) at 2025.06.21-13.27.48
[2025.06.21-10.27.48:438][592]LogWorld: Bringing up level for play took: 0.001366
[2025.06.21-10.27.48:439][592]LogOnline: OSS: Creating online subsystem instance for: :Context_41
[2025.06.21-10.27.48:442][592]LogGameMode: FindPlayerStart: PATHS NOT DEFINED or NO PLAYERSTART with positive rating
[2025.06.21-10.27.48:442][592]LogViewport: Display: Viewport MouseCaptureMode Changed, CapturePermanently_IncludingInitialMouseDown -> CapturePermanently
[2025.06.21-10.27.48:444][592]PIE: Server logged in
[2025.06.21-10.27.48:444][592]PIE: Play in editor total start time 0.292 seconds.
[2025.06.21-10.27.48:525][593]LogBlueprintUserMessages: [Stanok_2] 33.333332
[2025.06.21-10.27.48:564][595]LogBlueprintUserMessages: [Stanok_2] 33.333332
[2025.06.21-10.27.48:622][598]LogBlueprintUserMessages: [Stanok_2] 33.333332
[2025.06.21-10.27.48:672][601]LogBlueprintUserMessages: [Stanok_2] 33.333332
[2025.06.21-10.27.48:722][604]LogBlueprintUserMessages: [Stanok_2] 33.333332
[2025.06.21-10.27.48:772][607]LogBlueprintUserMessages: [Stanok_2] 33.333332
[2025.06.21-10.27.48:822][610]LogBlueprintUserMessages: [Stanok_2] 33.333332
[2025.06.21-10.27.48:872][613]LogBlueprintUserMessages: [Stanok_2] 33.333332
[2025.06.21-10.27.48:922][616]LogBlueprintUserMessages: [Stanok_2] 33.333332
[2025.06.21-10.27.48:972][619]LogBlueprintUserMessages: [Stanok_2] 33.333332
[2025.06.21-10.27.49:021][622]LogBlueprintUserMessages: [Stanok_2] 33.333332
[2025.06.21-10.27.49:072][625]LogBlueprintUserMessages: [Stanok_2] 33.333332
[2025.06.21-10.27.49:122][628]LogBlueprintUserMessages: [Stanok_2] 33.333332
[2025.06.21-10.27.49:172][631]LogBlueprintUserMessages: [Stanok_2] 33.333332
[2025.06.21-10.27.49:222][634]LogBlueprintUserMessages: [Stanok_2] 33.333332
[2025.06.21-10.27.49:271][637]LogBlueprintUserMessages: [Stanok_2] 33.333332
[2025.06.21-10.27.49:322][640]LogBlueprintUserMessages: [Stanok_2] 33.333332
[2025.06.21-10.27.49:371][643]LogBlueprintUserMessages: [Stanok_2] 33.333332
[2025.06.21-10.27.49:422][646]LogBlueprintUserMessages: [Stanok_2] 33.333332
[2025.06.21-10.27.49:472][649]LogBlueprintUserMessages: [Stanok_2] 33.333332
[2025.06.21-10.27.49:522][652]LogBlueprintUserMessages: [Stanok_2] 33.333332
[2025.06.21-10.27.49:572][655]LogBlueprintUserMessages: [Stanok_2] 33.333332
[2025.06.21-10.27.49:622][658]LogBlueprintUserMessages: [Stanok_2] 33.333332
[2025.06.21-10.27.49:672][661]LogBlueprintUserMessages: [Stanok_2] 33.333332
[2025.06.21-10.27.49:724][664]LogBlueprintUserMessages: [Stanok_2] 33.333332
[2025.06.21-10.27.49:772][667]LogBlueprintUserMessages: [Stanok_2] 33.333332
[2025.06.21-10.27.49:822][670]LogBlueprintUserMessages: [Stanok_2] 33.333332
[2025.06.21-10.27.49:872][673]LogBlueprintUserMessages: [Stanok_2] 33.333332
[2025.06.21-10.27.49:923][676]LogBlueprintUserMessages: [Stanok_2] 33.333332
[2025.06.21-10.27.49:971][679]LogBlueprintUserMessages: [Stanok_2] 33.333332
[2025.06.21-10.27.50:023][682]LogBlueprintUserMessages: [Stanok_2] 33.333332
[2025.06.21-10.27.50:072][685]LogBlueprintUserMessages: [Stanok_2] 33.333332
[2025.06.21-10.27.50:122][688]LogBlueprintUserMessages: [Stanok_2] 33.333332
[2025.06.21-10.27.50:172][691]LogBlueprintUserMessages: [Stanok_2] 33.333332
[2025.06.21-10.27.50:222][694]LogBlueprintUserMessages: [Stanok_2] 33.333332
[2025.06.21-10.27.50:272][697]LogBlueprintUserMessages: [Stanok_2] 33.333332
[2025.06.21-10.27.50:321][700]LogBlueprintUserMessages: [Stanok_2] 33.333332
[2025.06.21-10.27.50:372][703]LogBlueprintUserMessages: [Stanok_2] 33.333332
[2025.06.21-10.27.50:421][706]LogBlueprintUserMessages: [Stanok_2] 33.333332
[2025.06.21-10.27.50:472][709]LogBlueprintUserMessages: [Stanok_2] 33.333332
[2025.06.21-10.27.50:521][712]LogBlueprintUserMessages: [Stanok_2] 33.333332
[2025.06.21-10.27.50:572][715]LogBlueprintUserMessages: [Stanok_2] 33.333332
[2025.06.21-10.27.50:623][718]LogBlueprintUserMessages: [Stanok_2] 33.333332
[2025.06.21-10.27.50:672][721]LogBlueprintUserMessages: [Stanok_2] 33.333332
[2025.06.21-10.27.50:722][724]LogBlueprintUserMessages: [Stanok_2] 33.333332
[2025.06.21-10.27.50:772][727]LogBlueprintUserMessages: [Stanok_2] 33.333332
[2025.06.21-10.27.50:822][730]LogBlueprintUserMessages: [Stanok_2] 33.333332
[2025.06.21-10.27.50:872][733]LogBlueprintUserMessages: [Stanok_2] 33.333332
[2025.06.21-10.27.50:921][736]LogBlueprintUserMessages: [Stanok_2] 33.333332
[2025.06.21-10.27.50:971][739]LogBlueprintUserMessages: [Stanok_2] 33.333332
[2025.06.21-10.27.51:021][742]LogBlueprintUserMessages: [Stanok_2] 33.333332
[2025.06.21-10.27.51:073][745]LogBlueprintUserMessages: [Stanok_2] 33.333332
[2025.06.21-10.27.51:121][748]LogBlueprintUserMessages: [Stanok_2] 33.333332
[2025.06.21-10.27.51:172][751]LogBlueprintUserMessages: [Stanok_2] 33.333332
[2025.06.21-10.27.51:222][754]LogBlueprintUserMessages: [Stanok_2] 33.333332
[2025.06.21-10.27.51:271][757]LogBlueprintUserMessages: [Stanok_2] 33.333332
[2025.06.21-10.27.51:322][760]LogBlueprintUserMessages: [Stanok_2] 33.333332
[2025.06.21-10.27.51:372][763]LogBlueprintUserMessages: [Stanok_2] 33.333332
[2025.06.21-10.27.51:422][766]LogBlueprintUserMessages: [Stanok_2] 33.333332
[2025.06.21-10.27.51:473][769]LogBlueprintUserMessages: [Stanok_2] 33.333332
[2025.06.21-10.27.51:523][772]LogBlueprintUserMessages: [Stanok_2] 33.333332
[2025.06.21-10.27.51:573][775]LogBlueprintUserMessages: [Stanok_2] 33.333332
[2025.06.21-10.27.51:621][778]LogBlueprintUserMessages: [Stanok_2] 33.333332
[2025.06.21-10.27.51:671][781]LogBlueprintUserMessages: [Stanok_2] 33.333332
[2025.06.21-10.27.51:721][784]LogBlueprintUserMessages: [Stanok_2] 33.333332
[2025.06.21-10.27.51:772][787]LogBlueprintUserMessages: [Stanok_2] 33.333332
[2025.06.21-10.27.51:821][790]LogBlueprintUserMessages: [Stanok_2] 33.333332
[2025.06.21-10.27.51:872][793]LogBlueprintUserMessages: [Stanok_2] 33.333332
[2025.06.21-10.27.51:922][796]LogBlueprintUserMessages: [Stanok_2] 33.333332
[2025.06.21-10.27.51:973][799]LogBlueprintUserMessages: [Stanok_2] 33.333332
[2025.06.21-10.27.52:023][802]LogBlueprintUserMessages: [Stanok_2] 33.333332
[2025.06.21-10.27.52:085][804]LogSlate: Updating window title bar state: overlay mode, drag disabled, window buttons hidden, title bar hidden
[2025.06.21-10.27.52:085][804]LogWorld: BeginTearingDown for /Game/Maps/UEDPIE_0_Dopusk
[2025.06.21-10.27.52:085][804]LogSlate: Window 'task1 Preview [NetMode: Standalone]  (64-bit/Windows) ' being destroyed
[2025.06.21-10.27.52:109][804]LogWorld: UWorld::CleanupWorld for Dopusk, bSessionEnded=true, bCleanupResources=true
[2025.06.21-10.27.52:109][804]LogSlate: InvalidateAllWidgets triggered.  All widgets were invalidated
[2025.06.21-10.27.52:122][804]LogPlayLevel: Display: Shutting down PIE online subsystems
[2025.06.21-10.27.52:157][804]LogSlate: InvalidateAllWidgets triggered.  All widgets were invalidated
[2025.06.21-10.27.52:195][804]LogAudioMixer: FMixerPlatformXAudio2::StopAudioStream() called
[2025.06.21-10.27.52:196][804]LogAudioMixer: FMixerPlatformXAudio2::StopAudioStream() called
[2025.06.21-10.27.52:203][804]LogUObjectHash: Compacting FUObjectHashTables data took   2.25ms
[2025.06.21-10.27.52:224][805]LogPlayLevel: Display: Destroying online subsystem :Context_41
[2025.06.21-10.27.56:494][ 60]LogTemp: Repeating last play command: Selected Viewport
[2025.06.21-10.27.56:501][ 60]BlueprintLog: New page: Pre-Play auto-recompile
[2025.06.21-10.27.56:503][ 60]LogPlayLevel: [PlayLevel] Compiling Stanok before play...
[2025.06.21-10.27.56:604][ 60]LogUObjectHash: Compacting FUObjectHashTables data took   2.54ms
[2025.06.21-10.27.56:604][ 60]LogPlayLevel: PlayLevel: Blueprint regeneration took 103 ms (1 blueprints)
[2025.06.21-10.27.56:604][ 60]PIE: New page: PIE session: Dopusk (Jun 21, 2025, 4:27:56 PM)
[2025.06.21-10.27.56:604][ 60]LogPlayLevel: Creating play world package: /Game/Maps/UEDPIE_0_Dopusk
[2025.06.21-10.27.56:606][ 60]LogPlayLevel: PIE: StaticDuplicateObject took: (0.001957s)
[2025.06.21-10.27.56:607][ 60]LogAIModule: Creating AISystem for world Dopusk
[2025.06.21-10.27.56:607][ 60]LogPlayLevel: PIE: World Init took: (0.000862s)
[2025.06.21-10.27.56:607][ 60]LogPlayLevel: PIE: Created PIE world by copying editor world from /Game/Maps/Dopusk.Dopusk to /Game/Maps/UEDPIE_0_Dopusk.Dopusk (0.002907s)
[2025.06.21-10.27.56:647][ 60]LogUObjectHash: Compacting FUObjectHashTables data took   1.93ms
[2025.06.21-10.27.56:647][ 60]LogAudio: Display: Creating Audio Device:                 Id: 34, Scope: Unique, Realtime: True
[2025.06.21-10.27.56:647][ 60]LogAudioMixer: Display: Audio Mixer Platform Settings:
[2025.06.21-10.27.56:647][ 60]LogAudioMixer: Display: 	Sample Rate:						  48000
[2025.06.21-10.27.56:647][ 60]LogAudioMixer: Display: 	Callback Buffer Frame Size Requested: 1024
[2025.06.21-10.27.56:647][ 60]LogAudioMixer: Display: 	Callback Buffer Frame Size To Use:	  1024
[2025.06.21-10.27.56:647][ 60]LogAudioMixer: Display: 	Number of buffers to queue:			  2
[2025.06.21-10.27.56:647][ 60]LogAudioMixer: Display: 	Max Channels (voices):				  32
[2025.06.21-10.27.56:647][ 60]LogAudioMixer: Display: 	Number of Async Source Workers:		  0
[2025.06.21-10.27.56:647][ 60]LogAudio: Display: AudioDevice MaxSources: 32
[2025.06.21-10.27.56:648][ 60]LogAudio: Display: Audio Spatialization Plugin: None (built-in).
[2025.06.21-10.27.56:648][ 60]LogAudio: Display: Audio Reverb Plugin: None (built-in).
[2025.06.21-10.27.56:648][ 60]LogAudio: Display: Audio Occlusion Plugin: None (built-in).
[2025.06.21-10.27.56:648][ 60]LogAudioMixer: Display: Initializing audio mixer.
[2025.06.21-10.27.56:651][ 60]LogAudioMixer: Display: 0: FrontLeft
[2025.06.21-10.27.56:651][ 60]LogAudioMixer: Display: 1: FrontRight
[2025.06.21-10.27.56:769][ 60]LogAudioMixer: Display: Using Audio Device Speakers (Realtek(R) Audio)
[2025.06.21-10.27.56:769][ 60]LogAudioMixer: Display: Initializing Sound Submixes...
[2025.06.21-10.27.56:769][ 60]LogAudioMixer: Display: Creating Master Submix 'MasterSubmixDefault'
[2025.06.21-10.27.56:769][ 60]LogAudioMixer: Display: Creating Master Submix 'MasterReverbSubmixDefault'
[2025.06.21-10.27.56:769][ 60]LogAudioMixer: Display: Creating Master Submix 'MasterEQSubmixDefault'
[2025.06.21-10.27.56:769][ 60]LogAudioMixer: FMixerPlatformXAudio2::StartAudioStream() called
[2025.06.21-10.27.56:769][ 60]LogAudioMixer: Display: Output buffers initialized: Frames=1024, Channels=2, Samples=2048
[2025.06.21-10.27.56:770][ 60]LogAudioMixer: Display: Starting AudioMixerPlatformInterface::RunInternal()
[2025.06.21-10.27.56:770][ 60]LogAudioMixer: Display: FMixerPlatformXAudio2::SubmitBuffer() called for the first time
[2025.06.21-10.27.56:770][ 60]LogInit: FAudioDevice initialized.
[2025.06.21-10.27.56:770][ 60]LogAudio: Display: Audio Device (ID: 34) registered with world 'Dopusk'.
[2025.06.21-10.27.56:793][ 60]LogSlate: Updating window title bar state: overlay mode, drag disabled, window buttons hidden, title bar hidden
[2025.06.21-10.27.56:793][ 60]LogLoad: Game class is 'DopuskGamemode_C'
[2025.06.21-10.27.56:795][ 60]LogWorld: Bringing World /Game/Maps/UEDPIE_0_Dopusk.Dopusk up for play (max tick rate 60) at 2025.06.21-13.27.56
[2025.06.21-10.27.56:795][ 60]LogWorld: Bringing up level for play took: 0.001164
[2025.06.21-10.27.56:795][ 60]LogOnline: OSS: Creating online subsystem instance for: :Context_42
[2025.06.21-10.27.56:797][ 60]LogGameMode: FindPlayerStart: PATHS NOT DEFINED or NO PLAYERSTART with positive rating
[2025.06.21-10.27.56:798][ 60]LogViewport: Display: Viewport MouseCaptureMode Changed, CapturePermanently_IncludingInitialMouseDown -> CapturePermanently
[2025.06.21-10.27.56:799][ 60]PIE: Server logged in
[2025.06.21-10.27.56:799][ 60]PIE: Play in editor total start time 0.3 seconds.
[2025.06.21-10.27.56:872][ 61]LogBlueprintUserMessages: [Stanok_2] -56.0
[2025.06.21-10.27.56:919][ 64]LogBlueprintUserMessages: [Stanok_2] -56.0
[2025.06.21-10.27.56:968][ 67]LogBlueprintUserMessages: [Stanok_2] -56.0
[2025.06.21-10.27.57:019][ 70]LogBlueprintUserMessages: [Stanok_2] -56.0
[2025.06.21-10.27.57:069][ 73]LogBlueprintUserMessages: [Stanok_2] -56.0
[2025.06.21-10.27.57:119][ 76]LogBlueprintUserMessages: [Stanok_2] -56.0
[2025.06.21-10.27.57:170][ 79]LogBlueprintUserMessages: [Stanok_2] -56.0
[2025.06.21-10.27.57:218][ 82]LogBlueprintUserMessages: [Stanok_2] -56.0
[2025.06.21-10.27.57:269][ 85]LogBlueprintUserMessages: [Stanok_2] -56.0
[2025.06.21-10.27.57:319][ 88]LogBlueprintUserMessages: [Stanok_2] -56.0
[2025.06.21-10.27.57:368][ 91]LogBlueprintUserMessages: [Stanok_2] -56.0
[2025.06.21-10.27.57:419][ 94]LogBlueprintUserMessages: [Stanok_2] -56.0
[2025.06.21-10.27.57:468][ 97]LogBlueprintUserMessages: [Stanok_2] -56.0
[2025.06.21-10.27.57:518][100]LogBlueprintUserMessages: [Stanok_2] -56.0
[2025.06.21-10.27.57:569][103]LogBlueprintUserMessages: [Stanok_2] -56.0
[2025.06.21-10.27.57:619][106]LogBlueprintUserMessages: [Stanok_2] -56.0
[2025.06.21-10.27.57:669][109]LogBlueprintUserMessages: [Stanok_2] -56.0
[2025.06.21-10.27.57:718][112]LogBlueprintUserMessages: [Stanok_2] -56.0
[2025.06.21-10.27.57:769][115]LogBlueprintUserMessages: [Stanok_2] -56.0
[2025.06.21-10.27.57:819][118]LogBlueprintUserMessages: [Stanok_2] -56.0
[2025.06.21-10.27.57:869][121]LogBlueprintUserMessages: [Stanok_2] -56.0
[2025.06.21-10.27.57:918][124]LogBlueprintUserMessages: [Stanok_2] -56.0
[2025.06.21-10.27.57:969][127]LogBlueprintUserMessages: [Stanok_2] -56.0
[2025.06.21-10.27.58:019][130]LogBlueprintUserMessages: [Stanok_2] -56.0
[2025.06.21-10.27.58:069][133]LogBlueprintUserMessages: [Stanok_2] -56.0
[2025.06.21-10.27.58:119][136]LogBlueprintUserMessages: [Stanok_2] -56.0
[2025.06.21-10.27.58:168][139]LogBlueprintUserMessages: [Stanok_2] -56.0
[2025.06.21-10.27.58:220][142]LogBlueprintUserMessages: [Stanok_2] -56.0
[2025.06.21-10.27.58:268][145]LogBlueprintUserMessages: [Stanok_2] -56.0
[2025.06.21-10.27.58:319][148]LogBlueprintUserMessages: [Stanok_2] -56.75008
[2025.06.21-10.27.58:369][151]LogBlueprintUserMessages: [Stanok_2] -57.500202
[2025.06.21-10.27.58:419][154]LogBlueprintUserMessages: [Stanok_2] -58.250324
[2025.06.21-10.27.58:468][157]LogBlueprintUserMessages: [Stanok_2] -59.000446
[2025.06.21-10.27.58:518][160]LogBlueprintUserMessages: [Stanok_2] -59.750568
[2025.06.21-10.27.58:569][163]LogBlueprintUserMessages: [Stanok_2] -60.50069
[2025.06.21-10.27.58:618][166]LogBlueprintUserMessages: [Stanok_2] -61.250813
[2025.06.21-10.27.58:669][169]LogBlueprintUserMessages: [Stanok_2] -62.000935
[2025.06.21-10.27.58:719][172]LogBlueprintUserMessages: [Stanok_2] -62.751057
[2025.06.21-10.27.58:770][175]LogBlueprintUserMessages: [Stanok_2] -63.251137
[2025.06.21-10.27.58:819][178]LogBlueprintUserMessages: [Stanok_2] -63.251137
[2025.06.21-10.27.58:869][181]LogBlueprintUserMessages: [Stanok_2] -63.251137
[2025.06.21-10.27.58:919][184]LogBlueprintUserMessages: [Stanok_2] -63.251137
[2025.06.21-10.27.58:969][187]LogBlueprintUserMessages: [Stanok_2] -63.251137
[2025.06.21-10.27.59:019][190]LogBlueprintUserMessages: [Stanok_2] -63.251137
[2025.06.21-10.27.59:069][193]LogBlueprintUserMessages: [Stanok_2] -63.251137
[2025.06.21-10.27.59:118][196]LogBlueprintUserMessages: [Stanok_2] -63.251137
[2025.06.21-10.27.59:170][199]LogBlueprintUserMessages: [Stanok_2] -63.001099
[2025.06.21-10.27.59:219][202]LogBlueprintUserMessages: [Stanok_2] -62.250977
[2025.06.21-10.27.59:269][205]LogBlueprintUserMessages: [Stanok_2] -61.500854
[2025.06.21-10.27.59:320][208]LogBlueprintUserMessages: [Stanok_2] -60.750732
[2025.06.21-10.27.59:369][211]LogBlueprintUserMessages: [Stanok_2] -60.00061
[2025.06.21-10.27.59:419][214]LogBlueprintUserMessages: [Stanok_2] -59.250488
[2025.06.21-10.27.59:468][217]LogBlueprintUserMessages: [Stanok_2] -58.500366
[2025.06.21-10.27.59:519][220]LogBlueprintUserMessages: [Stanok_2] -57.750244
[2025.06.21-10.27.59:569][223]LogBlueprintUserMessages: [Stanok_2] -57.000122
[2025.06.21-10.27.59:618][226]LogBlueprintUserMessages: [Stanok_2] -56.25
[2025.06.21-10.27.59:669][229]LogBlueprintUserMessages: [Stanok_2] -55.499878
[2025.06.21-10.27.59:719][232]LogBlueprintUserMessages: [Stanok_2] -54.749756
[2025.06.21-10.27.59:769][235]LogBlueprintUserMessages: [Stanok_2] -53.999634
[2025.06.21-10.27.59:819][238]LogBlueprintUserMessages: [Stanok_2] -53.249512
[2025.06.21-10.27.59:869][241]LogBlueprintUserMessages: [Stanok_2] -52.49939
[2025.06.21-10.27.59:919][244]LogBlueprintUserMessages: [Stanok_2] -51.749268
[2025.06.21-10.27.59:969][247]LogBlueprintUserMessages: [Stanok_2] -51.249184
[2025.06.21-10.28.00:018][250]LogBlueprintUserMessages: [Stanok_2] -51.249184
[2025.06.21-10.28.00:069][253]LogBlueprintUserMessages: [Stanok_2] -51.249184
[2025.06.21-10.28.00:119][256]LogBlueprintUserMessages: [Stanok_2] -51.249184
[2025.06.21-10.28.00:169][259]LogBlueprintUserMessages: [Stanok_2] -51.249184
[2025.06.21-10.28.00:218][262]LogBlueprintUserMessages: [Stanok_2] -51.249184
[2025.06.21-10.28.00:268][265]LogBlueprintUserMessages: [Stanok_2] -51.249184
[2025.06.21-10.28.00:319][268]LogBlueprintUserMessages: [Stanok_2] -51.249184
[2025.06.21-10.28.00:369][271]LogBlueprintUserMessages: [Stanok_2] -51.249184
[2025.06.21-10.28.00:419][274]LogBlueprintUserMessages: [Stanok_2] -51.249184
[2025.06.21-10.28.00:469][277]LogBlueprintUserMessages: [Stanok_2] -51.249184
[2025.06.21-10.28.00:519][280]LogBlueprintUserMessages: [Stanok_2] -51.249184
[2025.06.21-10.28.00:569][283]LogBlueprintUserMessages: [Stanok_2] -51.249184
[2025.06.21-10.28.00:619][286]LogBlueprintUserMessages: [Stanok_2] -51.249184
[2025.06.21-10.28.00:668][289]LogBlueprintUserMessages: [Stanok_2] -51.249184
[2025.06.21-10.28.00:719][292]LogBlueprintUserMessages: [Stanok_2] -51.249184
[2025.06.21-10.28.00:769][295]LogBlueprintUserMessages: [Stanok_2] -51.249184
[2025.06.21-10.28.00:818][298]LogBlueprintUserMessages: [Stanok_2] -51.249184
[2025.06.21-10.28.00:869][301]LogBlueprintUserMessages: [Stanok_2] -51.249184
[2025.06.21-10.28.00:919][304]LogBlueprintUserMessages: [Stanok_2] -51.249184
[2025.06.21-10.28.00:968][307]LogBlueprintUserMessages: [Stanok_2] -51.249184
[2025.06.21-10.28.01:019][310]LogBlueprintUserMessages: [Stanok_2] -51.249184
[2025.06.21-10.28.01:068][313]LogBlueprintUserMessages: [Stanok_2] -51.249184
[2025.06.21-10.28.01:119][316]LogBlueprintUserMessages: [Stanok_2] -51.249184
[2025.06.21-10.28.01:169][319]LogBlueprintUserMessages: [Stanok_2] -51.249184
[2025.06.21-10.28.01:219][322]LogBlueprintUserMessages: [Stanok_2] -51.249184
[2025.06.21-10.28.01:274][323]LogSlate: Updating window title bar state: overlay mode, drag disabled, window buttons hidden, title bar hidden
[2025.06.21-10.28.01:274][323]LogWorld: BeginTearingDown for /Game/Maps/UEDPIE_0_Dopusk
[2025.06.21-10.28.01:275][323]LogSlate: Window 'task1 Preview [NetMode: Standalone]  (64-bit/Windows) ' being destroyed
[2025.06.21-10.28.01:285][323]LogWorld: UWorld::CleanupWorld for Dopusk, bSessionEnded=true, bCleanupResources=true
[2025.06.21-10.28.01:285][323]LogSlate: InvalidateAllWidgets triggered.  All widgets were invalidated
[2025.06.21-10.28.01:296][323]LogPlayLevel: Display: Shutting down PIE online subsystems
[2025.06.21-10.28.01:328][323]LogSlate: InvalidateAllWidgets triggered.  All widgets were invalidated
[2025.06.21-10.28.01:368][323]LogAudioMixer: FMixerPlatformXAudio2::StopAudioStream() called
[2025.06.21-10.28.01:370][323]LogAudioMixer: FMixerPlatformXAudio2::StopAudioStream() called
[2025.06.21-10.28.01:374][323]LogUObjectHash: Compacting FUObjectHashTables data took   2.13ms
[2025.06.21-10.28.01:399][324]LogPlayLevel: Display: Destroying online subsystem :Context_42
[2025.06.21-10.28.16:729][218]LogTemp: Repeating last play command: Selected Viewport
[2025.06.21-10.28.16:734][218]BlueprintLog: New page: Pre-Play auto-recompile
[2025.06.21-10.28.16:737][218]LogPlayLevel: [PlayLevel] Compiling Stanok before play...
[2025.06.21-10.28.16:837][218]LogUObjectHash: Compacting FUObjectHashTables data took   2.88ms
[2025.06.21-10.28.16:837][218]LogPlayLevel: PlayLevel: Blueprint regeneration took 103 ms (1 blueprints)
[2025.06.21-10.28.16:837][218]PIE: New page: PIE session: Dopusk (Jun 21, 2025, 4:28:16 PM)
[2025.06.21-10.28.16:837][218]LogPlayLevel: Creating play world package: /Game/Maps/UEDPIE_0_Dopusk
[2025.06.21-10.28.16:839][218]LogPlayLevel: PIE: StaticDuplicateObject took: (0.001953s)
[2025.06.21-10.28.16:839][218]LogAIModule: Creating AISystem for world Dopusk
[2025.06.21-10.28.16:841][218]LogPlayLevel: PIE: World Init took: (0.000869s)
[2025.06.21-10.28.16:841][218]LogPlayLevel: PIE: Created PIE world by copying editor world from /Game/Maps/Dopusk.Dopusk to /Game/Maps/UEDPIE_0_Dopusk.Dopusk (0.002920s)
[2025.06.21-10.28.16:871][218]LogUObjectHash: Compacting FUObjectHashTables data took   1.92ms
[2025.06.21-10.28.16:872][218]LogAudio: Display: Creating Audio Device:                 Id: 35, Scope: Unique, Realtime: True
[2025.06.21-10.28.16:872][218]LogAudioMixer: Display: Audio Mixer Platform Settings:
[2025.06.21-10.28.16:872][218]LogAudioMixer: Display: 	Sample Rate:						  48000
[2025.06.21-10.28.16:872][218]LogAudioMixer: Display: 	Callback Buffer Frame Size Requested: 1024
[2025.06.21-10.28.16:872][218]LogAudioMixer: Display: 	Callback Buffer Frame Size To Use:	  1024
[2025.06.21-10.28.16:872][218]LogAudioMixer: Display: 	Number of buffers to queue:			  2
[2025.06.21-10.28.16:872][218]LogAudioMixer: Display: 	Max Channels (voices):				  32
[2025.06.21-10.28.16:872][218]LogAudioMixer: Display: 	Number of Async Source Workers:		  0
[2025.06.21-10.28.16:872][218]LogAudio: Display: AudioDevice MaxSources: 32
[2025.06.21-10.28.16:872][218]LogAudio: Display: Audio Spatialization Plugin: None (built-in).
[2025.06.21-10.28.16:872][218]LogAudio: Display: Audio Reverb Plugin: None (built-in).
[2025.06.21-10.28.16:872][218]LogAudio: Display: Audio Occlusion Plugin: None (built-in).
[2025.06.21-10.28.16:872][218]LogAudioMixer: Display: Initializing audio mixer.
[2025.06.21-10.28.16:875][218]LogAudioMixer: Display: 0: FrontLeft
[2025.06.21-10.28.16:875][218]LogAudioMixer: Display: 1: FrontRight
[2025.06.21-10.28.16:994][218]LogAudioMixer: Display: Using Audio Device Speakers (Realtek(R) Audio)
[2025.06.21-10.28.16:994][218]LogAudioMixer: Display: Initializing Sound Submixes...
[2025.06.21-10.28.16:994][218]LogAudioMixer: Display: Creating Master Submix 'MasterSubmixDefault'
[2025.06.21-10.28.16:994][218]LogAudioMixer: Display: Creating Master Submix 'MasterReverbSubmixDefault'
[2025.06.21-10.28.16:994][218]LogAudioMixer: Display: Creating Master Submix 'MasterEQSubmixDefault'
[2025.06.21-10.28.16:994][218]LogAudioMixer: FMixerPlatformXAudio2::StartAudioStream() called
[2025.06.21-10.28.16:994][218]LogAudioMixer: Display: Output buffers initialized: Frames=1024, Channels=2, Samples=2048
[2025.06.21-10.28.16:995][218]LogAudioMixer: Display: Starting AudioMixerPlatformInterface::RunInternal()
[2025.06.21-10.28.16:995][218]LogAudioMixer: Display: FMixerPlatformXAudio2::SubmitBuffer() called for the first time
[2025.06.21-10.28.16:995][218]LogInit: FAudioDevice initialized.
[2025.06.21-10.28.16:995][218]LogAudio: Display: Audio Device (ID: 35) registered with world 'Dopusk'.
[2025.06.21-10.28.17:011][218]LogSlate: Updating window title bar state: overlay mode, drag disabled, window buttons hidden, title bar hidden
[2025.06.21-10.28.17:011][218]LogLoad: Game class is 'DopuskGamemode_C'
[2025.06.21-10.28.17:013][218]LogWorld: Bringing World /Game/Maps/UEDPIE_0_Dopusk.Dopusk up for play (max tick rate 60) at 2025.06.21-13.28.17
[2025.06.21-10.28.17:013][218]LogWorld: Bringing up level for play took: 0.000893
[2025.06.21-10.28.17:013][218]LogOnline: OSS: Creating online subsystem instance for: :Context_43
[2025.06.21-10.28.17:015][218]LogGameMode: FindPlayerStart: PATHS NOT DEFINED or NO PLAYERSTART with positive rating
[2025.06.21-10.28.17:016][218]LogViewport: Display: Viewport MouseCaptureMode Changed, CapturePermanently_IncludingInitialMouseDown -> CapturePermanently
[2025.06.21-10.28.17:017][218]PIE: Server logged in
[2025.06.21-10.28.17:017][218]PIE: Play in editor total start time 0.285 seconds.
[2025.06.21-10.28.17:094][219]LogBlueprintUserMessages: [Stanok_2] -30.621
[2025.06.21-10.28.17:139][221]LogBlueprintUserMessages: [Stanok_2] -30.621
[2025.06.21-10.28.17:195][224]LogBlueprintUserMessages: [Stanok_2] -30.621
[2025.06.21-10.28.17:246][227]LogBlueprintUserMessages: [Stanok_2] -30.621
[2025.06.21-10.28.17:296][230]LogBlueprintUserMessages: [Stanok_2] -30.621
[2025.06.21-10.28.17:345][233]LogBlueprintUserMessages: [Stanok_2] -30.621
[2025.06.21-10.28.17:395][236]LogBlueprintUserMessages: [Stanok_2] -30.621
[2025.06.21-10.28.17:446][239]LogBlueprintUserMessages: [Stanok_2] -30.621
[2025.06.21-10.28.17:495][242]LogBlueprintUserMessages: [Stanok_2] -30.621
[2025.06.21-10.28.17:545][245]LogBlueprintUserMessages: [Stanok_2] -30.621
[2025.06.21-10.28.17:595][248]LogBlueprintUserMessages: [Stanok_2] -30.621
[2025.06.21-10.28.17:645][251]LogBlueprintUserMessages: [Stanok_2] -30.621
[2025.06.21-10.28.17:698][254]LogBlueprintUserMessages: [Stanok_2] -30.746002
[2025.06.21-10.28.17:745][257]LogBlueprintUserMessages: [Stanok_2] -31.121002
[2025.06.21-10.28.17:795][260]LogBlueprintUserMessages: [Stanok_2] -31.496002
[2025.06.21-10.28.17:845][263]LogBlueprintUserMessages: [Stanok_2] -31.871002
[2025.06.21-10.28.17:896][266]LogBlueprintUserMessages: [Stanok_2] -32.246002
[2025.06.21-10.28.17:945][269]LogBlueprintUserMessages: [Stanok_2] -32.621002
[2025.06.21-10.28.17:995][272]LogBlueprintUserMessages: [Stanok_2] -32.996002
[2025.06.21-10.28.18:046][275]LogBlueprintUserMessages: [Stanok_2] -33.371002
[2025.06.21-10.28.18:096][278]LogBlueprintUserMessages: [Stanok_2] -33.746002
[2025.06.21-10.28.18:146][281]LogBlueprintUserMessages: [Stanok_2] -34.121002
[2025.06.21-10.28.18:196][284]LogBlueprintUserMessages: [Stanok_2] -34.496002
[2025.06.21-10.28.18:246][287]LogBlueprintUserMessages: [Stanok_2] -34.871002
[2025.06.21-10.28.18:295][290]LogBlueprintUserMessages: [Stanok_2] -35.246002
[2025.06.21-10.28.18:346][293]LogBlueprintUserMessages: [Stanok_2] -35.621002
[2025.06.21-10.28.18:396][296]LogBlueprintUserMessages: [Stanok_2] -35.996002
[2025.06.21-10.28.18:446][299]LogBlueprintUserMessages: [Stanok_2] -36.371002
[2025.06.21-10.28.18:495][302]LogBlueprintUserMessages: [Stanok_2] -36.746002
[2025.06.21-10.28.18:546][305]LogBlueprintUserMessages: [Stanok_2] -37.121002
[2025.06.21-10.28.18:595][308]LogBlueprintUserMessages: [Stanok_2] -37.496002
[2025.06.21-10.28.18:646][311]LogBlueprintUserMessages: [Stanok_2] -37.871002
[2025.06.21-10.28.18:696][314]LogBlueprintUserMessages: [Stanok_2] -38.246002
[2025.06.21-10.28.18:745][317]LogBlueprintUserMessages: [Stanok_2] -38.621002
[2025.06.21-10.28.18:795][320]LogBlueprintUserMessages: [Stanok_2] -38.996002
[2025.06.21-10.28.18:845][323]LogBlueprintUserMessages: [Stanok_2] -39.371002
[2025.06.21-10.28.18:896][326]LogBlueprintUserMessages: [Stanok_2] -39.746002
[2025.06.21-10.28.18:946][329]LogBlueprintUserMessages: [Stanok_2] -40.121002
[2025.06.21-10.28.18:995][332]LogBlueprintUserMessages: [Stanok_2] -40.496002
[2025.06.21-10.28.19:045][335]LogBlueprintUserMessages: [Stanok_2] -40.871002
[2025.06.21-10.28.19:096][338]LogBlueprintUserMessages: [Stanok_2] -41.246002
[2025.06.21-10.28.19:145][341]LogBlueprintUserMessages: [Stanok_2] -41.621002
[2025.06.21-10.28.19:195][344]LogBlueprintUserMessages: [Stanok_2] -41.996002
[2025.06.21-10.28.19:245][347]LogBlueprintUserMessages: [Stanok_2] -42.371002
[2025.06.21-10.28.19:296][350]LogBlueprintUserMessages: [Stanok_2] -42.746002
[2025.06.21-10.28.19:345][353]LogBlueprintUserMessages: [Stanok_2] -43.121002
[2025.06.21-10.28.19:395][356]LogBlueprintUserMessages: [Stanok_2] -43.496002
[2025.06.21-10.28.19:446][359]LogBlueprintUserMessages: [Stanok_2] -43.871002
[2025.06.21-10.28.19:496][362]LogBlueprintUserMessages: [Stanok_2] -44.246002
[2025.06.21-10.28.19:546][365]LogBlueprintUserMessages: [Stanok_2] -44.621002
[2025.06.21-10.28.19:596][368]LogBlueprintUserMessages: [Stanok_2] -44.996002
[2025.06.21-10.28.19:646][371]LogBlueprintUserMessages: [Stanok_2] -45.121002
[2025.06.21-10.28.19:695][374]LogBlueprintUserMessages: [Stanok_2] -45.121002
[2025.06.21-10.28.19:746][377]LogBlueprintUserMessages: [Stanok_2] -45.121002
[2025.06.21-10.28.19:796][380]LogBlueprintUserMessages: [Stanok_2] -45.121002
[2025.06.21-10.28.19:845][383]LogBlueprintUserMessages: [Stanok_2] -45.121002
[2025.06.21-10.28.19:895][386]LogBlueprintUserMessages: [Stanok_2] -45.121002
[2025.06.21-10.28.19:946][389]LogBlueprintUserMessages: [Stanok_2] -45.121002
[2025.06.21-10.28.19:995][392]LogBlueprintUserMessages: [Stanok_2] -45.121002
[2025.06.21-10.28.20:045][395]LogBlueprintUserMessages: [Stanok_2] -45.121002
[2025.06.21-10.28.20:096][398]LogBlueprintUserMessages: [Stanok_2] -45.121002
[2025.06.21-10.28.20:145][401]LogBlueprintUserMessages: [Stanok_2] -45.121002
[2025.06.21-10.28.20:195][404]LogBlueprintUserMessages: [Stanok_2] -45.121002
[2025.06.21-10.28.20:246][407]LogBlueprintUserMessages: [Stanok_2] -45.121002
[2025.06.21-10.28.20:296][410]LogBlueprintUserMessages: [Stanok_2] -45.121002
[2025.06.21-10.28.20:346][413]LogBlueprintUserMessages: [Stanok_2] -45.121002
[2025.06.21-10.28.20:396][416]LogBlueprintUserMessages: [Stanok_2] -45.121002
[2025.06.21-10.28.20:445][419]LogBlueprintUserMessages: [Stanok_2] -45.121002
[2025.06.21-10.28.20:495][422]LogBlueprintUserMessages: [Stanok_2] -45.121002
[2025.06.21-10.28.20:546][425]LogBlueprintUserMessages: [Stanok_2] -45.121002
[2025.06.21-10.28.20:596][428]LogBlueprintUserMessages: [Stanok_2] -45.121002
[2025.06.21-10.28.20:646][431]LogBlueprintUserMessages: [Stanok_2] -45.121002
[2025.06.21-10.28.20:696][434]LogBlueprintUserMessages: [Stanok_2] -45.121002
[2025.06.21-10.28.20:745][437]LogBlueprintUserMessages: [Stanok_2] -45.121002
[2025.06.21-10.28.20:795][440]LogBlueprintUserMessages: [Stanok_2] -45.121002
[2025.06.21-10.28.20:846][443]LogBlueprintUserMessages: [Stanok_2] -45.121002
[2025.06.21-10.28.20:895][446]LogBlueprintUserMessages: [Stanok_2] -45.121002
[2025.06.21-10.28.20:945][449]LogBlueprintUserMessages: [Stanok_2] -45.121002
[2025.06.21-10.28.20:995][452]LogBlueprintUserMessages: [Stanok_2] -45.121002
[2025.06.21-10.28.21:046][455]LogBlueprintUserMessages: [Stanok_2] -45.121002
[2025.06.21-10.28.21:096][458]LogBlueprintUserMessages: [Stanok_2] -45.121002
[2025.06.21-10.28.21:145][461]LogBlueprintUserMessages: [Stanok_2] -45.121002
[2025.06.21-10.28.21:195][464]LogBlueprintUserMessages: [Stanok_2] -45.121002
[2025.06.21-10.28.21:245][467]LogBlueprintUserMessages: [Stanok_2] -45.121002
[2025.06.21-10.28.21:296][470]LogBlueprintUserMessages: [Stanok_2] -45.121002
[2025.06.21-10.28.21:345][473]LogBlueprintUserMessages: [Stanok_2] -45.121002
[2025.06.21-10.28.21:396][476]LogBlueprintUserMessages: [Stanok_2] -45.121002
[2025.06.21-10.28.21:446][479]LogBlueprintUserMessages: [Stanok_2] -45.121002
[2025.06.21-10.28.21:495][482]LogBlueprintUserMessages: [Stanok_2] -45.121002
[2025.06.21-10.28.21:546][485]LogBlueprintUserMessages: [Stanok_2] -45.121002
[2025.06.21-10.28.21:595][488]LogBlueprintUserMessages: [Stanok_2] -45.121002
[2025.06.21-10.28.21:645][491]LogBlueprintUserMessages: [Stanok_2] -45.121002
[2025.06.21-10.28.21:696][494]LogBlueprintUserMessages: [Stanok_2] -45.121002
[2025.06.21-10.28.21:746][497]LogBlueprintUserMessages: [Stanok_2] -45.121002
[2025.06.21-10.28.21:795][500]LogBlueprintUserMessages: [Stanok_2] -45.121002
[2025.06.21-10.28.21:846][503]LogBlueprintUserMessages: [Stanok_2] -45.121002
[2025.06.21-10.28.21:895][506]LogBlueprintUserMessages: [Stanok_2] -45.121002
[2025.06.21-10.28.21:946][509]LogBlueprintUserMessages: [Stanok_2] -45.121002
[2025.06.21-10.28.21:996][512]LogBlueprintUserMessages: [Stanok_2] -45.121002
[2025.06.21-10.28.22:046][515]LogBlueprintUserMessages: [Stanok_2] -45.121002
[2025.06.21-10.28.22:095][518]LogBlueprintUserMessages: [Stanok_2] -45.121002
[2025.06.21-10.28.22:145][521]LogBlueprintUserMessages: [Stanok_2] -45.121002
[2025.06.21-10.28.22:196][524]LogBlueprintUserMessages: [Stanok_2] -45.121002
[2025.06.21-10.28.22:246][527]LogBlueprintUserMessages: [Stanok_2] -45.121002
[2025.06.21-10.28.22:296][530]LogBlueprintUserMessages: [Stanok_2] -45.121002
[2025.06.21-10.28.22:346][533]LogBlueprintUserMessages: [Stanok_2] -45.121002
[2025.06.21-10.28.22:395][536]LogBlueprintUserMessages: [Stanok_2] -45.121002
[2025.06.21-10.28.22:446][539]LogBlueprintUserMessages: [Stanok_2] -45.121002
[2025.06.21-10.28.22:495][542]LogBlueprintUserMessages: [Stanok_2] -45.121002
[2025.06.21-10.28.22:546][545]LogBlueprintUserMessages: [Stanok_2] -45.121002
[2025.06.21-10.28.22:596][548]LogBlueprintUserMessages: [Stanok_2] -45.121002
[2025.06.21-10.28.22:646][551]LogBlueprintUserMessages: [Stanok_2] -45.121002
[2025.06.21-10.28.22:696][554]LogBlueprintUserMessages: [Stanok_2] -45.121002
[2025.06.21-10.28.22:745][557]LogBlueprintUserMessages: [Stanok_2] -45.121002
[2025.06.21-10.28.22:796][560]LogBlueprintUserMessages: [Stanok_2] -45.121002
[2025.06.21-10.28.22:845][563]LogBlueprintUserMessages: [Stanok_2] -45.121002
[2025.06.21-10.28.22:895][566]LogBlueprintUserMessages: [Stanok_2] -45.121002
[2025.06.21-10.28.22:946][569]LogBlueprintUserMessages: [Stanok_2] -45.121002
[2025.06.21-10.28.22:996][572]LogBlueprintUserMessages: [Stanok_2] -45.121002
[2025.06.21-10.28.23:046][575]LogBlueprintUserMessages: [Stanok_2] -45.121002
[2025.06.21-10.28.23:095][578]LogBlueprintUserMessages: [Stanok_2] -45.121002
[2025.06.21-10.28.23:146][581]LogBlueprintUserMessages: [Stanok_2] -45.121002
[2025.06.21-10.28.23:195][584]LogBlueprintUserMessages: [Stanok_2] -45.121002
[2025.06.21-10.28.23:246][587]LogBlueprintUserMessages: [Stanok_2] -45.121002
[2025.06.21-10.28.23:295][590]LogBlueprintUserMessages: [Stanok_2] -45.121002
[2025.06.21-10.28.23:346][593]LogBlueprintUserMessages: [Stanok_2] -45.121002
[2025.06.21-10.28.23:395][596]LogBlueprintUserMessages: [Stanok_2] -45.121002
[2025.06.21-10.28.23:445][599]LogBlueprintUserMessages: [Stanok_2] -45.121002
[2025.06.21-10.28.23:496][602]LogBlueprintUserMessages: [Stanok_2] -45.121002
[2025.06.21-10.28.23:547][605]LogBlueprintUserMessages: [Stanok_2] -45.121002
[2025.06.21-10.28.23:595][608]LogBlueprintUserMessages: [Stanok_2] -45.121002
[2025.06.21-10.28.23:646][611]LogBlueprintUserMessages: [Stanok_2] -45.121002
[2025.06.21-10.28.23:696][614]LogBlueprintUserMessages: [Stanok_2] -45.121002
[2025.06.21-10.28.23:746][617]LogBlueprintUserMessages: [Stanok_2] -45.121002
[2025.06.21-10.28.23:796][620]LogBlueprintUserMessages: [Stanok_2] -45.121002
[2025.06.21-10.28.23:846][623]LogBlueprintUserMessages: [Stanok_2] -45.121002
[2025.06.21-10.28.23:895][626]LogBlueprintUserMessages: [Stanok_2] -45.121002
[2025.06.21-10.28.23:945][629]LogBlueprintUserMessages: [Stanok_2] -45.121002
[2025.06.21-10.28.23:996][632]LogBlueprintUserMessages: [Stanok_2] -45.121002
[2025.06.21-10.28.24:046][635]LogBlueprintUserMessages: [Stanok_2] -45.121002
[2025.06.21-10.28.24:096][638]LogBlueprintUserMessages: [Stanok_2] -45.121002
[2025.06.21-10.28.24:146][641]LogBlueprintUserMessages: [Stanok_2] -45.121002
[2025.06.21-10.28.24:196][644]LogBlueprintUserMessages: [Stanok_2] -44.871002
[2025.06.21-10.28.24:246][647]LogBlueprintUserMessages: [Stanok_2] -44.496002
[2025.06.21-10.28.24:296][650]LogBlueprintUserMessages: [Stanok_2] -44.121002
[2025.06.21-10.28.24:346][653]LogBlueprintUserMessages: [Stanok_2] -43.746002
[2025.06.21-10.28.24:396][656]LogBlueprintUserMessages: [Stanok_2] -43.371002
[2025.06.21-10.28.24:446][659]LogBlueprintUserMessages: [Stanok_2] -42.996002
[2025.06.21-10.28.24:496][662]LogBlueprintUserMessages: [Stanok_2] -42.621002
[2025.06.21-10.28.24:546][665]LogBlueprintUserMessages: [Stanok_2] -42.246002
[2025.06.21-10.28.24:596][668]LogBlueprintUserMessages: [Stanok_2] -41.871002
[2025.06.21-10.28.24:646][671]LogBlueprintUserMessages: [Stanok_2] -41.496002
[2025.06.21-10.28.24:697][674]LogBlueprintUserMessages: [Stanok_2] -41.121002
[2025.06.21-10.28.24:747][677]LogBlueprintUserMessages: [Stanok_2] -40.746002
[2025.06.21-10.28.24:796][680]LogBlueprintUserMessages: [Stanok_2] -40.371002
[2025.06.21-10.28.24:846][683]LogBlueprintUserMessages: [Stanok_2] -39.996002
[2025.06.21-10.28.24:896][686]LogBlueprintUserMessages: [Stanok_2] -39.621002
[2025.06.21-10.28.24:947][689]LogBlueprintUserMessages: [Stanok_2] -39.246002
[2025.06.21-10.28.24:996][692]LogBlueprintUserMessages: [Stanok_2] -38.871002
[2025.06.21-10.28.25:046][695]LogBlueprintUserMessages: [Stanok_2] -38.496002
[2025.06.21-10.28.25:096][698]LogBlueprintUserMessages: [Stanok_2] -38.121002
[2025.06.21-10.28.25:147][701]LogBlueprintUserMessages: [Stanok_2] -37.746002
[2025.06.21-10.28.25:196][704]LogBlueprintUserMessages: [Stanok_2] -37.371002
[2025.06.21-10.28.25:246][707]LogBlueprintUserMessages: [Stanok_2] -36.996002
[2025.06.21-10.28.25:297][710]LogBlueprintUserMessages: [Stanok_2] -36.621002
[2025.06.21-10.28.25:347][713]LogBlueprintUserMessages: [Stanok_2] -36.246002
[2025.06.21-10.28.25:396][716]LogBlueprintUserMessages: [Stanok_2] -35.871002
[2025.06.21-10.28.25:446][719]LogBlueprintUserMessages: [Stanok_2] -35.496002
[2025.06.21-10.28.25:496][722]LogBlueprintUserMessages: [Stanok_2] -35.121002
[2025.06.21-10.28.25:547][725]LogBlueprintUserMessages: [Stanok_2] -34.746002
[2025.06.21-10.28.25:596][728]LogBlueprintUserMessages: [Stanok_2] -34.371002
[2025.06.21-10.28.25:647][731]LogBlueprintUserMessages: [Stanok_2] -33.996002
[2025.06.21-10.28.25:696][734]LogBlueprintUserMessages: [Stanok_2] -33.621002
[2025.06.21-10.28.25:746][737]LogBlueprintUserMessages: [Stanok_2] -33.246002
[2025.06.21-10.28.25:796][740]LogBlueprintUserMessages: [Stanok_2] -32.871002
[2025.06.21-10.28.25:846][743]LogBlueprintUserMessages: [Stanok_2] -32.496002
[2025.06.21-10.28.25:897][746]LogBlueprintUserMessages: [Stanok_2] -32.121002
[2025.06.21-10.28.25:946][749]LogBlueprintUserMessages: [Stanok_2] -31.746002
[2025.06.21-10.28.25:997][752]LogBlueprintUserMessages: [Stanok_2] -31.371002
[2025.06.21-10.28.26:046][755]LogBlueprintUserMessages: [Stanok_2] -30.996002
[2025.06.21-10.28.26:096][758]LogBlueprintUserMessages: [Stanok_2] -30.621002
[2025.06.21-10.28.26:147][761]LogBlueprintUserMessages: [Stanok_2] -30.246002
[2025.06.21-10.28.26:196][764]LogBlueprintUserMessages: [Stanok_2] -29.871002
[2025.06.21-10.28.26:246][767]LogBlueprintUserMessages: [Stanok_2] -29.496002
[2025.06.21-10.28.26:296][770]LogBlueprintUserMessages: [Stanok_2] -29.121002
[2025.06.21-10.28.26:347][773]LogBlueprintUserMessages: [Stanok_2] -28.746002
[2025.06.21-10.28.26:397][776]LogBlueprintUserMessages: [Stanok_2] -28.371002
[2025.06.21-10.28.26:447][779]LogBlueprintUserMessages: [Stanok_2] -27.996002
[2025.06.21-10.28.26:497][782]LogBlueprintUserMessages: [Stanok_2] -27.621002
[2025.06.21-10.28.26:547][785]LogBlueprintUserMessages: [Stanok_2] -27.246002
[2025.06.21-10.28.26:596][788]LogBlueprintUserMessages: [Stanok_2] -26.871002
[2025.06.21-10.28.26:647][791]LogBlueprintUserMessages: [Stanok_2] -26.496002
[2025.06.21-10.28.26:696][794]LogBlueprintUserMessages: [Stanok_2] -26.121002
[2025.06.21-10.28.26:746][797]LogBlueprintUserMessages: [Stanok_2] -25.746002
[2025.06.21-10.28.26:796][800]LogBlueprintUserMessages: [Stanok_2] -25.371002
[2025.06.21-10.28.26:847][803]LogBlueprintUserMessages: [Stanok_2] -24.996002
[2025.06.21-10.28.26:896][806]LogBlueprintUserMessages: [Stanok_2] -24.621002
[2025.06.21-10.28.26:947][809]LogBlueprintUserMessages: [Stanok_2] -24.246002
[2025.06.21-10.28.26:996][812]LogBlueprintUserMessages: [Stanok_2] -23.871002
[2025.06.21-10.28.27:047][815]LogBlueprintUserMessages: [Stanok_2] -23.496002
[2025.06.21-10.28.27:097][818]LogBlueprintUserMessages: [Stanok_2] -23.121002
[2025.06.21-10.28.27:147][821]LogBlueprintUserMessages: [Stanok_2] -22.746002
[2025.06.21-10.28.27:196][824]LogBlueprintUserMessages: [Stanok_2] -22.371002
[2025.06.21-10.28.27:246][827]LogBlueprintUserMessages: [Stanok_2] -21.996002
[2025.06.21-10.28.27:296][830]LogBlueprintUserMessages: [Stanok_2] -21.621002
[2025.06.21-10.28.27:347][833]LogBlueprintUserMessages: [Stanok_2] -21.246002
[2025.06.21-10.28.27:397][836]LogBlueprintUserMessages: [Stanok_2] -20.871002
[2025.06.21-10.28.27:447][839]LogBlueprintUserMessages: [Stanok_2] -20.496002
[2025.06.21-10.28.27:496][842]LogBlueprintUserMessages: [Stanok_2] -20.121002
[2025.06.21-10.28.27:546][845]LogBlueprintUserMessages: [Stanok_2] -19.746002
[2025.06.21-10.28.27:597][848]LogBlueprintUserMessages: [Stanok_2] -19.371002
[2025.06.21-10.28.27:646][851]LogBlueprintUserMessages: [Stanok_2] -18.996002
[2025.06.21-10.28.27:696][854]LogBlueprintUserMessages: [Stanok_2] -18.621002
[2025.06.21-10.28.27:745][857]LogBlueprintUserMessages: [Stanok_2] -18.246002
[2025.06.21-10.28.27:796][860]LogBlueprintUserMessages: [Stanok_2] -17.871002
[2025.06.21-10.28.27:847][863]LogBlueprintUserMessages: [Stanok_2] -17.496002
[2025.06.21-10.28.27:896][866]LogBlueprintUserMessages: [Stanok_2] -17.121002
[2025.06.21-10.28.27:946][869]LogBlueprintUserMessages: [Stanok_2] -16.746002
[2025.06.21-10.28.27:996][872]LogBlueprintUserMessages: [Stanok_2] -16.371002
[2025.06.21-10.28.28:046][875]LogBlueprintUserMessages: [Stanok_2] -16.121002
[2025.06.21-10.28.28:097][878]LogBlueprintUserMessages: [Stanok_2] -16.121002
[2025.06.21-10.28.28:146][881]LogBlueprintUserMessages: [Stanok_2] -16.121002
[2025.06.21-10.28.28:197][884]LogBlueprintUserMessages: [Stanok_2] -16.121002
[2025.06.21-10.28.28:247][887]LogBlueprintUserMessages: [Stanok_2] -16.121002
[2025.06.21-10.28.28:296][890]LogBlueprintUserMessages: [Stanok_2] -16.121002
[2025.06.21-10.28.28:347][893]LogBlueprintUserMessages: [Stanok_2] -16.121002
[2025.06.21-10.28.28:397][896]LogBlueprintUserMessages: [Stanok_2] -16.121002
[2025.06.21-10.28.28:446][899]LogBlueprintUserMessages: [Stanok_2] -16.121002
[2025.06.21-10.28.28:498][902]LogBlueprintUserMessages: [Stanok_2] -16.121002
[2025.06.21-10.28.28:546][905]LogBlueprintUserMessages: [Stanok_2] -16.121002
[2025.06.21-10.28.28:596][908]LogBlueprintUserMessages: [Stanok_2] -16.121002
[2025.06.21-10.28.28:646][911]LogBlueprintUserMessages: [Stanok_2] -16.121002
[2025.06.21-10.28.28:697][914]LogBlueprintUserMessages: [Stanok_2] -16.121002
[2025.06.21-10.28.28:746][917]LogBlueprintUserMessages: [Stanok_2] -16.121002
[2025.06.21-10.28.28:796][920]LogBlueprintUserMessages: [Stanok_2] -16.121002
[2025.06.21-10.28.28:846][923]LogBlueprintUserMessages: [Stanok_2] -16.121002
[2025.06.21-10.28.28:896][926]LogBlueprintUserMessages: [Stanok_2] -16.121002
[2025.06.21-10.28.28:946][929]LogBlueprintUserMessages: [Stanok_2] -16.121002
[2025.06.21-10.28.28:995][932]LogBlueprintUserMessages: [Stanok_2] -16.121002
[2025.06.21-10.28.29:046][935]LogBlueprintUserMessages: [Stanok_2] -16.121002
[2025.06.21-10.28.29:096][938]LogBlueprintUserMessages: [Stanok_2] -16.121002
[2025.06.21-10.28.29:146][941]LogBlueprintUserMessages: [Stanok_2] -16.121002
[2025.06.21-10.28.29:195][944]LogBlueprintUserMessages: [Stanok_2] -16.121002
[2025.06.21-10.28.29:246][947]LogBlueprintUserMessages: [Stanok_2] -16.121002
[2025.06.21-10.28.29:296][950]LogBlueprintUserMessages: [Stanok_2] -16.121002
[2025.06.21-10.28.29:346][953]LogBlueprintUserMessages: [Stanok_2] -16.121002
[2025.06.21-10.28.29:397][956]LogBlueprintUserMessages: [Stanok_2] -16.121002
[2025.06.21-10.28.29:446][959]LogBlueprintUserMessages: [Stanok_2] -16.121002
[2025.06.21-10.28.29:496][962]LogBlueprintUserMessages: [Stanok_2] -16.121002
[2025.06.21-10.28.29:546][965]LogBlueprintUserMessages: [Stanok_2] -16.121002
[2025.06.21-10.28.29:596][968]LogBlueprintUserMessages: [Stanok_2] -16.121002
[2025.06.21-10.28.29:646][971]LogBlueprintUserMessages: [Stanok_2] -16.121002
[2025.06.21-10.28.29:696][974]LogBlueprintUserMessages: [Stanok_2] -16.121002
[2025.06.21-10.28.29:746][977]LogBlueprintUserMessages: [Stanok_2] -16.121002
[2025.06.21-10.28.29:796][980]LogBlueprintUserMessages: [Stanok_2] -16.121002
[2025.06.21-10.28.29:846][980]LogSlate: Updating window title bar state: overlay mode, drag disabled, window buttons hidden, title bar hidden
[2025.06.21-10.28.29:846][980]LogWorld: BeginTearingDown for /Game/Maps/UEDPIE_0_Dopusk
[2025.06.21-10.28.29:846][980]LogSlate: Window 'task1 Preview [NetMode: Standalone]  (64-bit/Windows) ' being destroyed
[2025.06.21-10.28.29:866][980]LogWorld: UWorld::CleanupWorld for Dopusk, bSessionEnded=true, bCleanupResources=true
[2025.06.21-10.28.29:867][980]LogSlate: InvalidateAllWidgets triggered.  All widgets were invalidated
[2025.06.21-10.28.29:875][980]LogPlayLevel: Display: Shutting down PIE online subsystems
[2025.06.21-10.28.29:907][980]LogSlate: InvalidateAllWidgets triggered.  All widgets were invalidated
[2025.06.21-10.28.29:931][980]LogAudioMixer: FMixerPlatformXAudio2::StopAudioStream() called
[2025.06.21-10.28.29:932][980]LogAudioMixer: FMixerPlatformXAudio2::StopAudioStream() called
[2025.06.21-10.28.29:938][980]LogUObjectHash: Compacting FUObjectHashTables data took   2.47ms
[2025.06.21-10.28.29:960][981]LogPlayLevel: Display: Destroying online subsystem :Context_43
[2025.06.21-10.28.49:755][132]LogContentBrowser: Deferred new asset file creation: NewInterface
[2025.06.21-10.28.49:785][132]LogContentBrowser: Creating deferred item: NewInterface
[2025.06.21-10.29.04:041][988]LogContentBrowser: Attempting asset rename: NewInterface -> StanokXPosInterface
[2025.06.21-10.29.04:050][988]LogContentBrowser: End creating deferred item NewInterface
[2025.06.21-10.29.05:755][ 88]LogAssetEditorSubsystem: Opening Asset editor for Blueprint /Game/Dopuski/BPInterfaces/StanokXPosInterface.StanokXPosInterface
[2025.06.21-10.29.10:651][373]LogAssetEditorSubsystem: Opening Asset editor for Blueprint /Game/Dopuski/BPInterfaces/StanokPosInterface.StanokPosInterface
[2025.06.21-10.29.38:577][ 28]LogEditorTransaction: Undo Add Out Parameter
[2025.06.21-10.29.48:769][632]LogSlate: Took 0.009460 seconds to synchronously load lazily loaded font '../../../Engine/Content/Slate/Fonts/Roboto-BoldCondensedItalic.ttf' (160K)
[2025.06.21-10.30.01:697][404]BlueprintLog: New page: Compile StanokXPosInterface
[2025.06.21-10.30.01:737][404]LogUObjectHash: Compacting FUObjectHashTables data took   2.86ms
[2025.06.21-10.30.01:766][404]LogSlate: Took 0.008753 seconds to synchronously load lazily loaded font '../../../Engine/Content/Slate/Fonts/DroidSansMono.ttf' (77K)
[2025.06.21-10.30.03:317][495]LogUObjectHash: Compacting FUObjectHashTables data took   2.79ms
[2025.06.21-10.30.03:350][495]Cmd: OBJ SAVEPACKAGE PACKAGE="/Game/Maps/Dopusk" FILE="../../../../../../Users/eghah/Desktop/diplom/task1/Content/Maps/Dopusk.umap" SILENT=true AUTOSAVING=false KEEPDIRTY=false
[2025.06.21-10.30.03:385][495]LogUObjectHash: Compacting FUObjectHashTables data took   0.59ms
[2025.06.21-10.30.03:391][495]LogSavePackage: Moving '../../../../../../Users/eghah/Desktop/diplom/task1/Saved/Dopusk4CB13BAE48513BB6C989A28D485420B1.tmp' to '../../../../../../Users/eghah/Desktop/diplom/task1/Content/Maps/Dopusk.umap'
[2025.06.21-10.30.03:402][495]LogFileHelpers: Saving map 'Dopusk' took 0.053
[2025.06.21-10.30.03:425][495]Cmd: OBJ SAVEPACKAGE PACKAGE="/Game/Dopuski/Stanok" FILE="../../../../../../Users/eghah/Desktop/diplom/task1/Content/Dopuski/Stanok.uasset" SILENT=true
[2025.06.21-10.30.03:491][495]LogSavePackage: Moving '../../../../../../Users/eghah/Desktop/diplom/task1/Saved/StanokA65128D14EAB0534586C4C906CD47B4E.tmp' to '../../../../../../Users/eghah/Desktop/diplom/task1/Content/Dopuski/Stanok.uasset'
[2025.06.21-10.30.03:492][495]Cmd: OBJ SAVEPACKAGE PACKAGE="/Game/Dopuski/BPInterfaces/StanokXPosInterface" FILE="../../../../../../Users/eghah/Desktop/diplom/task1/Content/Dopuski/BPInterfaces/StanokXPosInterface.uasset" SILENT=true
[2025.06.21-10.30.03:494][495]LogSavePackage: Moving '../../../../../../Users/eghah/Desktop/diplom/task1/Saved/StanokXPosInterfaceDE8BCDE14112A265F69A34BE2C025B62.tmp' to '../../../../../../Users/eghah/Desktop/diplom/task1/Content/Dopuski/BPInterfaces/StanokXPosInterface.uasset'
[2025.06.21-10.30.03:517][495]AssetCheck: New page: Asset Save: multiple assets
[2025.06.21-10.30.03:518][495]LogContentValidation: Display: Validating Blueprint /Game/Dopuski/Stanok.Stanok
[2025.06.21-10.30.03:518][495]LogContentValidation: Display: Validating World /Game/Maps/Dopusk.Dopusk
[2025.06.21-10.30.03:518][495]LogContentValidation: Display: Validating Blueprint /Game/Dopuski/BPInterfaces/StanokXPosInterface.StanokXPosInterface
[2025.06.21-10.30.04:416][549]LogWorld: UWorld::CleanupWorld for World_10, bSessionEnded=true, bCleanupResources=true
[2025.06.21-10.30.04:416][549]LogSlate: InvalidateAllWidgets triggered.  All widgets were invalidated
[2025.06.21-10.30.16:244][250]LogEditorClassViewer: Warning: Class /Engine/Tutorial/InWorldBlueprintEditing/TutorialAssets/IWBE_Blutility.IWBE_Blutility_C has parent /Script/Blutility.PlacedEditorUtilityBase, but this parent is not found. The Class will not be shown in ClassViewer.
[2025.06.21-10.30.23:039][653]BlueprintLog: New page: Compile StanokPosUI
[2025.06.21-10.30.23:097][653]LogUObjectHash: Compacting FUObjectHashTables data took   2.71ms
[2025.06.21-10.30.37:373][474]LogEditorTransaction: Undo Drag and Drop Widget
[2025.06.21-10.30.39:478][584]LogEditorTransaction: Undo Drag and Drop Widget
[2025.06.21-10.31.07:398][155]BlueprintLog: New page: Compile StanokPosUI
[2025.06.21-10.31.07:448][155]LogUObjectHash: Compacting FUObjectHashTables data took   3.19ms
[2025.06.21-10.32.52:767][395]BlueprintLog: New page: Compile StanokPosUI
[2025.06.21-10.32.52:809][395]LogUObjectHash: Compacting FUObjectHashTables data took   3.00ms
[2025.06.21-10.32.53:574][436]LogUObjectHash: Compacting FUObjectHashTables data took   3.07ms
[2025.06.21-10.32.53:605][436]Cmd: OBJ SAVEPACKAGE PACKAGE="/Game/Dopuski/StanokPosUI" FILE="../../../../../../Users/eghah/Desktop/diplom/task1/Content/Dopuski/StanokPosUI.uasset" SILENT=true
[2025.06.21-10.32.53:643][436]LogSavePackage: Moving '../../../../../../Users/eghah/Desktop/diplom/task1/Saved/StanokPosUI3E4E23CD4AD17708CEB493A19B5C75A7.tmp' to '../../../../../../Users/eghah/Desktop/diplom/task1/Content/Dopuski/StanokPosUI.uasset'
[2025.06.21-10.32.53:660][436]AssetCheck: New page: Asset Save: StanokPosUI
[2025.06.21-10.32.53:660][436]LogContentValidation: Display: Validating WidgetBlueprint /Game/Dopuski/StanokPosUI.StanokPosUI
[2025.06.21-10.33.20:204][ 20]LogWorld: UWorld::CleanupWorld for World_11, bSessionEnded=true, bCleanupResources=true
[2025.06.21-10.33.20:204][ 20]LogSlate: InvalidateAllWidgets triggered.  All widgets were invalidated
[2025.06.21-10.34.45:749][117]LogUObjectHash: Compacting FUObjectHashTables data took   2.89ms
[2025.06.21-10.35.31:168][823]LogAssetEditorSubsystem: Opening Asset editor for Blueprint /Game/Dopuski/BPInterfaces/StanokXPosInterface.StanokXPosInterface
[2025.06.21-10.35.33:758][964]LogWorld: UWorld::CleanupWorld for World_13, bSessionEnded=true, bCleanupResources=true
[2025.06.21-10.35.33:758][964]LogSlate: InvalidateAllWidgets triggered.  All widgets were invalidated
[2025.06.21-10.35.35:825][ 84]LogAssetEditorSubsystem: Opening Asset editor for Blueprint /Game/Dopuski/BPInterfaces/StanokPosInterface.StanokPosInterface
[2025.06.21-10.35.39:855][312]LogWorld: UWorld::CleanupWorld for World_14, bSessionEnded=true, bCleanupResources=true
[2025.06.21-10.35.39:855][312]LogSlate: InvalidateAllWidgets triggered.  All widgets were invalidated
[2025.06.21-10.35.52:425][ 63]LogTemp: Repeating last play command: Selected Viewport
[2025.06.21-10.35.52:432][ 63]LogPlayLevel: PlayLevel: No blueprints needed recompiling
[2025.06.21-10.35.52:432][ 63]PIE: New page: PIE session: Dopusk (Jun 21, 2025, 4:35:52 PM)
[2025.06.21-10.35.52:433][ 63]LogPlayLevel: Creating play world package: /Game/Maps/UEDPIE_0_Dopusk
[2025.06.21-10.35.52:436][ 63]LogPlayLevel: PIE: StaticDuplicateObject took: (0.002996s)
[2025.06.21-10.35.52:436][ 63]LogAIModule: Creating AISystem for world Dopusk
[2025.06.21-10.35.52:436][ 63]LogPlayLevel: PIE: World Init took: (0.001293s)
[2025.06.21-10.35.52:436][ 63]LogPlayLevel: PIE: Created PIE world by copying editor world from /Game/Maps/Dopusk.Dopusk to /Game/Maps/UEDPIE_0_Dopusk.Dopusk (0.004431s)
[2025.06.21-10.35.52:477][ 63]LogUObjectHash: Compacting FUObjectHashTables data took   2.69ms
[2025.06.21-10.35.52:479][ 63]LogAudio: Display: Creating Audio Device:                 Id: 36, Scope: Unique, Realtime: True
[2025.06.21-10.35.52:479][ 63]LogAudioMixer: Display: Audio Mixer Platform Settings:
[2025.06.21-10.35.52:479][ 63]LogAudioMixer: Display: 	Sample Rate:						  48000
[2025.06.21-10.35.52:479][ 63]LogAudioMixer: Display: 	Callback Buffer Frame Size Requested: 1024
[2025.06.21-10.35.52:479][ 63]LogAudioMixer: Display: 	Callback Buffer Frame Size To Use:	  1024
[2025.06.21-10.35.52:479][ 63]LogAudioMixer: Display: 	Number of buffers to queue:			  2
[2025.06.21-10.35.52:479][ 63]LogAudioMixer: Display: 	Max Channels (voices):				  32
[2025.06.21-10.35.52:479][ 63]LogAudioMixer: Display: 	Number of Async Source Workers:		  0
[2025.06.21-10.35.52:479][ 63]LogAudio: Display: AudioDevice MaxSources: 32
[2025.06.21-10.35.52:479][ 63]LogAudio: Display: Audio Spatialization Plugin: None (built-in).
[2025.06.21-10.35.52:479][ 63]LogAudio: Display: Audio Reverb Plugin: None (built-in).
[2025.06.21-10.35.52:479][ 63]LogAudio: Display: Audio Occlusion Plugin: None (built-in).
[2025.06.21-10.35.52:479][ 63]LogAudioMixer: Display: Initializing audio mixer.
[2025.06.21-10.35.52:484][ 63]LogAudioMixer: Display: 0: FrontLeft
[2025.06.21-10.35.52:484][ 63]LogAudioMixer: Display: 1: FrontRight
[2025.06.21-10.35.52:606][ 63]LogAudioMixer: Display: Using Audio Device Speakers (Realtek(R) Audio)
[2025.06.21-10.35.52:606][ 63]LogAudioMixer: Display: Initializing Sound Submixes...
[2025.06.21-10.35.52:606][ 63]LogAudioMixer: Display: Creating Master Submix 'MasterSubmixDefault'
[2025.06.21-10.35.52:606][ 63]LogAudioMixer: Display: Creating Master Submix 'MasterReverbSubmixDefault'
[2025.06.21-10.35.52:607][ 63]LogAudioMixer: Display: Creating Master Submix 'MasterEQSubmixDefault'
[2025.06.21-10.35.52:607][ 63]LogAudioMixer: FMixerPlatformXAudio2::StartAudioStream() called
[2025.06.21-10.35.52:607][ 63]LogAudioMixer: Display: Output buffers initialized: Frames=1024, Channels=2, Samples=2048
[2025.06.21-10.35.52:609][ 63]LogAudioMixer: Display: Starting AudioMixerPlatformInterface::RunInternal()
[2025.06.21-10.35.52:609][ 63]LogAudioMixer: Display: FMixerPlatformXAudio2::SubmitBuffer() called for the first time
[2025.06.21-10.35.52:609][ 63]LogInit: FAudioDevice initialized.
[2025.06.21-10.35.52:609][ 63]LogAudio: Display: Audio Device (ID: 36) registered with world 'Dopusk'.
[2025.06.21-10.35.52:621][ 63]LogSlate: Updating window title bar state: overlay mode, drag disabled, window buttons hidden, title bar hidden
[2025.06.21-10.35.52:621][ 63]LogLoad: Game class is 'DopuskGamemode_C'
[2025.06.21-10.35.52:623][ 63]LogWorld: Bringing World /Game/Maps/UEDPIE_0_Dopusk.Dopusk up for play (max tick rate 60) at 2025.06.21-13.35.52
[2025.06.21-10.35.52:623][ 63]LogWorld: Bringing up level for play took: 0.001017
[2025.06.21-10.35.52:623][ 63]LogOnline: OSS: Creating online subsystem instance for: :Context_48
[2025.06.21-10.35.52:624][ 63]LogGameMode: FindPlayerStart: PATHS NOT DEFINED or NO PLAYERSTART with positive rating
[2025.06.21-10.35.52:625][ 63]LogViewport: Display: Viewport MouseCaptureMode Changed, CapturePermanently_IncludingInitialMouseDown -> CapturePermanently
[2025.06.21-10.35.52:627][ 63]PIE: Server logged in
[2025.06.21-10.35.52:627][ 63]PIE: Play in editor total start time 0.198 seconds.
[2025.06.21-10.35.52:654][ 64]LogBlueprintUserMessages: [Stanok_2] -30.621
[2025.06.21-10.35.52:703][ 67]LogBlueprintUserMessages: [Stanok_2] -30.621
[2025.06.21-10.35.52:752][ 70]LogBlueprintUserMessages: [Stanok_2] -30.621
[2025.06.21-10.35.52:802][ 73]LogBlueprintUserMessages: [Stanok_2] -30.621
[2025.06.21-10.35.52:852][ 76]LogBlueprintUserMessages: [Stanok_2] -30.621
[2025.06.21-10.35.52:902][ 79]LogBlueprintUserMessages: [Stanok_2] -30.621
[2025.06.21-10.35.52:952][ 82]LogBlueprintUserMessages: [Stanok_2] -30.621
[2025.06.21-10.35.53:002][ 85]LogBlueprintUserMessages: [Stanok_2] -30.621
[2025.06.21-10.35.53:052][ 88]LogBlueprintUserMessages: [Stanok_2] -30.621
[2025.06.21-10.35.53:102][ 91]LogBlueprintUserMessages: [Stanok_2] -30.621
[2025.06.21-10.35.53:152][ 94]LogBlueprintUserMessages: [Stanok_2] -30.621
[2025.06.21-10.35.53:202][ 97]LogBlueprintUserMessages: [Stanok_2] -30.621
[2025.06.21-10.35.53:253][100]LogBlueprintUserMessages: [Stanok_2] -30.621
[2025.06.21-10.35.53:303][103]LogBlueprintUserMessages: [Stanok_2] -30.621
[2025.06.21-10.35.53:353][106]LogBlueprintUserMessages: [Stanok_2] -30.621
[2025.06.21-10.35.53:403][109]LogBlueprintUserMessages: [Stanok_2] -30.621
[2025.06.21-10.35.53:453][112]LogBlueprintUserMessages: [Stanok_2] -30.621
[2025.06.21-10.35.53:503][115]LogBlueprintUserMessages: [Stanok_2] -30.621
[2025.06.21-10.35.53:553][118]LogBlueprintUserMessages: [Stanok_2] -30.621
[2025.06.21-10.35.53:602][121]LogBlueprintUserMessages: [Stanok_2] -30.621
[2025.06.21-10.35.53:652][124]LogBlueprintUserMessages: [Stanok_2] -30.621
[2025.06.21-10.35.53:702][127]LogBlueprintUserMessages: [Stanok_2] -30.621
[2025.06.21-10.35.53:753][130]LogBlueprintUserMessages: [Stanok_2] -30.621
[2025.06.21-10.35.53:802][133]LogBlueprintUserMessages: [Stanok_2] -30.621
[2025.06.21-10.35.53:852][136]LogBlueprintUserMessages: [Stanok_2] -30.621
[2025.06.21-10.35.53:903][139]LogBlueprintUserMessages: [Stanok_2] -30.621
[2025.06.21-10.35.53:952][142]LogBlueprintUserMessages: [Stanok_2] -30.621
[2025.06.21-10.35.54:002][145]LogBlueprintUserMessages: [Stanok_2] -30.621
[2025.06.21-10.35.54:052][148]LogBlueprintUserMessages: [Stanok_2] -30.621
[2025.06.21-10.35.54:102][151]LogBlueprintUserMessages: [Stanok_2] -30.621
[2025.06.21-10.35.54:152][154]LogBlueprintUserMessages: [Stanok_2] -30.621
[2025.06.21-10.35.54:202][157]LogBlueprintUserMessages: [Stanok_2] -30.621
[2025.06.21-10.35.54:253][160]LogBlueprintUserMessages: [Stanok_2] -30.621
[2025.06.21-10.35.54:303][163]LogBlueprintUserMessages: [Stanok_2] -30.621
[2025.06.21-10.35.54:352][166]LogBlueprintUserMessages: [Stanok_2] -30.621
[2025.06.21-10.35.54:403][169]LogBlueprintUserMessages: [Stanok_2] -30.621
[2025.06.21-10.35.54:452][172]LogBlueprintUserMessages: [Stanok_2] -30.621
[2025.06.21-10.35.54:502][175]LogBlueprintUserMessages: [Stanok_2] -30.621
[2025.06.21-10.35.54:552][178]LogBlueprintUserMessages: [Stanok_2] -30.621
[2025.06.21-10.35.54:602][181]LogBlueprintUserMessages: [Stanok_2] -30.621
[2025.06.21-10.35.54:652][184]LogBlueprintUserMessages: [Stanok_2] -30.621
[2025.06.21-10.35.54:703][187]LogBlueprintUserMessages: [Stanok_2] -30.621
[2025.06.21-10.35.55:042][188]LogBlueprintUserMessages: [Stanok_2] -30.621
[2025.06.21-10.35.55:520][189]LogBlueprintUserMessages: [Stanok_2] -30.621
[2025.06.21-10.35.55:570][192]LogBlueprintUserMessages: [Stanok_2] -30.621
[2025.06.21-10.35.55:620][195]LogBlueprintUserMessages: [Stanok_2] -30.621
[2025.06.21-10.35.55:671][198]LogBlueprintUserMessages: [Stanok_2] -30.621
[2025.06.21-10.35.56:528][201]LogBlueprintUserMessages: [Stanok_2] -30.621
[2025.06.21-10.35.56:576][204]LogBlueprintUserMessages: [Stanok_2] -30.621
[2025.06.21-10.35.56:626][207]LogBlueprintUserMessages: [Stanok_2] -30.621
[2025.06.21-10.35.56:677][210]LogBlueprintUserMessages: [Stanok_2] -30.621
[2025.06.21-10.35.56:727][213]LogBlueprintUserMessages: [Stanok_2] -30.621
[2025.06.21-10.35.56:776][216]LogBlueprintUserMessages: [Stanok_2] -30.621
[2025.06.21-10.35.56:827][219]LogBlueprintUserMessages: [Stanok_2] -30.621
[2025.06.21-10.35.56:877][222]LogBlueprintUserMessages: [Stanok_2] -30.621
[2025.06.21-10.35.56:927][225]LogBlueprintUserMessages: [Stanok_2] -30.621
[2025.06.21-10.35.56:977][228]LogBlueprintUserMessages: [Stanok_2] -30.621
[2025.06.21-10.35.57:031][231]LogBlueprintUserMessages: [Stanok_2] -30.621
[2025.06.21-10.35.57:076][234]LogBlueprintUserMessages: [Stanok_2] -30.621
[2025.06.21-10.35.57:126][237]LogBlueprintUserMessages: [Stanok_2] -30.621
[2025.06.21-10.35.57:176][240]LogBlueprintUserMessages: [Stanok_2] -30.621
[2025.06.21-10.35.57:226][243]LogBlueprintUserMessages: [Stanok_2] -30.621
[2025.06.21-10.35.57:276][246]LogBlueprintUserMessages: [Stanok_2] -30.621
[2025.06.21-10.35.57:327][249]LogBlueprintUserMessages: [Stanok_2] -30.621
[2025.06.21-10.35.57:376][252]LogBlueprintUserMessages: [Stanok_2] -30.621
[2025.06.21-10.35.57:427][255]LogBlueprintUserMessages: [Stanok_2] -30.621
[2025.06.21-10.35.57:477][258]LogBlueprintUserMessages: [Stanok_2] -30.621
[2025.06.21-10.35.57:526][261]LogBlueprintUserMessages: [Stanok_2] -30.621
[2025.06.21-10.35.57:577][264]LogBlueprintUserMessages: [Stanok_2] -30.621
[2025.06.21-10.35.57:627][267]LogBlueprintUserMessages: [Stanok_2] -30.621
[2025.06.21-10.35.57:677][270]LogBlueprintUserMessages: [Stanok_2] -30.621
[2025.06.21-10.35.57:727][273]LogBlueprintUserMessages: [Stanok_2] -30.621
[2025.06.21-10.35.57:777][276]LogBlueprintUserMessages: [Stanok_2] -30.621
[2025.06.21-10.35.57:828][279]LogBlueprintUserMessages: [Stanok_2] -30.621
[2025.06.21-10.35.57:877][282]LogBlueprintUserMessages: [Stanok_2] -30.621
[2025.06.21-10.35.57:926][285]LogBlueprintUserMessages: [Stanok_2] -30.621
[2025.06.21-10.35.57:978][288]LogBlueprintUserMessages: [Stanok_2] -30.621
[2025.06.21-10.35.58:026][291]LogBlueprintUserMessages: [Stanok_2] -30.621
[2025.06.21-10.35.58:076][294]LogBlueprintUserMessages: [Stanok_2] -30.621
[2025.06.21-10.35.58:126][297]LogBlueprintUserMessages: [Stanok_2] -30.621
[2025.06.21-10.35.58:177][300]LogBlueprintUserMessages: [Stanok_2] -30.621
[2025.06.21-10.35.58:227][303]LogBlueprintUserMessages: [Stanok_2] -30.621
[2025.06.21-10.35.58:277][306]LogBlueprintUserMessages: [Stanok_2] -30.621
[2025.06.21-10.35.58:326][309]LogBlueprintUserMessages: [Stanok_2] -30.621
[2025.06.21-10.35.58:376][312]LogBlueprintUserMessages: [Stanok_2] -30.621
[2025.06.21-10.35.58:426][315]LogBlueprintUserMessages: [Stanok_2] -30.621
[2025.06.21-10.35.58:476][318]LogBlueprintUserMessages: [Stanok_2] -30.621
[2025.06.21-10.35.58:526][321]LogBlueprintUserMessages: [Stanok_2] -30.621
[2025.06.21-10.35.58:576][324]LogBlueprintUserMessages: [Stanok_2] -30.621
[2025.06.21-10.35.58:626][327]LogBlueprintUserMessages: [Stanok_2] -30.621
[2025.06.21-10.35.58:676][330]LogBlueprintUserMessages: [Stanok_2] -30.621
[2025.06.21-10.35.58:727][333]LogBlueprintUserMessages: [Stanok_2] -30.621
[2025.06.21-10.35.58:776][336]LogBlueprintUserMessages: [Stanok_2] -30.621
[2025.06.21-10.35.58:826][339]LogBlueprintUserMessages: [Stanok_2] -30.621
[2025.06.21-10.35.58:876][342]LogBlueprintUserMessages: [Stanok_2] -30.621
[2025.06.21-10.35.58:926][345]LogBlueprintUserMessages: [Stanok_2] -30.621
[2025.06.21-10.35.58:977][348]LogBlueprintUserMessages: [Stanok_2] -30.621
[2025.06.21-10.35.59:027][351]LogBlueprintUserMessages: [Stanok_2] -30.621
[2025.06.21-10.35.59:076][354]LogBlueprintUserMessages: [Stanok_2] -30.621
[2025.06.21-10.35.59:126][357]LogBlueprintUserMessages: [Stanok_2] -30.621
[2025.06.21-10.35.59:176][360]LogBlueprintUserMessages: [Stanok_2] -30.621
[2025.06.21-10.35.59:226][363]LogBlueprintUserMessages: [Stanok_2] -30.621
[2025.06.21-10.35.59:277][366]LogBlueprintUserMessages: [Stanok_2] -30.621
[2025.06.21-10.35.59:326][369]LogBlueprintUserMessages: [Stanok_2] -30.621
[2025.06.21-10.35.59:377][372]LogBlueprintUserMessages: [Stanok_2] -30.621
[2025.06.21-10.35.59:426][375]LogBlueprintUserMessages: [Stanok_2] -30.621
[2025.06.21-10.35.59:476][378]LogBlueprintUserMessages: [Stanok_2] -30.621
[2025.06.21-10.35.59:526][381]LogBlueprintUserMessages: [Stanok_2] -30.621
[2025.06.21-10.35.59:576][384]LogBlueprintUserMessages: [Stanok_2] -30.621
[2025.06.21-10.35.59:627][387]LogBlueprintUserMessages: [Stanok_2] -30.621
[2025.06.21-10.35.59:677][390]LogBlueprintUserMessages: [Stanok_2] -30.621
[2025.06.21-10.35.59:727][393]LogBlueprintUserMessages: [Stanok_2] -30.621
[2025.06.21-10.35.59:777][396]LogBlueprintUserMessages: [Stanok_2] -30.621
[2025.06.21-10.35.59:835][399]LogBlueprintUserMessages: [Stanok_2] -30.621
[2025.06.21-10.36.00:164][400]LogBlueprintUserMessages: [Stanok_2] -30.621
[2025.06.21-10.36.00:210][403]LogBlueprintUserMessages: [Stanok_2] -30.621
[2025.06.21-10.36.00:261][406]LogBlueprintUserMessages: [Stanok_2] -30.621
[2025.06.21-10.36.00:310][409]LogBlueprintUserMessages: [Stanok_2] -30.621
[2025.06.21-10.36.00:360][412]LogBlueprintUserMessages: [Stanok_2] -30.621
[2025.06.21-10.36.00:411][415]LogBlueprintUserMessages: [Stanok_2] -30.621
[2025.06.21-10.36.00:464][418]LogBlueprintUserMessages: [Stanok_2] -30.621
[2025.06.21-10.36.00:510][421]LogBlueprintUserMessages: [Stanok_2] -30.621
[2025.06.21-10.36.00:560][424]LogBlueprintUserMessages: [Stanok_2] -30.621
[2025.06.21-10.36.00:611][427]LogBlueprintUserMessages: [Stanok_2] -30.621
[2025.06.21-10.36.00:660][430]LogBlueprintUserMessages: [Stanok_2] -30.621
[2025.06.21-10.36.00:711][433]LogBlueprintUserMessages: [Stanok_2] -30.621
[2025.06.21-10.36.00:760][436]LogBlueprintUserMessages: [Stanok_2] -30.621
[2025.06.21-10.36.00:810][439]LogBlueprintUserMessages: [Stanok_2] -30.621
[2025.06.21-10.36.00:860][442]LogBlueprintUserMessages: [Stanok_2] -30.621
[2025.06.21-10.36.00:911][445]LogBlueprintUserMessages: [Stanok_2] -30.621
[2025.06.21-10.36.01:353][448]LogBlueprintUserMessages: [Stanok_2] -30.621
[2025.06.21-10.36.01:364][449]LogBlueprintUserMessages: [Stanok_2] -30.621
[2025.06.21-10.36.01:412][452]LogBlueprintUserMessages: [Stanok_2] -30.621
[2025.06.21-10.36.01:462][455]LogBlueprintUserMessages: [Stanok_2] -30.621
[2025.06.21-10.36.01:512][458]LogBlueprintUserMessages: [Stanok_2] -30.621
[2025.06.21-10.36.01:562][461]LogBlueprintUserMessages: [Stanok_2] -30.621
[2025.06.21-10.36.01:613][464]LogBlueprintUserMessages: [Stanok_2] -30.621
[2025.06.21-10.36.01:662][467]LogBlueprintUserMessages: [Stanok_2] -30.621
[2025.06.21-10.36.01:711][470]LogBlueprintUserMessages: [Stanok_2] -30.621
[2025.06.21-10.36.01:762][473]LogBlueprintUserMessages: [Stanok_2] -30.621
[2025.06.21-10.36.01:812][476]LogBlueprintUserMessages: [Stanok_2] -30.621
[2025.06.21-10.36.01:862][479]LogBlueprintUserMessages: [Stanok_2] -30.621
[2025.06.21-10.36.01:912][482]LogBlueprintUserMessages: [Stanok_2] -30.621
[2025.06.21-10.36.01:962][485]LogBlueprintUserMessages: [Stanok_2] -30.621
[2025.06.21-10.36.02:012][488]LogBlueprintUserMessages: [Stanok_2] -30.621
[2025.06.21-10.36.02:063][491]LogBlueprintUserMessages: [Stanok_2] -30.621
[2025.06.21-10.36.02:113][494]LogBlueprintUserMessages: [Stanok_2] -30.546021
[2025.06.21-10.36.02:162][497]LogBlueprintUserMessages: [Stanok_2] -30.471039
[2025.06.21-10.36.02:212][500]LogBlueprintUserMessages: [Stanok_2] -30.396057
[2025.06.21-10.36.02:262][503]LogBlueprintUserMessages: [Stanok_2] -30.321075
[2025.06.21-10.36.02:312][506]LogBlueprintUserMessages: [Stanok_2] -30.246094
[2025.06.21-10.36.02:362][509]LogBlueprintUserMessages: [Stanok_2] -30.171112
[2025.06.21-10.36.02:412][512]LogBlueprintUserMessages: [Stanok_2] -30.09613
[2025.06.21-10.36.02:462][515]LogBlueprintUserMessages: [Stanok_2] -30.09613
[2025.06.21-10.36.02:512][518]LogBlueprintUserMessages: [Stanok_2] -30.09613
[2025.06.21-10.36.02:562][521]LogBlueprintUserMessages: [Stanok_2] -30.09613
[2025.06.21-10.36.02:613][524]LogBlueprintUserMessages: [Stanok_2] -30.09613
[2025.06.21-10.36.02:662][527]LogBlueprintUserMessages: [Stanok_2] -30.09613
[2025.06.21-10.36.02:713][530]LogBlueprintUserMessages: [Stanok_2] -30.09613
[2025.06.21-10.36.02:762][533]LogBlueprintUserMessages: [Stanok_2] -30.09613
[2025.06.21-10.36.02:812][536]LogBlueprintUserMessages: [Stanok_2] -30.09613
[2025.06.21-10.36.02:862][539]LogBlueprintUserMessages: [Stanok_2] -30.09613
[2025.06.21-10.36.02:912][542]LogBlueprintUserMessages: [Stanok_2] -30.09613
[2025.06.21-10.36.02:962][545]LogBlueprintUserMessages: [Stanok_2] -30.09613
[2025.06.21-10.36.03:012][548]LogBlueprintUserMessages: [Stanok_2] -30.09613
[2025.06.21-10.36.03:062][551]LogBlueprintUserMessages: [Stanok_2] -30.09613
[2025.06.21-10.36.03:112][554]LogBlueprintUserMessages: [Stanok_2] -30.09613
[2025.06.21-10.36.03:162][557]LogBlueprintUserMessages: [Stanok_2] -30.09613
[2025.06.21-10.36.03:212][560]LogBlueprintUserMessages: [Stanok_2] -30.09613
[2025.06.21-10.36.03:263][563]LogBlueprintUserMessages: [Stanok_2] -30.121124
[2025.06.21-10.36.03:313][566]LogBlueprintUserMessages: [Stanok_2] -30.196106
[2025.06.21-10.36.03:362][569]LogBlueprintUserMessages: [Stanok_2] -30.271088
[2025.06.21-10.36.03:412][572]LogBlueprintUserMessages: [Stanok_2] -30.346069
[2025.06.21-10.36.03:463][575]LogBlueprintUserMessages: [Stanok_2] -30.421051
[2025.06.21-10.36.03:512][578]LogBlueprintUserMessages: [Stanok_2] -30.446045
[2025.06.21-10.36.03:562][581]LogBlueprintUserMessages: [Stanok_2] -30.446045
[2025.06.21-10.36.03:612][584]LogBlueprintUserMessages: [Stanok_2] -30.446045
[2025.06.21-10.36.03:663][587]LogBlueprintUserMessages: [Stanok_2] -30.446045
[2025.06.21-10.36.03:713][590]LogBlueprintUserMessages: [Stanok_2] -30.446045
[2025.06.21-10.36.03:762][593]LogBlueprintUserMessages: [Stanok_2] -30.446045
[2025.06.21-10.36.03:812][596]LogBlueprintUserMessages: [Stanok_2] -30.446045
[2025.06.21-10.36.03:862][599]LogBlueprintUserMessages: [Stanok_2] -30.446045
[2025.06.21-10.36.03:913][602]LogBlueprintUserMessages: [Stanok_2] -30.446045
[2025.06.21-10.36.03:962][605]LogBlueprintUserMessages: [Stanok_2] -30.446045
[2025.06.21-10.36.04:012][608]LogBlueprintUserMessages: [Stanok_2] -30.446045
[2025.06.21-10.36.04:062][611]LogBlueprintUserMessages: [Stanok_2] -30.446045
[2025.06.21-10.36.04:113][614]LogBlueprintUserMessages: [Stanok_2] -30.446045
[2025.06.21-10.36.04:162][617]LogBlueprintUserMessages: [Stanok_2] -30.446045
[2025.06.21-10.36.04:213][620]LogBlueprintUserMessages: [Stanok_2] -30.446045
[2025.06.21-10.36.04:262][623]LogBlueprintUserMessages: [Stanok_2] -30.446045
[2025.06.21-10.36.04:313][626]LogBlueprintUserMessages: [Stanok_2] -30.446045
[2025.06.21-10.36.04:362][629]LogBlueprintUserMessages: [Stanok_2] -30.446045
[2025.06.21-10.36.04:413][632]LogBlueprintUserMessages: [Stanok_2] -30.446045
[2025.06.21-10.36.04:463][635]LogBlueprintUserMessages: [Stanok_2] -30.446045
[2025.06.21-10.36.04:512][638]LogBlueprintUserMessages: [Stanok_2] -30.446045
[2025.06.21-10.36.04:562][641]LogBlueprintUserMessages: [Stanok_2] -30.446045
[2025.06.21-10.36.04:612][644]LogBlueprintUserMessages: [Stanok_2] -30.446045
[2025.06.21-10.36.04:662][647]LogBlueprintUserMessages: [Stanok_2] -30.446045
[2025.06.21-10.36.04:713][650]LogBlueprintUserMessages: [Stanok_2] -30.446045
[2025.06.21-10.36.04:763][653]LogBlueprintUserMessages: [Stanok_2] -30.446045
[2025.06.21-10.36.04:812][656]LogBlueprintUserMessages: [Stanok_2] -30.446045
[2025.06.21-10.36.04:862][659]LogBlueprintUserMessages: [Stanok_2] -30.446045
[2025.06.21-10.36.04:913][662]LogBlueprintUserMessages: [Stanok_2] -30.446045
[2025.06.21-10.36.04:962][665]LogBlueprintUserMessages: [Stanok_2] -30.446045
[2025.06.21-10.36.05:012][668]LogBlueprintUserMessages: [Stanok_2] -30.446045
[2025.06.21-10.36.05:062][671]LogBlueprintUserMessages: [Stanok_2] -30.446045
[2025.06.21-10.36.05:113][674]LogBlueprintUserMessages: [Stanok_2] -30.446045
[2025.06.21-10.36.05:162][677]LogBlueprintUserMessages: [Stanok_2] -30.446045
[2025.06.21-10.36.05:213][680]LogBlueprintUserMessages: [Stanok_2] -30.446045
[2025.06.21-10.36.05:262][683]LogBlueprintUserMessages: [Stanok_2] -30.446045
[2025.06.21-10.36.05:312][686]LogBlueprintUserMessages: [Stanok_2] -30.446045
[2025.06.21-10.36.05:363][689]LogBlueprintUserMessages: [Stanok_2] -30.446045
[2025.06.21-10.36.05:413][692]LogBlueprintUserMessages: [Stanok_2] -30.446045
[2025.06.21-10.36.05:462][695]LogBlueprintUserMessages: [Stanok_2] -30.446045
[2025.06.21-10.36.05:512][698]LogBlueprintUserMessages: [Stanok_2] -30.446045
[2025.06.21-10.36.05:563][701]LogBlueprintUserMessages: [Stanok_2] -30.446045
[2025.06.21-10.36.05:612][704]LogBlueprintUserMessages: [Stanok_2] -30.446045
[2025.06.21-10.36.05:662][707]LogBlueprintUserMessages: [Stanok_2] -30.446045
[2025.06.21-10.36.05:712][710]LogBlueprintUserMessages: [Stanok_2] -30.446045
[2025.06.21-10.36.05:763][713]LogBlueprintUserMessages: [Stanok_2] -30.446045
[2025.06.21-10.36.05:812][716]LogBlueprintUserMessages: [Stanok_2] -30.446045
[2025.06.21-10.36.05:863][719]LogBlueprintUserMessages: [Stanok_2] -30.446045
[2025.06.21-10.36.05:913][722]LogBlueprintUserMessages: [Stanok_2] -30.446045
[2025.06.21-10.36.05:963][725]LogBlueprintUserMessages: [Stanok_2] -30.446045
[2025.06.21-10.36.06:017][728]LogBlueprintUserMessages: [Stanok_2] -30.446045
[2025.06.21-10.36.06:063][731]LogBlueprintUserMessages: [Stanok_2] -30.446045
[2025.06.21-10.36.06:114][734]LogBlueprintUserMessages: [Stanok_2] -30.446045
[2025.06.21-10.36.06:162][737]LogBlueprintUserMessages: [Stanok_2] -30.446045
[2025.06.21-10.36.06:212][740]LogBlueprintUserMessages: [Stanok_2] -30.446045
[2025.06.21-10.36.06:263][743]LogBlueprintUserMessages: [Stanok_2] -30.446045
[2025.06.21-10.36.06:312][746]LogBlueprintUserMessages: [Stanok_2] -30.446045
[2025.06.21-10.36.06:362][749]LogBlueprintUserMessages: [Stanok_2] -30.446045
[2025.06.21-10.36.06:412][752]LogBlueprintUserMessages: [Stanok_2] -30.446045
[2025.06.21-10.36.06:463][755]LogBlueprintUserMessages: [Stanok_2] -30.446045
[2025.06.21-10.36.06:512][758]LogBlueprintUserMessages: [Stanok_2] -30.446045
[2025.06.21-10.36.06:563][761]LogBlueprintUserMessages: [Stanok_2] -30.446045
[2025.06.21-10.36.06:613][764]LogBlueprintUserMessages: [Stanok_2] -30.446045
[2025.06.21-10.36.06:664][767]LogBlueprintUserMessages: [Stanok_2] -30.446045
[2025.06.21-10.36.06:713][770]LogBlueprintUserMessages: [Stanok_2] -30.446045
[2025.06.21-10.36.06:763][773]LogBlueprintUserMessages: [Stanok_2] -30.446045
[2025.06.21-10.36.06:812][776]LogBlueprintUserMessages: [Stanok_2] -30.446045
[2025.06.21-10.36.06:863][779]LogBlueprintUserMessages: [Stanok_2] -30.446045
[2025.06.21-10.36.06:914][782]LogBlueprintUserMessages: [Stanok_2] -30.446045
[2025.06.21-10.36.06:963][785]LogBlueprintUserMessages: [Stanok_2] -30.446045
[2025.06.21-10.36.07:013][788]LogBlueprintUserMessages: [Stanok_2] -30.446045
[2025.06.21-10.36.07:062][791]LogBlueprintUserMessages: [Stanok_2] -30.446045
[2025.06.21-10.36.07:113][794]LogBlueprintUserMessages: [Stanok_2] -30.446045
[2025.06.21-10.36.07:163][797]LogBlueprintUserMessages: [Stanok_2] -30.446045
[2025.06.21-10.36.07:213][800]LogBlueprintUserMessages: [Stanok_2] -30.446045
[2025.06.21-10.36.07:263][803]LogBlueprintUserMessages: [Stanok_2] -30.446045
[2025.06.21-10.36.07:313][806]LogBlueprintUserMessages: [Stanok_2] -30.446045
[2025.06.21-10.36.07:363][809]LogBlueprintUserMessages: [Stanok_2] -30.446045
[2025.06.21-10.36.07:414][812]LogBlueprintUserMessages: [Stanok_2] -30.446045
[2025.06.21-10.36.07:463][815]LogBlueprintUserMessages: [Stanok_2] -30.446045
[2025.06.21-10.36.07:513][818]LogBlueprintUserMessages: [Stanok_2] -30.446045
[2025.06.21-10.36.07:563][821]LogBlueprintUserMessages: [Stanok_2] -30.446045
[2025.06.21-10.36.07:613][824]LogBlueprintUserMessages: [Stanok_2] -30.446045
[2025.06.21-10.36.07:663][827]LogBlueprintUserMessages: [Stanok_2] -30.446045
[2025.06.21-10.36.07:714][830]LogBlueprintUserMessages: [Stanok_2] -30.446045
[2025.06.21-10.36.07:763][833]LogBlueprintUserMessages: [Stanok_2] -30.446045
[2025.06.21-10.36.07:814][836]LogBlueprintUserMessages: [Stanok_2] -30.446045
[2025.06.21-10.36.07:863][839]LogBlueprintUserMessages: [Stanok_2] -30.446045
[2025.06.21-10.36.07:913][842]LogBlueprintUserMessages: [Stanok_2] -30.446045
[2025.06.21-10.36.07:962][845]LogBlueprintUserMessages: [Stanok_2] -30.446045
[2025.06.21-10.36.08:013][848]LogBlueprintUserMessages: [Stanok_2] -30.446045
[2025.06.21-10.36.08:063][851]LogBlueprintUserMessages: [Stanok_2] -30.446045
[2025.06.21-10.36.08:115][854]LogBlueprintUserMessages: [Stanok_2] -30.446045
[2025.06.21-10.36.08:163][857]LogBlueprintUserMessages: [Stanok_2] -30.446045
[2025.06.21-10.36.08:213][860]LogBlueprintUserMessages: [Stanok_2] -30.446045
[2025.06.21-10.36.08:263][863]LogBlueprintUserMessages: [Stanok_2] -30.446045
[2025.06.21-10.36.08:313][866]LogBlueprintUserMessages: [Stanok_2] -30.446045
[2025.06.21-10.36.08:363][869]LogBlueprintUserMessages: [Stanok_2] -30.446045
[2025.06.21-10.36.08:413][872]LogBlueprintUserMessages: [Stanok_2] -30.446045
[2025.06.21-10.36.08:463][875]LogBlueprintUserMessages: [Stanok_2] -30.446045
[2025.06.21-10.36.08:513][878]LogBlueprintUserMessages: [Stanok_2] -30.446045
[2025.06.21-10.36.08:564][881]LogBlueprintUserMessages: [Stanok_2] -30.446045
[2025.06.21-10.36.08:613][884]LogBlueprintUserMessages: [Stanok_2] -30.446045
[2025.06.21-10.36.08:663][887]LogBlueprintUserMessages: [Stanok_2] -30.446045
[2025.06.21-10.36.08:713][890]LogBlueprintUserMessages: [Stanok_2] -30.446045
[2025.06.21-10.36.08:763][893]LogBlueprintUserMessages: [Stanok_2] -30.446045
[2025.06.21-10.36.08:814][896]LogBlueprintUserMessages: [Stanok_2] -30.446045
[2025.06.21-10.36.08:863][899]LogBlueprintUserMessages: [Stanok_2] -30.446045
[2025.06.21-10.36.08:914][902]LogBlueprintUserMessages: [Stanok_2] -30.446045
[2025.06.21-10.36.08:964][905]LogBlueprintUserMessages: [Stanok_2] -30.446045
[2025.06.21-10.36.09:014][908]LogBlueprintUserMessages: [Stanok_2] -30.446045
[2025.06.21-10.36.09:064][911]LogBlueprintUserMessages: [Stanok_2] -30.446045
[2025.06.21-10.36.09:114][914]LogBlueprintUserMessages: [Stanok_2] -30.446045
[2025.06.21-10.36.09:164][917]LogBlueprintUserMessages: [Stanok_2] -30.446045
[2025.06.21-10.36.09:214][920]LogBlueprintUserMessages: [Stanok_2] -30.446045
[2025.06.21-10.36.09:265][923]LogBlueprintUserMessages: [Stanok_2] -30.446045
[2025.06.21-10.36.09:314][926]LogBlueprintUserMessages: [Stanok_2] -30.446045
[2025.06.21-10.36.09:363][929]LogBlueprintUserMessages: [Stanok_2] -30.446045
[2025.06.21-10.36.09:414][932]LogBlueprintUserMessages: [Stanok_2] -30.446045
[2025.06.21-10.36.09:464][935]LogBlueprintUserMessages: [Stanok_2] -30.446045
[2025.06.21-10.36.09:514][938]LogBlueprintUserMessages: [Stanok_2] -30.446045
[2025.06.21-10.36.09:563][941]LogBlueprintUserMessages: [Stanok_2] -30.446045
[2025.06.21-10.36.09:613][944]LogBlueprintUserMessages: [Stanok_2] -30.446045
[2025.06.21-10.36.09:664][947]LogBlueprintUserMessages: [Stanok_2] -30.446045
[2025.06.21-10.36.09:713][950]LogBlueprintUserMessages: [Stanok_2] -30.446045
[2025.06.21-10.36.09:763][953]LogBlueprintUserMessages: [Stanok_2] -30.446045
[2025.06.21-10.36.09:813][956]LogBlueprintUserMessages: [Stanok_2] -30.446045
[2025.06.21-10.36.09:863][959]LogBlueprintUserMessages: [Stanok_2] -30.446045
[2025.06.21-10.36.09:914][962]LogBlueprintUserMessages: [Stanok_2] -30.446045
[2025.06.21-10.36.09:964][965]LogBlueprintUserMessages: [Stanok_2] -30.446045
[2025.06.21-10.36.10:014][968]LogBlueprintUserMessages: [Stanok_2] -30.446045
[2025.06.21-10.36.10:064][971]LogBlueprintUserMessages: [Stanok_2] -30.446045
[2025.06.21-10.36.10:113][974]LogBlueprintUserMessages: [Stanok_2] -30.446045
[2025.06.21-10.36.10:164][977]LogBlueprintUserMessages: [Stanok_2] -30.446045
[2025.06.21-10.36.10:213][980]LogBlueprintUserMessages: [Stanok_2] -30.446045
[2025.06.21-10.36.10:263][983]LogBlueprintUserMessages: [Stanok_2] -30.446045
[2025.06.21-10.36.10:313][986]LogBlueprintUserMessages: [Stanok_2] -30.446045
[2025.06.21-10.36.10:363][989]LogBlueprintUserMessages: [Stanok_2] -30.446045
[2025.06.21-10.36.10:414][992]LogBlueprintUserMessages: [Stanok_2] -30.446045
[2025.06.21-10.36.10:463][995]LogBlueprintUserMessages: [Stanok_2] -30.446045
[2025.06.21-10.36.10:513][998]LogBlueprintUserMessages: [Stanok_2] -30.446045
[2025.06.21-10.36.10:564][  1]LogBlueprintUserMessages: [Stanok_2] -30.446045
[2025.06.21-10.36.10:614][  4]LogBlueprintUserMessages: [Stanok_2] -30.446045
[2025.06.21-10.36.10:663][  7]LogBlueprintUserMessages: [Stanok_2] -30.446045
[2025.06.21-10.36.10:713][ 10]LogBlueprintUserMessages: [Stanok_2] -30.446045
[2025.06.21-10.36.10:764][ 13]LogBlueprintUserMessages: [Stanok_2] -30.446045
[2025.06.21-10.36.10:813][ 16]LogBlueprintUserMessages: [Stanok_2] -30.446045
[2025.06.21-10.36.10:863][ 19]LogBlueprintUserMessages: [Stanok_2] -30.446045
[2025.06.21-10.36.10:914][ 22]LogBlueprintUserMessages: [Stanok_2] -30.446045
[2025.06.21-10.36.10:964][ 25]LogBlueprintUserMessages: [Stanok_2] -30.446045
[2025.06.21-10.36.11:013][ 28]LogBlueprintUserMessages: [Stanok_2] -30.446045
[2025.06.21-10.36.11:063][ 31]LogBlueprintUserMessages: [Stanok_2] -30.446045
[2025.06.21-10.36.11:113][ 34]LogBlueprintUserMessages: [Stanok_2] -30.446045
[2025.06.21-10.36.11:164][ 37]LogBlueprintUserMessages: [Stanok_2] -30.446045
[2025.06.21-10.36.11:213][ 40]LogBlueprintUserMessages: [Stanok_2] -30.446045
[2025.06.21-10.36.11:263][ 43]LogBlueprintUserMessages: [Stanok_2] -30.446045
[2025.06.21-10.36.11:314][ 46]LogBlueprintUserMessages: [Stanok_2] -30.446045
[2025.06.21-10.36.11:363][ 49]LogBlueprintUserMessages: [Stanok_2] -30.446045
[2025.06.21-10.36.11:413][ 52]LogBlueprintUserMessages: [Stanok_2] -30.446045
[2025.06.21-10.36.11:463][ 55]LogBlueprintUserMessages: [Stanok_2] -30.446045
[2025.06.21-10.36.11:513][ 58]LogBlueprintUserMessages: [Stanok_2] -30.446045
[2025.06.21-10.36.11:563][ 61]LogBlueprintUserMessages: [Stanok_2] -30.446045
[2025.06.21-10.36.11:613][ 64]LogBlueprintUserMessages: [Stanok_2] -30.446045
[2025.06.21-10.36.11:663][ 67]LogBlueprintUserMessages: [Stanok_2] -30.446045
[2025.06.21-10.36.11:713][ 70]LogBlueprintUserMessages: [Stanok_2] -30.446045
[2025.06.21-10.36.11:763][ 73]LogBlueprintUserMessages: [Stanok_2] -30.446045
[2025.06.21-10.36.11:813][ 76]LogBlueprintUserMessages: [Stanok_2] -30.446045
[2025.06.21-10.36.11:864][ 79]LogBlueprintUserMessages: [Stanok_2] -30.446045
[2025.06.21-10.36.11:914][ 82]LogBlueprintUserMessages: [Stanok_2] -30.446045
[2025.06.21-10.36.11:964][ 85]LogBlueprintUserMessages: [Stanok_2] -30.446045
[2025.06.21-10.36.12:014][ 88]LogBlueprintUserMessages: [Stanok_2] -30.446045
[2025.06.21-10.36.12:064][ 91]LogBlueprintUserMessages: [Stanok_2] -30.446045
[2025.06.21-10.36.12:114][ 94]LogBlueprintUserMessages: [Stanok_2] -30.446045
[2025.06.21-10.36.12:164][ 97]LogBlueprintUserMessages: [Stanok_2] -30.446045
[2025.06.21-10.36.12:214][100]LogBlueprintUserMessages: [Stanok_2] -30.446045
[2025.06.21-10.36.12:264][103]LogBlueprintUserMessages: [Stanok_2] -30.446045
[2025.06.21-10.36.12:313][106]LogBlueprintUserMessages: [Stanok_2] -30.446045
[2025.06.21-10.36.12:363][109]LogBlueprintUserMessages: [Stanok_2] -30.446045
[2025.06.21-10.36.12:413][112]LogBlueprintUserMessages: [Stanok_2] -30.446045
[2025.06.21-10.36.12:475][113]LogSlate: Updating window title bar state: overlay mode, drag disabled, window buttons hidden, title bar hidden
[2025.06.21-10.36.12:475][113]LogWorld: BeginTearingDown for /Game/Maps/UEDPIE_0_Dopusk
[2025.06.21-10.36.12:475][113]LogSlate: Window 'task1 Preview [NetMode: Standalone]  (64-bit/Windows) ' being destroyed
[2025.06.21-10.36.12:488][113]LogWorld: UWorld::CleanupWorld for Dopusk, bSessionEnded=true, bCleanupResources=true
[2025.06.21-10.36.12:488][113]LogSlate: InvalidateAllWidgets triggered.  All widgets were invalidated
[2025.06.21-10.36.12:501][113]LogPlayLevel: Display: Shutting down PIE online subsystems
[2025.06.21-10.36.12:535][113]LogSlate: InvalidateAllWidgets triggered.  All widgets were invalidated
[2025.06.21-10.36.12:567][113]LogAudio: Display: Audio Device unregistered from world 'None'.
[2025.06.21-10.36.12:567][113]LogAudioMixer: FMixerPlatformXAudio2::StopAudioStream() called
[2025.06.21-10.36.12:569][113]LogAudioMixer: FMixerPlatformXAudio2::StopAudioStream() called
[2025.06.21-10.36.12:573][113]LogUObjectHash: Compacting FUObjectHashTables data took   2.31ms
[2025.06.21-10.36.12:586][114]LogPlayLevel: Display: Destroying online subsystem :Context_48
[2025.06.21-10.36.24:496][815]LogTemp: Repeating last play command: Selected Viewport
[2025.06.21-10.36.24:504][815]BlueprintLog: New page: Pre-Play auto-recompile
[2025.06.21-10.36.24:506][815]LogPlayLevel: [PlayLevel] Compiling StanokPosUI before play...
[2025.06.21-10.36.24:584][815]LogUObjectHash: Compacting FUObjectHashTables data took   2.69ms
[2025.06.21-10.36.24:585][815]LogPlayLevel: PlayLevel: Blueprint regeneration took 80 ms (1 blueprints)
[2025.06.21-10.36.24:585][815]PIE: New page: PIE session: Dopusk (Jun 21, 2025, 4:36:24 PM)
[2025.06.21-10.36.24:585][815]LogPlayLevel: Creating play world package: /Game/Maps/UEDPIE_0_Dopusk
[2025.06.21-10.36.24:587][815]LogPlayLevel: PIE: StaticDuplicateObject took: (0.001910s)
[2025.06.21-10.36.24:587][815]LogAIModule: Creating AISystem for world Dopusk
[2025.06.21-10.36.24:588][815]LogPlayLevel: PIE: World Init took: (0.000824s)
[2025.06.21-10.36.24:588][815]LogPlayLevel: PIE: Created PIE world by copying editor world from /Game/Maps/Dopusk.Dopusk to /Game/Maps/UEDPIE_0_Dopusk.Dopusk (0.002817s)
[2025.06.21-10.36.24:625][815]LogUObjectHash: Compacting FUObjectHashTables data took   1.92ms
[2025.06.21-10.36.24:626][815]LogAudio: Display: Creating Audio Device:                 Id: 37, Scope: Unique, Realtime: True
[2025.06.21-10.36.24:626][815]LogAudioMixer: Display: Audio Mixer Platform Settings:
[2025.06.21-10.36.24:626][815]LogAudioMixer: Display: 	Sample Rate:						  48000
[2025.06.21-10.36.24:626][815]LogAudioMixer: Display: 	Callback Buffer Frame Size Requested: 1024
[2025.06.21-10.36.24:626][815]LogAudioMixer: Display: 	Callback Buffer Frame Size To Use:	  1024
[2025.06.21-10.36.24:626][815]LogAudioMixer: Display: 	Number of buffers to queue:			  2
[2025.06.21-10.36.24:626][815]LogAudioMixer: Display: 	Max Channels (voices):				  32
[2025.06.21-10.36.24:626][815]LogAudioMixer: Display: 	Number of Async Source Workers:		  0
[2025.06.21-10.36.24:626][815]LogAudio: Display: AudioDevice MaxSources: 32
[2025.06.21-10.36.24:626][815]LogAudio: Display: Audio Spatialization Plugin: None (built-in).
[2025.06.21-10.36.24:626][815]LogAudio: Display: Audio Reverb Plugin: None (built-in).
[2025.06.21-10.36.24:626][815]LogAudio: Display: Audio Occlusion Plugin: None (built-in).
[2025.06.21-10.36.24:626][815]LogAudioMixer: Display: Initializing audio mixer.
[2025.06.21-10.36.24:629][815]LogAudioMixer: Display: 0: FrontLeft
[2025.06.21-10.36.24:629][815]LogAudioMixer: Display: 1: FrontRight
[2025.06.21-10.36.24:747][815]LogAudioMixer: Display: Using Audio Device Speakers (Realtek(R) Audio)
[2025.06.21-10.36.24:747][815]LogAudioMixer: Display: Initializing Sound Submixes...
[2025.06.21-10.36.24:747][815]LogAudioMixer: Display: Creating Master Submix 'MasterSubmixDefault'
[2025.06.21-10.36.24:747][815]LogAudioMixer: Display: Creating Master Submix 'MasterReverbSubmixDefault'
[2025.06.21-10.36.24:747][815]LogAudioMixer: Display: Creating Master Submix 'MasterEQSubmixDefault'
[2025.06.21-10.36.24:747][815]LogAudioMixer: FMixerPlatformXAudio2::StartAudioStream() called
[2025.06.21-10.36.24:747][815]LogAudioMixer: Display: Output buffers initialized: Frames=1024, Channels=2, Samples=2048
[2025.06.21-10.36.24:749][815]LogAudioMixer: Display: Starting AudioMixerPlatformInterface::RunInternal()
[2025.06.21-10.36.24:749][815]LogAudioMixer: Display: FMixerPlatformXAudio2::SubmitBuffer() called for the first time
[2025.06.21-10.36.24:749][815]LogInit: FAudioDevice initialized.
[2025.06.21-10.36.24:749][815]LogAudio: Display: Audio Device (ID: 37) registered with world 'Dopusk'.
[2025.06.21-10.36.24:770][815]LogSlate: Updating window title bar state: overlay mode, drag disabled, window buttons hidden, title bar hidden
[2025.06.21-10.36.24:770][815]LogLoad: Game class is 'DopuskGamemode_C'
[2025.06.21-10.36.24:772][815]LogWorld: Bringing World /Game/Maps/UEDPIE_0_Dopusk.Dopusk up for play (max tick rate 60) at 2025.06.21-13.36.24
[2025.06.21-10.36.24:773][815]LogWorld: Bringing up level for play took: 0.001230
[2025.06.21-10.36.24:773][815]LogOnline: OSS: Creating online subsystem instance for: :Context_49
[2025.06.21-10.36.24:776][815]LogGameMode: FindPlayerStart: PATHS NOT DEFINED or NO PLAYERSTART with positive rating
[2025.06.21-10.36.24:776][815]LogViewport: Display: Viewport MouseCaptureMode Changed, CapturePermanently_IncludingInitialMouseDown -> CapturePermanently
[2025.06.21-10.36.24:777][815]PIE: Server logged in
[2025.06.21-10.36.24:778][815]PIE: Play in editor total start time 0.275 seconds.
[2025.06.21-10.36.24:842][816]LogBlueprintUserMessages: [StanokPosUI_C_0] Hello
[2025.06.21-10.36.24:842][816]LogBlueprintUserMessages: [Stanok_2] -30.621
[2025.06.21-10.36.24:887][819]LogBlueprintUserMessages: [StanokPosUI_C_0] Hello
[2025.06.21-10.36.24:887][819]LogBlueprintUserMessages: [Stanok_2] -30.621
[2025.06.21-10.36.24:937][822]LogBlueprintUserMessages: [StanokPosUI_C_0] Hello
[2025.06.21-10.36.24:937][822]LogBlueprintUserMessages: [Stanok_2] -30.621
[2025.06.21-10.36.24:987][825]LogBlueprintUserMessages: [StanokPosUI_C_0] Hello
[2025.06.21-10.36.24:987][825]LogBlueprintUserMessages: [Stanok_2] -30.621
[2025.06.21-10.36.25:036][828]LogBlueprintUserMessages: [StanokPosUI_C_0] Hello
[2025.06.21-10.36.25:036][828]LogBlueprintUserMessages: [Stanok_2] -30.621
[2025.06.21-10.36.25:087][831]LogBlueprintUserMessages: [StanokPosUI_C_0] Hello
[2025.06.21-10.36.25:087][831]LogBlueprintUserMessages: [Stanok_2] -30.621
[2025.06.21-10.36.25:136][834]LogBlueprintUserMessages: [StanokPosUI_C_0] Hello
[2025.06.21-10.36.25:136][834]LogBlueprintUserMessages: [Stanok_2] -30.621
[2025.06.21-10.36.25:187][837]LogBlueprintUserMessages: [StanokPosUI_C_0] Hello
[2025.06.21-10.36.25:187][837]LogBlueprintUserMessages: [Stanok_2] -30.621
[2025.06.21-10.36.25:236][840]LogBlueprintUserMessages: [StanokPosUI_C_0] Hello
[2025.06.21-10.36.25:236][840]LogBlueprintUserMessages: [Stanok_2] -30.621
[2025.06.21-10.36.25:286][843]LogBlueprintUserMessages: [StanokPosUI_C_0] Hello
[2025.06.21-10.36.25:286][843]LogBlueprintUserMessages: [Stanok_2] -30.621
[2025.06.21-10.36.25:336][846]LogBlueprintUserMessages: [StanokPosUI_C_0] Hello
[2025.06.21-10.36.25:336][846]LogBlueprintUserMessages: [Stanok_2] -30.621
[2025.06.21-10.36.25:387][849]LogBlueprintUserMessages: [StanokPosUI_C_0] Hello
[2025.06.21-10.36.25:387][849]LogBlueprintUserMessages: [Stanok_2] -30.621
[2025.06.21-10.36.25:436][852]LogBlueprintUserMessages: [StanokPosUI_C_0] Hello
[2025.06.21-10.36.25:436][852]LogBlueprintUserMessages: [Stanok_2] -30.621
[2025.06.21-10.36.25:487][855]LogBlueprintUserMessages: [StanokPosUI_C_0] Hello
[2025.06.21-10.36.25:487][855]LogBlueprintUserMessages: [Stanok_2] -30.621
[2025.06.21-10.36.25:536][858]LogBlueprintUserMessages: [StanokPosUI_C_0] Hello
[2025.06.21-10.36.25:537][858]LogBlueprintUserMessages: [Stanok_2] -30.621
[2025.06.21-10.36.25:586][861]LogBlueprintUserMessages: [StanokPosUI_C_0] Hello
[2025.06.21-10.36.25:586][861]LogBlueprintUserMessages: [Stanok_2] -30.621
[2025.06.21-10.36.25:660][863]LogBlueprintUserMessages: [StanokPosUI_C_0] Hello
[2025.06.21-10.36.25:660][863]LogBlueprintUserMessages: [Stanok_2] -30.621
[2025.06.21-10.36.25:709][866]LogBlueprintUserMessages: [StanokPosUI_C_0] Hello
[2025.06.21-10.36.25:710][866]LogBlueprintUserMessages: [Stanok_2] -30.621
[2025.06.21-10.36.25:760][869]LogBlueprintUserMessages: [StanokPosUI_C_0] Hello
[2025.06.21-10.36.25:760][869]LogBlueprintUserMessages: [Stanok_2] -30.621
[2025.06.21-10.36.25:811][872]LogBlueprintUserMessages: [StanokPosUI_C_0] Hello
[2025.06.21-10.36.25:812][872]LogBlueprintUserMessages: [Stanok_2] -30.621
[2025.06.21-10.36.25:861][875]LogBlueprintUserMessages: [StanokPosUI_C_0] Hello
[2025.06.21-10.36.25:861][875]LogBlueprintUserMessages: [Stanok_2] -30.621
[2025.06.21-10.36.25:910][878]LogBlueprintUserMessages: [StanokPosUI_C_0] Hello
[2025.06.21-10.36.25:910][878]LogBlueprintUserMessages: [Stanok_2] -30.621
[2025.06.21-10.36.25:959][881]LogBlueprintUserMessages: [StanokPosUI_C_0] Hello
[2025.06.21-10.36.25:959][881]LogBlueprintUserMessages: [Stanok_2] -30.621
[2025.06.21-10.36.26:009][884]LogBlueprintUserMessages: [StanokPosUI_C_0] Hello
[2025.06.21-10.36.26:009][884]LogBlueprintUserMessages: [Stanok_2] -30.621
[2025.06.21-10.36.26:059][887]LogBlueprintUserMessages: [StanokPosUI_C_0] Hello
[2025.06.21-10.36.26:060][887]LogBlueprintUserMessages: [Stanok_2] -30.621
[2025.06.21-10.36.26:109][890]LogBlueprintUserMessages: [StanokPosUI_C_0] Hello
[2025.06.21-10.36.26:109][890]LogBlueprintUserMessages: [Stanok_2] -30.621
[2025.06.21-10.36.26:160][893]LogBlueprintUserMessages: [StanokPosUI_C_0] Hello
[2025.06.21-10.36.26:160][893]LogBlueprintUserMessages: [Stanok_2] -30.621
[2025.06.21-10.36.26:210][896]LogBlueprintUserMessages: [StanokPosUI_C_0] Hello
[2025.06.21-10.36.26:211][896]LogBlueprintUserMessages: [Stanok_2] -30.621
[2025.06.21-10.36.26:260][899]LogBlueprintUserMessages: [StanokPosUI_C_0] Hello
[2025.06.21-10.36.26:260][899]LogBlueprintUserMessages: [Stanok_2] -30.621
[2025.06.21-10.36.26:311][902]LogBlueprintUserMessages: [StanokPosUI_C_0] Hello
[2025.06.21-10.36.26:311][902]LogBlueprintUserMessages: [Stanok_2] -30.621
[2025.06.21-10.36.26:360][905]LogBlueprintUserMessages: [StanokPosUI_C_0] Hello
[2025.06.21-10.36.26:360][905]LogBlueprintUserMessages: [Stanok_2] -30.621
[2025.06.21-10.36.26:411][908]LogBlueprintUserMessages: [StanokPosUI_C_0] Hello
[2025.06.21-10.36.26:411][908]LogBlueprintUserMessages: [Stanok_2] -30.621
[2025.06.21-10.36.26:461][911]LogBlueprintUserMessages: [StanokPosUI_C_0] Hello
[2025.06.21-10.36.26:461][911]LogBlueprintUserMessages: [Stanok_2] -30.621
[2025.06.21-10.36.26:510][914]LogBlueprintUserMessages: [StanokPosUI_C_0] Hello
[2025.06.21-10.36.26:510][914]LogBlueprintUserMessages: [Stanok_2] -30.621
[2025.06.21-10.36.26:559][917]LogBlueprintUserMessages: [StanokPosUI_C_0] Hello
[2025.06.21-10.36.26:559][917]LogBlueprintUserMessages: [Stanok_2] -30.621
[2025.06.21-10.36.26:610][920]LogBlueprintUserMessages: [StanokPosUI_C_0] Hello
[2025.06.21-10.36.26:610][920]LogBlueprintUserMessages: [Stanok_2] -30.621
[2025.06.21-10.36.26:660][923]LogBlueprintUserMessages: [StanokPosUI_C_0] Hello
[2025.06.21-10.36.26:660][923]LogBlueprintUserMessages: [Stanok_2] -30.621
[2025.06.21-10.36.26:710][926]LogBlueprintUserMessages: [StanokPosUI_C_0] Hello
[2025.06.21-10.36.26:710][926]LogBlueprintUserMessages: [Stanok_2] -30.621
[2025.06.21-10.36.26:760][929]LogBlueprintUserMessages: [StanokPosUI_C_0] Hello
[2025.06.21-10.36.26:760][929]LogBlueprintUserMessages: [Stanok_2] -30.621
[2025.06.21-10.36.26:810][932]LogBlueprintUserMessages: [StanokPosUI_C_0] Hello
[2025.06.21-10.36.26:810][932]LogBlueprintUserMessages: [Stanok_2] -30.621
[2025.06.21-10.36.26:859][935]LogBlueprintUserMessages: [StanokPosUI_C_0] Hello
[2025.06.21-10.36.26:861][935]LogBlueprintUserMessages: [Stanok_2] -30.621
[2025.06.21-10.36.26:910][938]LogBlueprintUserMessages: [StanokPosUI_C_0] Hello
[2025.06.21-10.36.26:910][938]LogBlueprintUserMessages: [Stanok_2] -30.621
[2025.06.21-10.36.26:960][941]LogBlueprintUserMessages: [StanokPosUI_C_0] Hello
[2025.06.21-10.36.26:960][941]LogBlueprintUserMessages: [Stanok_2] -30.621
[2025.06.21-10.36.27:010][944]LogBlueprintUserMessages: [StanokPosUI_C_0] Hello
[2025.06.21-10.36.27:010][944]LogBlueprintUserMessages: [Stanok_2] -30.621
[2025.06.21-10.36.27:060][947]LogBlueprintUserMessages: [StanokPosUI_C_0] Hello
[2025.06.21-10.36.27:060][947]LogBlueprintUserMessages: [Stanok_2] -30.621
[2025.06.21-10.36.27:110][950]LogBlueprintUserMessages: [StanokPosUI_C_0] Hello
[2025.06.21-10.36.27:110][950]LogBlueprintUserMessages: [Stanok_2] -30.621
[2025.06.21-10.36.27:160][953]LogBlueprintUserMessages: [StanokPosUI_C_0] Hello
[2025.06.21-10.36.27:160][953]LogBlueprintUserMessages: [Stanok_2] -30.621
[2025.06.21-10.36.27:210][956]LogBlueprintUserMessages: [StanokPosUI_C_0] Hello
[2025.06.21-10.36.27:211][956]LogBlueprintUserMessages: [Stanok_2] -30.621
[2025.06.21-10.36.27:260][959]LogBlueprintUserMessages: [StanokPosUI_C_0] Hello
[2025.06.21-10.36.27:261][959]LogBlueprintUserMessages: [Stanok_2] -30.621
[2025.06.21-10.36.27:311][962]LogBlueprintUserMessages: [StanokPosUI_C_0] Hello
[2025.06.21-10.36.27:311][962]LogBlueprintUserMessages: [Stanok_2] -30.621
[2025.06.21-10.36.27:360][965]LogBlueprintUserMessages: [StanokPosUI_C_0] Hello
[2025.06.21-10.36.27:360][965]LogBlueprintUserMessages: [Stanok_2] -30.621
[2025.06.21-10.36.27:410][968]LogBlueprintUserMessages: [StanokPosUI_C_0] Hello
[2025.06.21-10.36.27:410][968]LogBlueprintUserMessages: [Stanok_2] -30.621
[2025.06.21-10.36.27:460][971]LogBlueprintUserMessages: [StanokPosUI_C_0] Hello
[2025.06.21-10.36.27:460][971]LogBlueprintUserMessages: [Stanok_2] -30.621
[2025.06.21-10.36.27:511][974]LogBlueprintUserMessages: [StanokPosUI_C_0] Hello
[2025.06.21-10.36.27:511][974]LogBlueprintUserMessages: [Stanok_2] -30.621
[2025.06.21-10.36.27:561][977]LogBlueprintUserMessages: [StanokPosUI_C_0] Hello
[2025.06.21-10.36.27:561][977]LogBlueprintUserMessages: [Stanok_2] -30.621
[2025.06.21-10.36.27:610][980]LogBlueprintUserMessages: [StanokPosUI_C_0] Hello
[2025.06.21-10.36.27:611][980]LogBlueprintUserMessages: [Stanok_2] -30.621
[2025.06.21-10.36.27:661][983]LogBlueprintUserMessages: [StanokPosUI_C_0] Hello
[2025.06.21-10.36.27:661][983]LogBlueprintUserMessages: [Stanok_2] -30.621
[2025.06.21-10.36.27:711][986]LogBlueprintUserMessages: [StanokPosUI_C_0] Hello
[2025.06.21-10.36.27:711][986]LogBlueprintUserMessages: [Stanok_2] -30.621
[2025.06.21-10.36.27:760][989]LogBlueprintUserMessages: [StanokPosUI_C_0] Hello
[2025.06.21-10.36.27:760][989]LogBlueprintUserMessages: [Stanok_2] -30.621
[2025.06.21-10.36.27:811][992]LogBlueprintUserMessages: [StanokPosUI_C_0] Hello
[2025.06.21-10.36.27:811][992]LogBlueprintUserMessages: [Stanok_2] -30.621
[2025.06.21-10.36.27:861][995]LogBlueprintUserMessages: [StanokPosUI_C_0] Hello
[2025.06.21-10.36.27:861][995]LogBlueprintUserMessages: [Stanok_2] -30.621
[2025.06.21-10.36.27:911][998]LogBlueprintUserMessages: [StanokPosUI_C_0] Hello
[2025.06.21-10.36.27:911][998]LogBlueprintUserMessages: [Stanok_2] -30.621
[2025.06.21-10.36.27:960][  1]LogBlueprintUserMessages: [StanokPosUI_C_0] Hello
[2025.06.21-10.36.27:960][  1]LogBlueprintUserMessages: [Stanok_2] -30.621
[2025.06.21-10.36.28:010][  4]LogBlueprintUserMessages: [StanokPosUI_C_0] Hello
[2025.06.21-10.36.28:010][  4]LogBlueprintUserMessages: [Stanok_2] -30.621
[2025.06.21-10.36.28:060][  7]LogBlueprintUserMessages: [StanokPosUI_C_0] Hello
[2025.06.21-10.36.28:060][  7]LogBlueprintUserMessages: [Stanok_2] -30.621
[2025.06.21-10.36.28:110][ 10]LogBlueprintUserMessages: [StanokPosUI_C_0] Hello
[2025.06.21-10.36.28:110][ 10]LogBlueprintUserMessages: [Stanok_2] -30.621
[2025.06.21-10.36.28:159][ 13]LogBlueprintUserMessages: [StanokPosUI_C_0] Hello
[2025.06.21-10.36.28:159][ 13]LogBlueprintUserMessages: [Stanok_2] -30.621
[2025.06.21-10.36.28:210][ 16]LogBlueprintUserMessages: [StanokPosUI_C_0] Hello
[2025.06.21-10.36.28:210][ 16]LogBlueprintUserMessages: [Stanok_2] -30.621
[2025.06.21-10.36.28:260][ 19]LogBlueprintUserMessages: [StanokPosUI_C_0] Hello
[2025.06.21-10.36.28:260][ 19]LogBlueprintUserMessages: [Stanok_2] -30.621
[2025.06.21-10.36.28:311][ 22]LogBlueprintUserMessages: [StanokPosUI_C_0] Hello
[2025.06.21-10.36.28:311][ 22]LogBlueprintUserMessages: [Stanok_2] -30.621
[2025.06.21-10.36.28:360][ 25]LogBlueprintUserMessages: [StanokPosUI_C_0] Hello
[2025.06.21-10.36.28:360][ 25]LogBlueprintUserMessages: [Stanok_2] -30.621
[2025.06.21-10.36.28:410][ 28]LogBlueprintUserMessages: [StanokPosUI_C_0] Hello
[2025.06.21-10.36.28:410][ 28]LogBlueprintUserMessages: [Stanok_2] -30.621
[2025.06.21-10.36.28:459][ 31]LogBlueprintUserMessages: [StanokPosUI_C_0] Hello
[2025.06.21-10.36.28:459][ 31]LogBlueprintUserMessages: [Stanok_2] -30.621
[2025.06.21-10.36.28:510][ 34]LogBlueprintUserMessages: [StanokPosUI_C_0] Hello
[2025.06.21-10.36.28:510][ 34]LogBlueprintUserMessages: [Stanok_2] -30.621
[2025.06.21-10.36.28:560][ 37]LogBlueprintUserMessages: [StanokPosUI_C_0] Hello
[2025.06.21-10.36.28:560][ 37]LogBlueprintUserMessages: [Stanok_2] -30.621
[2025.06.21-10.36.28:610][ 40]LogBlueprintUserMessages: [StanokPosUI_C_0] Hello
[2025.06.21-10.36.28:610][ 40]LogBlueprintUserMessages: [Stanok_2] -30.621
[2025.06.21-10.36.28:660][ 43]LogBlueprintUserMessages: [StanokPosUI_C_0] Hello
[2025.06.21-10.36.28:660][ 43]LogBlueprintUserMessages: [Stanok_2] -30.621
[2025.06.21-10.36.28:709][ 46]LogBlueprintUserMessages: [StanokPosUI_C_0] Hello
[2025.06.21-10.36.28:709][ 46]LogBlueprintUserMessages: [Stanok_2] -30.621
[2025.06.21-10.36.28:760][ 49]LogBlueprintUserMessages: [StanokPosUI_C_0] Hello
[2025.06.21-10.36.28:760][ 49]LogBlueprintUserMessages: [Stanok_2] -30.621
[2025.06.21-10.36.28:810][ 52]LogBlueprintUserMessages: [StanokPosUI_C_0] Hello
[2025.06.21-10.36.28:810][ 52]LogBlueprintUserMessages: [Stanok_2] -30.621
[2025.06.21-10.36.28:860][ 55]LogBlueprintUserMessages: [StanokPosUI_C_0] Hello
[2025.06.21-10.36.28:860][ 55]LogBlueprintUserMessages: [Stanok_2] -30.621
[2025.06.21-10.36.28:910][ 58]LogBlueprintUserMessages: [StanokPosUI_C_0] Hello
[2025.06.21-10.36.28:910][ 58]LogBlueprintUserMessages: [Stanok_2] -30.621
[2025.06.21-10.36.28:960][ 61]LogBlueprintUserMessages: [StanokPosUI_C_0] Hello
[2025.06.21-10.36.28:960][ 61]LogBlueprintUserMessages: [Stanok_2] -30.621
[2025.06.21-10.36.29:011][ 64]LogBlueprintUserMessages: [StanokPosUI_C_0] Hello
[2025.06.21-10.36.29:011][ 64]LogBlueprintUserMessages: [Stanok_2] -30.621
[2025.06.21-10.36.29:061][ 67]LogBlueprintUserMessages: [StanokPosUI_C_0] Hello
[2025.06.21-10.36.29:061][ 67]LogBlueprintUserMessages: [Stanok_2] -30.621
[2025.06.21-10.36.29:110][ 70]LogBlueprintUserMessages: [StanokPosUI_C_0] Hello
[2025.06.21-10.36.29:110][ 70]LogBlueprintUserMessages: [Stanok_2] -30.621
[2025.06.21-10.36.29:160][ 73]LogBlueprintUserMessages: [StanokPosUI_C_0] Hello
[2025.06.21-10.36.29:160][ 73]LogBlueprintUserMessages: [Stanok_2] -30.621
[2025.06.21-10.36.29:210][ 76]LogBlueprintUserMessages: [StanokPosUI_C_0] Hello
[2025.06.21-10.36.29:210][ 76]LogBlueprintUserMessages: [Stanok_2] -30.621
[2025.06.21-10.36.29:261][ 79]LogBlueprintUserMessages: [StanokPosUI_C_0] Hello
[2025.06.21-10.36.29:261][ 79]LogBlueprintUserMessages: [Stanok_2] -30.621
[2025.06.21-10.36.29:311][ 82]LogBlueprintUserMessages: [StanokPosUI_C_0] Hello
[2025.06.21-10.36.29:311][ 82]LogBlueprintUserMessages: [Stanok_2] -30.621
[2025.06.21-10.36.29:360][ 85]LogBlueprintUserMessages: [StanokPosUI_C_0] Hello
[2025.06.21-10.36.29:360][ 85]LogBlueprintUserMessages: [Stanok_2] -30.621
[2025.06.21-10.36.29:410][ 88]LogBlueprintUserMessages: [StanokPosUI_C_0] Hello
[2025.06.21-10.36.29:410][ 88]LogBlueprintUserMessages: [Stanok_2] -30.621
[2025.06.21-10.36.29:460][ 91]LogBlueprintUserMessages: [StanokPosUI_C_0] Hello
[2025.06.21-10.36.29:460][ 91]LogBlueprintUserMessages: [Stanok_2] -30.621
[2025.06.21-10.36.29:511][ 94]LogBlueprintUserMessages: [StanokPosUI_C_0] Hello
[2025.06.21-10.36.29:511][ 94]LogBlueprintUserMessages: [Stanok_2] -30.621
[2025.06.21-10.36.29:560][ 97]LogBlueprintUserMessages: [StanokPosUI_C_0] Hello
[2025.06.21-10.36.29:560][ 97]LogBlueprintUserMessages: [Stanok_2] -30.621
[2025.06.21-10.36.29:611][100]LogBlueprintUserMessages: [StanokPosUI_C_0] Hello
[2025.06.21-10.36.29:611][100]LogBlueprintUserMessages: [Stanok_2] -30.621
[2025.06.21-10.36.29:660][103]LogBlueprintUserMessages: [StanokPosUI_C_0] Hello
[2025.06.21-10.36.29:660][103]LogBlueprintUserMessages: [Stanok_2] -30.621
[2025.06.21-10.36.29:711][106]LogBlueprintUserMessages: [StanokPosUI_C_0] Hello
[2025.06.21-10.36.29:711][106]LogBlueprintUserMessages: [Stanok_2] -30.621
[2025.06.21-10.36.29:760][109]LogBlueprintUserMessages: [StanokPosUI_C_0] Hello
[2025.06.21-10.36.29:760][109]LogBlueprintUserMessages: [Stanok_2] -30.621
[2025.06.21-10.36.29:811][112]LogBlueprintUserMessages: [StanokPosUI_C_0] Hello
[2025.06.21-10.36.29:811][112]LogBlueprintUserMessages: [Stanok_2] -30.621
[2025.06.21-10.36.29:859][115]LogBlueprintUserMessages: [StanokPosUI_C_0] Hello
[2025.06.21-10.36.29:860][115]LogBlueprintUserMessages: [Stanok_2] -30.621
[2025.06.21-10.36.29:910][118]LogBlueprintUserMessages: [StanokPosUI_C_0] Hello
[2025.06.21-10.36.29:910][118]LogBlueprintUserMessages: [Stanok_2] -30.621
[2025.06.21-10.36.29:961][121]LogBlueprintUserMessages: [StanokPosUI_C_0] Hello
[2025.06.21-10.36.29:961][121]LogBlueprintUserMessages: [Stanok_2] -30.621
[2025.06.21-10.36.30:010][124]LogBlueprintUserMessages: [StanokPosUI_C_0] Hello
[2025.06.21-10.36.30:010][124]LogBlueprintUserMessages: [Stanok_2] -30.621
[2025.06.21-10.36.30:060][127]LogBlueprintUserMessages: [StanokPosUI_C_0] Hello
[2025.06.21-10.36.30:060][127]LogBlueprintUserMessages: [Stanok_2] -30.621
[2025.06.21-10.36.30:110][130]LogBlueprintUserMessages: [StanokPosUI_C_0] Hello
[2025.06.21-10.36.30:110][130]LogBlueprintUserMessages: [Stanok_2] -30.621
[2025.06.21-10.36.30:160][133]LogBlueprintUserMessages: [StanokPosUI_C_0] Hello
[2025.06.21-10.36.30:160][133]LogBlueprintUserMessages: [Stanok_2] -30.621
[2025.06.21-10.36.30:211][136]LogBlueprintUserMessages: [StanokPosUI_C_0] Hello
[2025.06.21-10.36.30:211][136]LogBlueprintUserMessages: [Stanok_2] -30.621
[2025.06.21-10.36.30:260][139]LogBlueprintUserMessages: [StanokPosUI_C_0] Hello
[2025.06.21-10.36.30:260][139]LogBlueprintUserMessages: [Stanok_2] -30.621
[2025.06.21-10.36.30:310][142]LogBlueprintUserMessages: [StanokPosUI_C_0] Hello
[2025.06.21-10.36.30:311][142]LogBlueprintUserMessages: [Stanok_2] -30.621
[2025.06.21-10.36.30:360][145]LogBlueprintUserMessages: [StanokPosUI_C_0] Hello
[2025.06.21-10.36.30:360][145]LogBlueprintUserMessages: [Stanok_2] -30.621
[2025.06.21-10.36.30:410][148]LogBlueprintUserMessages: [StanokPosUI_C_0] Hello
[2025.06.21-10.36.30:410][148]LogBlueprintUserMessages: [Stanok_2] -30.621
[2025.06.21-10.36.30:459][151]LogBlueprintUserMessages: [StanokPosUI_C_0] Hello
[2025.06.21-10.36.30:459][151]LogBlueprintUserMessages: [Stanok_2] -30.621
[2025.06.21-10.36.30:510][154]LogBlueprintUserMessages: [StanokPosUI_C_0] Hello
[2025.06.21-10.36.30:510][154]LogBlueprintUserMessages: [Stanok_2] -30.621
[2025.06.21-10.36.30:560][157]LogBlueprintUserMessages: [StanokPosUI_C_0] Hello
[2025.06.21-10.36.30:560][157]LogBlueprintUserMessages: [Stanok_2] -30.621
[2025.06.21-10.36.30:610][160]LogBlueprintUserMessages: [StanokPosUI_C_0] Hello
[2025.06.21-10.36.30:610][160]LogBlueprintUserMessages: [Stanok_2] -30.621
[2025.06.21-10.36.30:660][163]LogBlueprintUserMessages: [StanokPosUI_C_0] Hello
[2025.06.21-10.36.30:660][163]LogBlueprintUserMessages: [Stanok_2] -30.621
[2025.06.21-10.36.30:710][166]LogBlueprintUserMessages: [StanokPosUI_C_0] Hello
[2025.06.21-10.36.30:710][166]LogBlueprintUserMessages: [Stanok_2] -30.621
[2025.06.21-10.36.30:760][169]LogBlueprintUserMessages: [StanokPosUI_C_0] Hello
[2025.06.21-10.36.30:760][169]LogBlueprintUserMessages: [Stanok_2] -30.621
[2025.06.21-10.36.30:811][172]LogBlueprintUserMessages: [StanokPosUI_C_0] Hello
[2025.06.21-10.36.30:811][172]LogBlueprintUserMessages: [Stanok_2] -30.621
[2025.06.21-10.36.30:860][175]LogBlueprintUserMessages: [StanokPosUI_C_0] Hello
[2025.06.21-10.36.30:860][175]LogBlueprintUserMessages: [Stanok_2] -30.621
[2025.06.21-10.36.30:910][178]LogBlueprintUserMessages: [StanokPosUI_C_0] Hello
[2025.06.21-10.36.30:910][178]LogBlueprintUserMessages: [Stanok_2] -30.621
[2025.06.21-10.36.30:961][181]LogBlueprintUserMessages: [StanokPosUI_C_0] Hello
[2025.06.21-10.36.30:961][181]LogBlueprintUserMessages: [Stanok_2] -30.621
[2025.06.21-10.36.31:010][184]LogBlueprintUserMessages: [StanokPosUI_C_0] Hello
[2025.06.21-10.36.31:010][184]LogBlueprintUserMessages: [Stanok_2] -30.621
[2025.06.21-10.36.31:060][187]LogBlueprintUserMessages: [StanokPosUI_C_0] Hello
[2025.06.21-10.36.31:060][187]LogBlueprintUserMessages: [Stanok_2] -30.621
[2025.06.21-10.36.31:110][190]LogBlueprintUserMessages: [StanokPosUI_C_0] Hello
[2025.06.21-10.36.31:111][190]LogBlueprintUserMessages: [Stanok_2] -30.621
[2025.06.21-10.36.31:161][193]LogBlueprintUserMessages: [StanokPosUI_C_0] Hello
[2025.06.21-10.36.31:161][193]LogBlueprintUserMessages: [Stanok_2] -30.621
[2025.06.21-10.36.31:211][196]LogBlueprintUserMessages: [StanokPosUI_C_0] Hello
[2025.06.21-10.36.31:211][196]LogBlueprintUserMessages: [Stanok_2] -30.621
[2025.06.21-10.36.31:261][199]LogBlueprintUserMessages: [StanokPosUI_C_0] Hello
[2025.06.21-10.36.31:261][199]LogBlueprintUserMessages: [Stanok_2] -30.621
[2025.06.21-10.36.31:310][202]LogBlueprintUserMessages: [StanokPosUI_C_0] Hello
[2025.06.21-10.36.31:311][202]LogBlueprintUserMessages: [Stanok_2] -30.621
[2025.06.21-10.36.31:361][205]LogBlueprintUserMessages: [StanokPosUI_C_0] Hello
[2025.06.21-10.36.31:361][205]LogBlueprintUserMessages: [Stanok_2] -30.621
[2025.06.21-10.36.31:411][208]LogBlueprintUserMessages: [StanokPosUI_C_0] Hello
[2025.06.21-10.36.31:411][208]LogBlueprintUserMessages: [Stanok_2] -30.621
[2025.06.21-10.36.31:461][211]LogBlueprintUserMessages: [StanokPosUI_C_0] Hello
[2025.06.21-10.36.31:461][211]LogBlueprintUserMessages: [Stanok_2] -30.621
[2025.06.21-10.36.31:510][214]LogBlueprintUserMessages: [StanokPosUI_C_0] Hello
[2025.06.21-10.36.31:510][214]LogBlueprintUserMessages: [Stanok_2] -30.621
[2025.06.21-10.36.31:560][217]LogBlueprintUserMessages: [StanokPosUI_C_0] Hello
[2025.06.21-10.36.31:560][217]LogBlueprintUserMessages: [Stanok_2] -30.621
[2025.06.21-10.36.31:610][220]LogBlueprintUserMessages: [StanokPosUI_C_0] Hello
[2025.06.21-10.36.31:610][220]LogBlueprintUserMessages: [Stanok_2] -30.621
[2025.06.21-10.36.31:661][223]LogBlueprintUserMessages: [StanokPosUI_C_0] Hello
[2025.06.21-10.36.31:661][223]LogBlueprintUserMessages: [Stanok_2] -30.621
[2025.06.21-10.36.31:710][226]LogBlueprintUserMessages: [StanokPosUI_C_0] Hello
[2025.06.21-10.36.31:710][226]LogBlueprintUserMessages: [Stanok_2] -30.621
[2025.06.21-10.36.31:760][229]LogBlueprintUserMessages: [StanokPosUI_C_0] Hello
[2025.06.21-10.36.31:760][229]LogBlueprintUserMessages: [Stanok_2] -30.621
[2025.06.21-10.36.31:810][232]LogBlueprintUserMessages: [StanokPosUI_C_0] Hello
[2025.06.21-10.36.31:810][232]LogBlueprintUserMessages: [Stanok_2] -30.621
[2025.06.21-10.36.31:861][235]LogBlueprintUserMessages: [StanokPosUI_C_0] Hello
[2025.06.21-10.36.31:861][235]LogBlueprintUserMessages: [Stanok_2] -30.621
[2025.06.21-10.36.31:911][238]LogBlueprintUserMessages: [StanokPosUI_C_0] Hello
[2025.06.21-10.36.31:911][238]LogBlueprintUserMessages: [Stanok_2] -30.621
[2025.06.21-10.36.31:960][241]LogBlueprintUserMessages: [StanokPosUI_C_0] Hello
[2025.06.21-10.36.31:960][241]LogBlueprintUserMessages: [Stanok_2] -30.621
[2025.06.21-10.36.32:010][244]LogBlueprintUserMessages: [StanokPosUI_C_0] Hello
[2025.06.21-10.36.32:010][244]LogBlueprintUserMessages: [Stanok_2] -30.621
[2025.06.21-10.36.32:060][247]LogBlueprintUserMessages: [StanokPosUI_C_0] Hello
[2025.06.21-10.36.32:060][247]LogBlueprintUserMessages: [Stanok_2] -30.621
[2025.06.21-10.36.32:111][250]LogBlueprintUserMessages: [StanokPosUI_C_0] Hello
[2025.06.21-10.36.32:111][250]LogBlueprintUserMessages: [Stanok_2] -30.621
[2025.06.21-10.36.32:161][253]LogBlueprintUserMessages: [StanokPosUI_C_0] Hello
[2025.06.21-10.36.32:161][253]LogBlueprintUserMessages: [Stanok_2] -30.621
[2025.06.21-10.36.32:210][256]LogBlueprintUserMessages: [StanokPosUI_C_0] Hello
[2025.06.21-10.36.32:210][256]LogBlueprintUserMessages: [Stanok_2] -30.621
[2025.06.21-10.36.32:260][259]LogBlueprintUserMessages: [StanokPosUI_C_0] Hello
[2025.06.21-10.36.32:260][259]LogBlueprintUserMessages: [Stanok_2] -30.621
[2025.06.21-10.36.32:310][262]LogBlueprintUserMessages: [StanokPosUI_C_0] Hello
[2025.06.21-10.36.32:310][262]LogBlueprintUserMessages: [Stanok_2] -30.621
[2025.06.21-10.36.32:361][265]LogBlueprintUserMessages: [StanokPosUI_C_0] Hello
[2025.06.21-10.36.32:361][265]LogBlueprintUserMessages: [Stanok_2] -30.621
[2025.06.21-10.36.32:410][268]LogBlueprintUserMessages: [StanokPosUI_C_0] Hello
[2025.06.21-10.36.32:410][268]LogBlueprintUserMessages: [Stanok_2] -30.621
[2025.06.21-10.36.32:460][271]LogBlueprintUserMessages: [StanokPosUI_C_0] Hello
[2025.06.21-10.36.32:460][271]LogBlueprintUserMessages: [Stanok_2] -30.621
[2025.06.21-10.36.32:511][274]LogBlueprintUserMessages: [StanokPosUI_C_0] Hello
[2025.06.21-10.36.32:511][274]LogBlueprintUserMessages: [Stanok_2] -30.621
[2025.06.21-10.36.32:561][277]LogBlueprintUserMessages: [StanokPosUI_C_0] Hello
[2025.06.21-10.36.32:561][277]LogBlueprintUserMessages: [Stanok_2] -30.621
[2025.06.21-10.36.32:611][280]LogBlueprintUserMessages: [StanokPosUI_C_0] Hello
[2025.06.21-10.36.32:611][280]LogBlueprintUserMessages: [Stanok_2] -30.621
[2025.06.21-10.36.32:661][283]LogBlueprintUserMessages: [StanokPosUI_C_0] Hello
[2025.06.21-10.36.32:661][283]LogBlueprintUserMessages: [Stanok_2] -30.621
[2025.06.21-10.36.32:710][286]LogBlueprintUserMessages: [StanokPosUI_C_0] Hello
[2025.06.21-10.36.32:710][286]LogBlueprintUserMessages: [Stanok_2] -30.621
[2025.06.21-10.36.32:760][289]LogBlueprintUserMessages: [StanokPosUI_C_0] Hello
[2025.06.21-10.36.32:760][289]LogBlueprintUserMessages: [Stanok_2] -30.621
[2025.06.21-10.36.32:811][292]LogBlueprintUserMessages: [StanokPosUI_C_0] Hello
[2025.06.21-10.36.32:811][292]LogBlueprintUserMessages: [Stanok_2] -30.621
[2025.06.21-10.36.32:861][295]LogBlueprintUserMessages: [StanokPosUI_C_0] Hello
[2025.06.21-10.36.32:861][295]LogBlueprintUserMessages: [Stanok_2] -30.621
[2025.06.21-10.36.32:911][298]LogBlueprintUserMessages: [StanokPosUI_C_0] Hello
[2025.06.21-10.36.32:912][298]LogBlueprintUserMessages: [Stanok_2] -30.621
[2025.06.21-10.36.32:961][301]LogBlueprintUserMessages: [StanokPosUI_C_0] Hello
[2025.06.21-10.36.32:961][301]LogBlueprintUserMessages: [Stanok_2] -30.621
[2025.06.21-10.36.33:011][304]LogBlueprintUserMessages: [StanokPosUI_C_0] Hello
[2025.06.21-10.36.33:011][304]LogBlueprintUserMessages: [Stanok_2] -30.621
[2025.06.21-10.36.33:060][307]LogBlueprintUserMessages: [StanokPosUI_C_0] Hello
[2025.06.21-10.36.33:060][307]LogBlueprintUserMessages: [Stanok_2] -30.621
[2025.06.21-10.36.33:111][308]LogSlate: Updating window title bar state: overlay mode, drag disabled, window buttons hidden, title bar hidden
[2025.06.21-10.36.33:111][308]LogWorld: BeginTearingDown for /Game/Maps/UEDPIE_0_Dopusk
[2025.06.21-10.36.33:112][308]LogSlate: Window 'task1 Preview [NetMode: Standalone]  (64-bit/Windows) ' being destroyed
[2025.06.21-10.36.33:125][308]LogWorld: UWorld::CleanupWorld for Dopusk, bSessionEnded=true, bCleanupResources=true
[2025.06.21-10.36.33:125][308]LogSlate: InvalidateAllWidgets triggered.  All widgets were invalidated
[2025.06.21-10.36.33:134][308]LogPlayLevel: Display: Shutting down PIE online subsystems
[2025.06.21-10.36.33:165][308]LogSlate: InvalidateAllWidgets triggered.  All widgets were invalidated
[2025.06.21-10.36.33:190][308]LogAudioMixer: FMixerPlatformXAudio2::StopAudioStream() called
[2025.06.21-10.36.33:191][308]LogAudioMixer: FMixerPlatformXAudio2::StopAudioStream() called
[2025.06.21-10.36.33:196][308]LogUObjectHash: Compacting FUObjectHashTables data took   2.41ms
[2025.06.21-10.36.33:216][309]LogPlayLevel: Display: Destroying online subsystem :Context_49
[2025.06.21-10.36.42:181][842]LogUObjectHash: Compacting FUObjectHashTables data took   1.97ms
[2025.06.21-10.36.42:202][842]Cmd: OBJ SAVEPACKAGE PACKAGE="/Game/Dopuski/StanokPosUI" FILE="../../../../../../Users/eghah/Desktop/diplom/task1/Content/Dopuski/StanokPosUI.uasset" SILENT=true
[2025.06.21-10.36.42:231][842]LogSavePackage: Moving '../../../../../../Users/eghah/Desktop/diplom/task1/Saved/StanokPosUICE18A51C45B05309871B05A6235885C7.tmp' to '../../../../../../Users/eghah/Desktop/diplom/task1/Content/Dopuski/StanokPosUI.uasset'
[2025.06.21-10.36.42:256][842]AssetCheck: New page: Asset Save: StanokPosUI
[2025.06.21-10.36.42:256][842]LogContentValidation: Display: Validating WidgetBlueprint /Game/Dopuski/StanokPosUI.StanokPosUI
[2025.06.21-10.37.32:698][843]LogTemp: Repeating last play command: Selected Viewport
[2025.06.21-10.37.32:704][843]BlueprintLog: New page: Pre-Play auto-recompile
[2025.06.21-10.37.32:707][843]LogPlayLevel: [PlayLevel] Compiling StanokPosUI before play...
[2025.06.21-10.37.32:785][843]LogUObjectHash: Compacting FUObjectHashTables data took   2.59ms
[2025.06.21-10.37.32:786][843]LogPlayLevel: PlayLevel: Blueprint regeneration took 81 ms (1 blueprints)
[2025.06.21-10.37.32:786][843]PIE: New page: PIE session: Dopusk (Jun 21, 2025, 4:37:32 PM)
[2025.06.21-10.37.32:786][843]LogPlayLevel: Creating play world package: /Game/Maps/UEDPIE_0_Dopusk
[2025.06.21-10.37.32:789][843]LogPlayLevel: PIE: StaticDuplicateObject took: (0.002139s)
[2025.06.21-10.37.32:789][843]LogAIModule: Creating AISystem for world Dopusk
[2025.06.21-10.37.32:789][843]LogPlayLevel: PIE: World Init took: (0.000810s)
[2025.06.21-10.37.32:789][843]LogPlayLevel: PIE: Created PIE world by copying editor world from /Game/Maps/Dopusk.Dopusk to /Game/Maps/UEDPIE_0_Dopusk.Dopusk (0.003043s)
[2025.06.21-10.37.32:826][843]LogUObjectHash: Compacting FUObjectHashTables data took   2.21ms
[2025.06.21-10.37.32:826][843]LogAudio: Display: Creating Audio Device:                 Id: 38, Scope: Unique, Realtime: True
[2025.06.21-10.37.32:826][843]LogAudioMixer: Display: Audio Mixer Platform Settings:
[2025.06.21-10.37.32:826][843]LogAudioMixer: Display: 	Sample Rate:						  48000
[2025.06.21-10.37.32:826][843]LogAudioMixer: Display: 	Callback Buffer Frame Size Requested: 1024
[2025.06.21-10.37.32:826][843]LogAudioMixer: Display: 	Callback Buffer Frame Size To Use:	  1024
[2025.06.21-10.37.32:826][843]LogAudioMixer: Display: 	Number of buffers to queue:			  2
[2025.06.21-10.37.32:826][843]LogAudioMixer: Display: 	Max Channels (voices):				  32
[2025.06.21-10.37.32:826][843]LogAudioMixer: Display: 	Number of Async Source Workers:		  0
[2025.06.21-10.37.32:826][843]LogAudio: Display: AudioDevice MaxSources: 32
[2025.06.21-10.37.32:827][843]LogAudio: Display: Audio Spatialization Plugin: None (built-in).
[2025.06.21-10.37.32:827][843]LogAudio: Display: Audio Reverb Plugin: None (built-in).
[2025.06.21-10.37.32:827][843]LogAudio: Display: Audio Occlusion Plugin: None (built-in).
[2025.06.21-10.37.32:827][843]LogAudioMixer: Display: Initializing audio mixer.
[2025.06.21-10.37.32:829][843]LogAudioMixer: Display: 0: FrontLeft
[2025.06.21-10.37.32:829][843]LogAudioMixer: Display: 1: FrontRight
[2025.06.21-10.37.32:950][843]LogAudioMixer: Display: Using Audio Device Speakers (Realtek(R) Audio)
[2025.06.21-10.37.32:950][843]LogAudioMixer: Display: Initializing Sound Submixes...
[2025.06.21-10.37.32:950][843]LogAudioMixer: Display: Creating Master Submix 'MasterSubmixDefault'
[2025.06.21-10.37.32:950][843]LogAudioMixer: Display: Creating Master Submix 'MasterReverbSubmixDefault'
[2025.06.21-10.37.32:950][843]LogAudioMixer: Display: Creating Master Submix 'MasterEQSubmixDefault'
[2025.06.21-10.37.32:950][843]LogAudioMixer: FMixerPlatformXAudio2::StartAudioStream() called
[2025.06.21-10.37.32:950][843]LogAudioMixer: Display: Output buffers initialized: Frames=1024, Channels=2, Samples=2048
[2025.06.21-10.37.32:951][843]LogAudioMixer: Display: Starting AudioMixerPlatformInterface::RunInternal()
[2025.06.21-10.37.32:951][843]LogAudioMixer: Display: FMixerPlatformXAudio2::SubmitBuffer() called for the first time
[2025.06.21-10.37.32:951][843]LogInit: FAudioDevice initialized.
[2025.06.21-10.37.32:951][843]LogAudio: Display: Audio Device (ID: 38) registered with world 'Dopusk'.
[2025.06.21-10.37.32:972][843]LogSlate: Updating window title bar state: overlay mode, drag disabled, window buttons hidden, title bar hidden
[2025.06.21-10.37.32:972][843]LogLoad: Game class is 'DopuskGamemode_C'
[2025.06.21-10.37.32:973][843]LogWorld: Bringing World /Game/Maps/UEDPIE_0_Dopusk.Dopusk up for play (max tick rate 60) at 2025.06.21-13.37.32
[2025.06.21-10.37.32:973][843]LogWorld: Bringing up level for play took: 0.000752
[2025.06.21-10.37.32:973][843]LogOnline: OSS: Creating online subsystem instance for: :Context_50
[2025.06.21-10.37.32:975][843]LogGameMode: FindPlayerStart: PATHS NOT DEFINED or NO PLAYERSTART with positive rating
[2025.06.21-10.37.32:976][843]LogViewport: Display: Viewport MouseCaptureMode Changed, CapturePermanently_IncludingInitialMouseDown -> CapturePermanently
[2025.06.21-10.37.32:977][843]PIE: Server logged in
[2025.06.21-10.37.32:977][843]PIE: Play in editor total start time 0.274 seconds.
[2025.06.21-10.37.33:034][844]LogBlueprintUserMessages: [Stanok_2] -30.621
[2025.06.21-10.37.33:076][847]LogBlueprintUserMessages: [Stanok_2] -30.621
[2025.06.21-10.37.33:125][850]LogBlueprintUserMessages: [Stanok_2] -30.621
[2025.06.21-10.37.33:175][853]LogBlueprintUserMessages: [Stanok_2] -30.621
[2025.06.21-10.37.33:225][856]LogBlueprintUserMessages: [Stanok_2] -30.621
[2025.06.21-10.37.33:275][859]LogBlueprintUserMessages: [Stanok_2] -30.621
[2025.06.21-10.37.33:325][862]LogBlueprintUserMessages: [Stanok_2] -30.621
[2025.06.21-10.37.33:375][865]LogBlueprintUserMessages: [Stanok_2] -30.621
[2025.06.21-10.37.33:425][868]LogBlueprintUserMessages: [Stanok_2] -30.621
[2025.06.21-10.37.33:475][871]LogBlueprintUserMessages: [Stanok_2] -30.621
[2025.06.21-10.37.33:525][874]LogBlueprintUserMessages: [Stanok_2] -30.621
[2025.06.21-10.37.33:576][877]LogBlueprintUserMessages: [Stanok_2] -30.621
[2025.06.21-10.37.33:626][880]LogBlueprintUserMessages: [Stanok_2] -30.621
[2025.06.21-10.37.33:675][883]LogBlueprintUserMessages: [Stanok_2] -30.621
[2025.06.21-10.37.33:725][886]LogBlueprintUserMessages: [Stanok_2] -30.621
[2025.06.21-10.37.33:775][889]LogBlueprintUserMessages: [Stanok_2] -30.621
[2025.06.21-10.37.33:825][892]LogBlueprintUserMessages: [Stanok_2] -30.621
[2025.06.21-10.37.33:875][895]LogBlueprintUserMessages: [Stanok_2] -30.621
[2025.06.21-10.37.33:926][898]LogBlueprintUserMessages: [Stanok_2] -30.621
[2025.06.21-10.37.33:976][901]LogBlueprintUserMessages: [Stanok_2] -30.621
[2025.06.21-10.37.34:025][904]LogBlueprintUserMessages: [Stanok_2] -30.546021
[2025.06.21-10.37.34:076][907]LogBlueprintUserMessages: [Stanok_2] -30.471039
[2025.06.21-10.37.34:126][910]LogBlueprintUserMessages: [Stanok_2] -30.421051
[2025.06.21-10.37.34:176][913]LogBlueprintUserMessages: [Stanok_2] -30.421051
[2025.06.21-10.37.34:225][916]LogBlueprintUserMessages: [Stanok_2] -30.421051
[2025.06.21-10.37.34:275][919]LogBlueprintUserMessages: [Stanok_2] -30.421051
[2025.06.21-10.37.34:326][922]LogBlueprintUserMessages: [Stanok_2] -30.421051
[2025.06.21-10.37.34:375][925]LogBlueprintUserMessages: [Stanok_2] -30.421051
[2025.06.21-10.37.34:426][928]LogBlueprintUserMessages: [Stanok_2] -30.421051
[2025.06.21-10.37.34:476][931]LogBlueprintUserMessages: [Stanok_2] -30.421051
[2025.06.21-10.37.34:525][934]LogBlueprintUserMessages: [Stanok_2] -30.421051
[2025.06.21-10.37.34:575][937]LogBlueprintUserMessages: [Stanok_2] -30.421051
[2025.06.21-10.37.34:625][940]LogBlueprintUserMessages: [Stanok_2] -30.421051
[2025.06.21-10.37.34:675][943]LogBlueprintUserMessages: [Stanok_2] -30.496033
[2025.06.21-10.37.34:725][946]LogBlueprintUserMessages: [Stanok_2] -30.571014
[2025.06.21-10.37.34:776][949]LogBlueprintUserMessages: [Stanok_2] -30.645996
[2025.06.21-10.37.34:825][952]LogBlueprintUserMessages: [Stanok_2] -30.720978
[2025.06.21-10.37.34:875][955]LogBlueprintUserMessages: [Stanok_2] -30.795959
[2025.06.21-10.37.34:925][958]LogBlueprintUserMessages: [Stanok_2] -30.870941
[2025.06.21-10.37.34:975][961]LogBlueprintUserMessages: [Stanok_2] -30.945923
[2025.06.21-10.37.35:026][964]LogBlueprintUserMessages: [Stanok_2] -31.020905
[2025.06.21-10.37.35:075][967]LogBlueprintUserMessages: [Stanok_2] -31.095886
[2025.06.21-10.37.35:125][970]LogBlueprintUserMessages: [Stanok_2] -31.170868
[2025.06.21-10.37.35:175][973]LogBlueprintUserMessages: [Stanok_2] -31.24585
[2025.06.21-10.37.35:225][976]LogBlueprintUserMessages: [Stanok_2] -31.295837
[2025.06.21-10.37.35:275][979]LogBlueprintUserMessages: [Stanok_2] -31.295837
[2025.06.21-10.37.35:325][982]LogBlueprintUserMessages: [Stanok_2] -31.220856
[2025.06.21-10.37.35:375][985]LogBlueprintUserMessages: [Stanok_2] -31.145874
[2025.06.21-10.37.35:425][988]LogBlueprintUserMessages: [Stanok_2] -31.070892
[2025.06.21-10.37.35:476][991]LogBlueprintUserMessages: [Stanok_2] -30.995911
[2025.06.21-10.37.35:526][994]LogBlueprintUserMessages: [Stanok_2] -30.920929
[2025.06.21-10.37.35:576][997]LogBlueprintUserMessages: [Stanok_2] -30.895935
[2025.06.21-10.37.35:627][  0]LogBlueprintUserMessages: [Stanok_2] -30.895935
[2025.06.21-10.37.35:676][  3]LogBlueprintUserMessages: [Stanok_2] -30.895935
[2025.06.21-10.37.35:725][  6]LogBlueprintUserMessages: [Stanok_2] -30.895935
[2025.06.21-10.37.35:776][  9]LogBlueprintUserMessages: [Stanok_2] -30.895935
[2025.06.21-10.37.35:825][ 12]LogBlueprintUserMessages: [Stanok_2] -30.895935
[2025.06.21-10.37.35:876][ 15]LogBlueprintUserMessages: [Stanok_2] -30.895935
[2025.06.21-10.37.35:925][ 18]LogBlueprintUserMessages: [Stanok_2] -30.895935
[2025.06.21-10.37.35:975][ 21]LogBlueprintUserMessages: [Stanok_2] -30.895935
[2025.06.21-10.37.36:025][ 24]LogBlueprintUserMessages: [Stanok_2] -30.895935
[2025.06.21-10.37.36:075][ 27]LogBlueprintUserMessages: [Stanok_2] -30.895935
[2025.06.21-10.37.36:126][ 30]LogBlueprintUserMessages: [Stanok_2] -30.895935
[2025.06.21-10.37.36:175][ 33]LogBlueprintUserMessages: [Stanok_2] -30.895935
[2025.06.21-10.37.36:225][ 36]LogBlueprintUserMessages: [Stanok_2] -30.895935
[2025.06.21-10.37.36:275][ 39]LogBlueprintUserMessages: [Stanok_2] -30.895935
[2025.06.21-10.37.36:326][ 42]LogBlueprintUserMessages: [Stanok_2] -30.895935
[2025.06.21-10.37.36:375][ 45]LogBlueprintUserMessages: [Stanok_2] -30.895935
[2025.06.21-10.37.36:426][ 48]LogBlueprintUserMessages: [Stanok_2] -30.895935
[2025.06.21-10.37.36:475][ 51]LogBlueprintUserMessages: [Stanok_2] -30.895935
[2025.06.21-10.37.36:525][ 54]LogBlueprintUserMessages: [Stanok_2] -30.895935
[2025.06.21-10.37.36:575][ 57]LogBlueprintUserMessages: [Stanok_2] -30.895935
[2025.06.21-10.37.36:625][ 60]LogBlueprintUserMessages: [Stanok_2] -30.895935
[2025.06.21-10.37.36:675][ 63]LogBlueprintUserMessages: [Stanok_2] -30.895935
[2025.06.21-10.37.36:725][ 66]LogBlueprintUserMessages: [Stanok_2] -30.895935
[2025.06.21-10.37.36:775][ 69]LogBlueprintUserMessages: [Stanok_2] -30.895935
[2025.06.21-10.37.36:825][ 72]LogBlueprintUserMessages: [Stanok_2] -30.895935
[2025.06.21-10.37.36:875][ 75]LogBlueprintUserMessages: [Stanok_2] -30.895935
[2025.06.21-10.37.36:925][ 78]LogBlueprintUserMessages: [Stanok_2] -30.895935
[2025.06.21-10.37.36:975][ 81]LogBlueprintUserMessages: [Stanok_2] -30.895935
[2025.06.21-10.37.37:025][ 84]LogBlueprintUserMessages: [Stanok_2] -30.895935
[2025.06.21-10.37.37:075][ 87]LogBlueprintUserMessages: [Stanok_2] -30.895935
[2025.06.21-10.37.37:125][ 90]LogBlueprintUserMessages: [Stanok_2] -30.895935
[2025.06.21-10.37.37:175][ 93]LogBlueprintUserMessages: [Stanok_2] -30.895935
[2025.06.21-10.37.37:225][ 96]LogBlueprintUserMessages: [Stanok_2] -30.895935
[2025.06.21-10.37.37:275][ 99]LogBlueprintUserMessages: [Stanok_2] -30.895935
[2025.06.21-10.37.37:325][102]LogBlueprintUserMessages: [Stanok_2] -30.895935
[2025.06.21-10.37.37:376][105]LogBlueprintUserMessages: [Stanok_2] -30.895935
[2025.06.21-10.37.37:426][108]LogBlueprintUserMessages: [Stanok_2] -30.895935
[2025.06.21-10.37.37:476][111]LogBlueprintUserMessages: [Stanok_2] -30.895935
[2025.06.21-10.37.37:526][114]LogBlueprintUserMessages: [Stanok_2] -30.895935
[2025.06.21-10.37.37:575][117]LogBlueprintUserMessages: [Stanok_2] -30.895935
[2025.06.21-10.37.37:625][120]LogBlueprintUserMessages: [Stanok_2] -30.895935
[2025.06.21-10.37.37:675][123]LogBlueprintUserMessages: [Stanok_2] -30.895935
[2025.06.21-10.37.37:725][126]LogBlueprintUserMessages: [Stanok_2] -30.895935
[2025.06.21-10.37.37:775][129]LogBlueprintUserMessages: [Stanok_2] -30.895935
[2025.06.21-10.37.37:825][132]LogBlueprintUserMessages: [Stanok_2] -30.895935
[2025.06.21-10.37.37:875][135]LogBlueprintUserMessages: [Stanok_2] -30.895935
[2025.06.21-10.37.37:925][138]LogBlueprintUserMessages: [Stanok_2] -30.895935
[2025.06.21-10.37.37:975][141]LogBlueprintUserMessages: [Stanok_2] -30.895935
[2025.06.21-10.37.38:025][144]LogBlueprintUserMessages: [Stanok_2] -30.895935
[2025.06.21-10.37.38:075][147]LogBlueprintUserMessages: [Stanok_2] -30.895935
[2025.06.21-10.37.38:126][150]LogBlueprintUserMessages: [Stanok_2] -30.895935
[2025.06.21-10.37.38:175][153]LogBlueprintUserMessages: [Stanok_2] -30.895935
[2025.06.21-10.37.38:225][156]LogBlueprintUserMessages: [Stanok_2] -30.895935
[2025.06.21-10.37.38:275][159]LogBlueprintUserMessages: [Stanok_2] -30.895935
[2025.06.21-10.37.38:325][162]LogBlueprintUserMessages: [Stanok_2] -30.895935
[2025.06.21-10.37.38:375][165]LogBlueprintUserMessages: [Stanok_2] -30.895935
[2025.06.21-10.37.38:425][168]LogBlueprintUserMessages: [Stanok_2] -30.895935
[2025.06.21-10.37.38:475][171]LogBlueprintUserMessages: [Stanok_2] -30.895935
[2025.06.21-10.37.38:525][174]LogBlueprintUserMessages: [Stanok_2] -30.895935
[2025.06.21-10.37.38:592][175]LogSlate: Updating window title bar state: overlay mode, drag disabled, window buttons hidden, title bar hidden
[2025.06.21-10.37.38:592][175]LogWorld: BeginTearingDown for /Game/Maps/UEDPIE_0_Dopusk
[2025.06.21-10.37.38:592][175]LogSlate: Window 'task1 Preview [NetMode: Standalone]  (64-bit/Windows) ' being destroyed
[2025.06.21-10.37.38:601][175]LogWorld: UWorld::CleanupWorld for Dopusk, bSessionEnded=true, bCleanupResources=true
[2025.06.21-10.37.38:601][175]LogSlate: InvalidateAllWidgets triggered.  All widgets were invalidated
[2025.06.21-10.37.38:608][175]LogPlayLevel: Display: Shutting down PIE online subsystems
[2025.06.21-10.37.38:636][175]LogSlate: InvalidateAllWidgets triggered.  All widgets were invalidated
[2025.06.21-10.37.38:668][175]LogAudioMixer: FMixerPlatformXAudio2::StopAudioStream() called
[2025.06.21-10.37.38:669][175]LogAudioMixer: FMixerPlatformXAudio2::StopAudioStream() called
[2025.06.21-10.37.38:674][175]LogUObjectHash: Compacting FUObjectHashTables data took   2.19ms
[2025.06.21-10.37.38:695][176]LogPlayLevel: Display: Destroying online subsystem :Context_50
[2025.06.21-10.37.57:369][286]LogAssetEditorSubsystem: Opening Asset editor for Blueprint /Game/Dopuski/BPInterfaces/StanokXPosInterface.StanokXPosInterface
[2025.06.21-10.37.59:167][379]LogWorld: UWorld::CleanupWorld for World_16, bSessionEnded=true, bCleanupResources=true
[2025.06.21-10.37.59:169][379]LogSlate: InvalidateAllWidgets triggered.  All widgets were invalidated
[2025.06.21-10.39.20:984][175]LogTemp: Repeating last play command: Selected Viewport
[2025.06.21-10.39.20:990][175]BlueprintLog: New page: Pre-Play auto-recompile
[2025.06.21-10.39.20:999][175]LogPlayLevel: [PlayLevel] Compiling Stanok before play...
[2025.06.21-10.39.21:096][175]LogPlayLevel: [PlayLevel] Compiling StanokPosUI before play...
[2025.06.21-10.39.21:188][175]LogUObjectHash: Compacting FUObjectHashTables data took   3.39ms
[2025.06.21-10.39.21:189][175]LogPlayLevel: PlayLevel: Blueprint regeneration took 199 ms (2 blueprints)
[2025.06.21-10.39.21:190][175]PIE: New page: PIE session: Dopusk (Jun 21, 2025, 4:39:21 PM)
[2025.06.21-10.39.21:190][175]LogPlayLevel: Creating play world package: /Game/Maps/UEDPIE_0_Dopusk
[2025.06.21-10.39.21:193][175]LogPlayLevel: PIE: StaticDuplicateObject took: (0.003022s)
[2025.06.21-10.39.21:194][175]LogAIModule: Creating AISystem for world Dopusk
[2025.06.21-10.39.21:194][175]LogPlayLevel: PIE: World Init took: (0.001295s)
[2025.06.21-10.39.21:194][175]LogPlayLevel: PIE: Created PIE world by copying editor world from /Game/Maps/Dopusk.Dopusk to /Game/Maps/UEDPIE_0_Dopusk.Dopusk (0.004449s)
[2025.06.21-10.39.21:226][175]LogUObjectHash: Compacting FUObjectHashTables data took   2.30ms
[2025.06.21-10.39.21:226][175]LogAudio: Display: Creating Audio Device:                 Id: 39, Scope: Unique, Realtime: True
[2025.06.21-10.39.21:226][175]LogAudioMixer: Display: Audio Mixer Platform Settings:
[2025.06.21-10.39.21:226][175]LogAudioMixer: Display: 	Sample Rate:						  48000
[2025.06.21-10.39.21:226][175]LogAudioMixer: Display: 	Callback Buffer Frame Size Requested: 1024
[2025.06.21-10.39.21:226][175]LogAudioMixer: Display: 	Callback Buffer Frame Size To Use:	  1024
[2025.06.21-10.39.21:226][175]LogAudioMixer: Display: 	Number of buffers to queue:			  2
[2025.06.21-10.39.21:226][175]LogAudioMixer: Display: 	Max Channels (voices):				  32
[2025.06.21-10.39.21:226][175]LogAudioMixer: Display: 	Number of Async Source Workers:		  0
[2025.06.21-10.39.21:226][175]LogAudio: Display: AudioDevice MaxSources: 32
[2025.06.21-10.39.21:226][175]LogAudio: Display: Audio Spatialization Plugin: None (built-in).
[2025.06.21-10.39.21:227][175]LogAudio: Display: Audio Reverb Plugin: None (built-in).
[2025.06.21-10.39.21:227][175]LogAudio: Display: Audio Occlusion Plugin: None (built-in).
[2025.06.21-10.39.21:227][175]LogAudioMixer: Display: Initializing audio mixer.
[2025.06.21-10.39.21:231][175]LogAudioMixer: Display: 0: FrontLeft
[2025.06.21-10.39.21:231][175]LogAudioMixer: Display: 1: FrontRight
[2025.06.21-10.39.21:350][175]LogAudioMixer: Display: Using Audio Device Speakers (Realtek(R) Audio)
[2025.06.21-10.39.21:350][175]LogAudioMixer: Display: Initializing Sound Submixes...
[2025.06.21-10.39.21:350][175]LogAudioMixer: Display: Creating Master Submix 'MasterSubmixDefault'
[2025.06.21-10.39.21:350][175]LogAudioMixer: Display: Creating Master Submix 'MasterReverbSubmixDefault'
[2025.06.21-10.39.21:350][175]LogAudioMixer: Display: Creating Master Submix 'MasterEQSubmixDefault'
[2025.06.21-10.39.21:350][175]LogAudioMixer: FMixerPlatformXAudio2::StartAudioStream() called
[2025.06.21-10.39.21:350][175]LogAudioMixer: Display: Output buffers initialized: Frames=1024, Channels=2, Samples=2048
[2025.06.21-10.39.21:351][175]LogAudioMixer: Display: Starting AudioMixerPlatformInterface::RunInternal()
[2025.06.21-10.39.21:351][175]LogAudioMixer: Display: FMixerPlatformXAudio2::SubmitBuffer() called for the first time
[2025.06.21-10.39.21:351][175]LogInit: FAudioDevice initialized.
[2025.06.21-10.39.21:351][175]LogAudio: Display: Audio Device (ID: 39) registered with world 'Dopusk'.
[2025.06.21-10.39.21:370][175]LogSlate: Updating window title bar state: overlay mode, drag disabled, window buttons hidden, title bar hidden
[2025.06.21-10.39.21:371][175]LogLoad: Game class is 'DopuskGamemode_C'
[2025.06.21-10.39.21:372][175]LogWorld: Bringing World /Game/Maps/UEDPIE_0_Dopusk.Dopusk up for play (max tick rate 60) at 2025.06.21-13.39.21
[2025.06.21-10.39.21:372][175]LogWorld: Bringing up level for play took: 0.001063
[2025.06.21-10.39.21:373][175]LogOnline: OSS: Creating online subsystem instance for: :Context_52
[2025.06.21-10.39.21:374][175]LogGameMode: FindPlayerStart: PATHS NOT DEFINED or NO PLAYERSTART with positive rating
[2025.06.21-10.39.21:375][175]LogViewport: Display: Viewport MouseCaptureMode Changed, CapturePermanently_IncludingInitialMouseDown -> CapturePermanently
[2025.06.21-10.39.21:376][175]PIE: Server logged in
[2025.06.21-10.39.21:376][175]PIE: Play in editor total start time 0.388 seconds.
[2025.06.21-10.39.24:322][348]LogSlate: Updating window title bar state: overlay mode, drag disabled, window buttons hidden, title bar hidden
[2025.06.21-10.39.24:322][348]LogWorld: BeginTearingDown for /Game/Maps/UEDPIE_0_Dopusk
[2025.06.21-10.39.24:323][348]LogSlate: Window 'task1 Preview [NetMode: Standalone]  (64-bit/Windows) ' being destroyed
[2025.06.21-10.39.24:336][348]LogWorld: UWorld::CleanupWorld for Dopusk, bSessionEnded=true, bCleanupResources=true
[2025.06.21-10.39.24:337][348]LogSlate: InvalidateAllWidgets triggered.  All widgets were invalidated
[2025.06.21-10.39.24:346][348]LogPlayLevel: Display: Shutting down PIE online subsystems
[2025.06.21-10.39.24:377][348]LogSlate: InvalidateAllWidgets triggered.  All widgets were invalidated
[2025.06.21-10.39.24:423][348]LogAudioMixer: FMixerPlatformXAudio2::StopAudioStream() called
[2025.06.21-10.39.24:424][348]LogAudioMixer: FMixerPlatformXAudio2::StopAudioStream() called
[2025.06.21-10.39.24:429][348]LogUObjectHash: Compacting FUObjectHashTables data took   2.20ms
[2025.06.21-10.39.24:443][349]LogPlayLevel: Display: Destroying online subsystem :Context_52
[2025.06.21-10.39.29:856][660]LogTemp: Repeating last play command: Selected Viewport
[2025.06.21-10.39.29:862][660]BlueprintLog: New page: Pre-Play auto-recompile
[2025.06.21-10.39.29:866][660]LogPlayLevel: [PlayLevel] Compiling StanokPosUI before play...
[2025.06.21-10.39.29:959][660]LogUObjectHash: Compacting FUObjectHashTables data took   2.90ms
[2025.06.21-10.39.29:959][660]LogPlayLevel: PlayLevel: Blueprint regeneration took 96 ms (1 blueprints)
[2025.06.21-10.39.29:959][660]PIE: New page: PIE session: Dopusk (Jun 21, 2025, 4:39:29 PM)
[2025.06.21-10.39.29:959][660]LogPlayLevel: Creating play world package: /Game/Maps/UEDPIE_0_Dopusk
[2025.06.21-10.39.29:961][660]LogPlayLevel: PIE: StaticDuplicateObject took: (0.002144s)
[2025.06.21-10.39.29:962][660]LogAIModule: Creating AISystem for world Dopusk
[2025.06.21-10.39.29:963][660]LogPlayLevel: PIE: World Init took: (0.001353s)
[2025.06.21-10.39.29:963][660]LogPlayLevel: PIE: Created PIE world by copying editor world from /Game/Maps/Dopusk.Dopusk to /Game/Maps/UEDPIE_0_Dopusk.Dopusk (0.003593s)
[2025.06.21-10.39.29:998][660]LogUObjectHash: Compacting FUObjectHashTables data took   2.21ms
[2025.06.21-10.39.29:998][660]LogAudio: Display: Creating Audio Device:                 Id: 40, Scope: Unique, Realtime: True
[2025.06.21-10.39.29:998][660]LogAudioMixer: Display: Audio Mixer Platform Settings:
[2025.06.21-10.39.29:998][660]LogAudioMixer: Display: 	Sample Rate:						  48000
[2025.06.21-10.39.29:998][660]LogAudioMixer: Display: 	Callback Buffer Frame Size Requested: 1024
[2025.06.21-10.39.29:998][660]LogAudioMixer: Display: 	Callback Buffer Frame Size To Use:	  1024
[2025.06.21-10.39.29:998][660]LogAudioMixer: Display: 	Number of buffers to queue:			  2
[2025.06.21-10.39.29:998][660]LogAudioMixer: Display: 	Max Channels (voices):				  32
[2025.06.21-10.39.29:998][660]LogAudioMixer: Display: 	Number of Async Source Workers:		  0
[2025.06.21-10.39.29:998][660]LogAudio: Display: AudioDevice MaxSources: 32
[2025.06.21-10.39.29:999][660]LogAudio: Display: Audio Spatialization Plugin: None (built-in).
[2025.06.21-10.39.29:999][660]LogAudio: Display: Audio Reverb Plugin: None (built-in).
[2025.06.21-10.39.29:999][660]LogAudio: Display: Audio Occlusion Plugin: None (built-in).
[2025.06.21-10.39.29:999][660]LogAudioMixer: Display: Initializing audio mixer.
[2025.06.21-10.39.30:002][660]LogAudioMixer: Display: 0: FrontLeft
[2025.06.21-10.39.30:002][660]LogAudioMixer: Display: 1: FrontRight
[2025.06.21-10.39.30:123][660]LogAudioMixer: Display: Using Audio Device Speakers (Realtek(R) Audio)
[2025.06.21-10.39.30:123][660]LogAudioMixer: Display: Initializing Sound Submixes...
[2025.06.21-10.39.30:123][660]LogAudioMixer: Display: Creating Master Submix 'MasterSubmixDefault'
[2025.06.21-10.39.30:123][660]LogAudioMixer: Display: Creating Master Submix 'MasterReverbSubmixDefault'
[2025.06.21-10.39.30:123][660]LogAudioMixer: Display: Creating Master Submix 'MasterEQSubmixDefault'
[2025.06.21-10.39.30:123][660]LogAudioMixer: FMixerPlatformXAudio2::StartAudioStream() called
[2025.06.21-10.39.30:124][660]LogAudioMixer: Display: Output buffers initialized: Frames=1024, Channels=2, Samples=2048
[2025.06.21-10.39.30:124][660]LogAudioMixer: Display: Starting AudioMixerPlatformInterface::RunInternal()
[2025.06.21-10.39.30:124][660]LogAudioMixer: Display: FMixerPlatformXAudio2::SubmitBuffer() called for the first time
[2025.06.21-10.39.30:124][660]LogInit: FAudioDevice initialized.
[2025.06.21-10.39.30:124][660]LogAudio: Display: Audio Device (ID: 40) registered with world 'Dopusk'.
[2025.06.21-10.39.30:139][660]LogSlate: Updating window title bar state: overlay mode, drag disabled, window buttons hidden, title bar hidden
[2025.06.21-10.39.30:139][660]LogLoad: Game class is 'DopuskGamemode_C'
[2025.06.21-10.39.30:141][660]LogWorld: Bringing World /Game/Maps/UEDPIE_0_Dopusk.Dopusk up for play (max tick rate 60) at 2025.06.21-13.39.30
[2025.06.21-10.39.30:141][660]LogWorld: Bringing up level for play took: 0.000992
[2025.06.21-10.39.30:141][660]LogOnline: OSS: Creating online subsystem instance for: :Context_53
[2025.06.21-10.39.30:143][660]LogGameMode: FindPlayerStart: PATHS NOT DEFINED or NO PLAYERSTART with positive rating
[2025.06.21-10.39.30:144][660]LogViewport: Display: Viewport MouseCaptureMode Changed, CapturePermanently_IncludingInitialMouseDown -> CapturePermanently
[2025.06.21-10.39.30:145][660]PIE: Server logged in
[2025.06.21-10.39.30:145][660]PIE: Play in editor total start time 0.284 seconds.
[2025.06.21-10.39.38:084][133]LogSlate: Updating window title bar state: overlay mode, drag disabled, window buttons hidden, title bar hidden
[2025.06.21-10.39.38:084][133]LogWorld: BeginTearingDown for /Game/Maps/UEDPIE_0_Dopusk
[2025.06.21-10.39.38:085][133]LogSlate: Window 'task1 Preview [NetMode: Standalone]  (64-bit/Windows) ' being destroyed
[2025.06.21-10.39.38:101][133]LogWorld: UWorld::CleanupWorld for Dopusk, bSessionEnded=true, bCleanupResources=true
[2025.06.21-10.39.38:102][133]LogSlate: InvalidateAllWidgets triggered.  All widgets were invalidated
[2025.06.21-10.39.38:110][133]LogPlayLevel: Display: Shutting down PIE online subsystems
[2025.06.21-10.39.38:143][133]LogSlate: InvalidateAllWidgets triggered.  All widgets were invalidated
[2025.06.21-10.39.38:169][133]LogAudioMixer: FMixerPlatformXAudio2::StopAudioStream() called
[2025.06.21-10.39.38:170][133]LogAudioMixer: FMixerPlatformXAudio2::StopAudioStream() called
[2025.06.21-10.39.38:179][133]LogUObjectHash: Compacting FUObjectHashTables data took   3.39ms
[2025.06.21-10.39.38:197][134]LogPlayLevel: Display: Destroying online subsystem :Context_53
[2025.06.21-10.39.40:583][273]LogUObjectHash: Compacting FUObjectHashTables data took   2.31ms
[2025.06.21-10.39.40:611][273]Cmd: OBJ SAVEPACKAGE PACKAGE="/Game/Maps/Dopusk" FILE="../../../../../../Users/eghah/Desktop/diplom/task1/Content/Maps/Dopusk.umap" SILENT=true AUTOSAVING=false KEEPDIRTY=false
[2025.06.21-10.39.40:655][273]LogUObjectHash: Compacting FUObjectHashTables data took   0.59ms
[2025.06.21-10.39.40:662][273]LogSavePackage: Moving '../../../../../../Users/eghah/Desktop/diplom/task1/Saved/Dopusk14CE47F6472DD0F0897E30AD460FD886.tmp' to '../../../../../../Users/eghah/Desktop/diplom/task1/Content/Maps/Dopusk.umap'
[2025.06.21-10.39.40:666][273]LogFileHelpers: Saving map 'Dopusk' took 0.056
[2025.06.21-10.39.40:703][273]Cmd: OBJ SAVEPACKAGE PACKAGE="/Game/Dopuski/Stanok" FILE="../../../../../../Users/eghah/Desktop/diplom/task1/Content/Dopuski/Stanok.uasset" SILENT=true
[2025.06.21-10.39.40:763][273]LogSavePackage: Moving '../../../../../../Users/eghah/Desktop/diplom/task1/Saved/StanokE7E458644B41268B810A6EB9480539FE.tmp' to '../../../../../../Users/eghah/Desktop/diplom/task1/Content/Dopuski/Stanok.uasset'
[2025.06.21-10.39.40:764][273]Cmd: OBJ SAVEPACKAGE PACKAGE="/Game/Dopuski/StanokPosUI" FILE="../../../../../../Users/eghah/Desktop/diplom/task1/Content/Dopuski/StanokPosUI.uasset" SILENT=true
[2025.06.21-10.39.40:791][273]LogSavePackage: Moving '../../../../../../Users/eghah/Desktop/diplom/task1/Saved/StanokPosUI146FF37E4B96BDC973F3EBA95ECEC2FB.tmp' to '../../../../../../Users/eghah/Desktop/diplom/task1/Content/Dopuski/StanokPosUI.uasset'
[2025.06.21-10.39.40:803][273]AssetCheck: New page: Asset Save: multiple assets
[2025.06.21-10.39.40:803][273]LogContentValidation: Display: Validating Blueprint /Game/Dopuski/Stanok.Stanok
[2025.06.21-10.39.40:803][273]LogContentValidation: Display: Validating WidgetBlueprint /Game/Dopuski/StanokPosUI.StanokPosUI
[2025.06.21-10.39.40:804][273]LogContentValidation: Display: Validating World /Game/Maps/Dopusk.Dopusk
[2025.06.21-10.40.50:786][446]LogAssetEditorSubsystem: Opening Asset editor for Blueprint /Game/Dopuski/BPInterfaces/StanokPosInterface.StanokPosInterface
[2025.06.21-10.40.54:396][648]LogWorld: UWorld::CleanupWorld for World_18, bSessionEnded=true, bCleanupResources=true
[2025.06.21-10.40.54:396][648]LogSlate: InvalidateAllWidgets triggered.  All widgets were invalidated
[2025.06.21-10.42.16:749][555]LogAssetEditorSubsystem: Opening Asset editor for Blueprint /Game/Dopuski/StanokController.StanokController
[2025.06.21-10.42.38:291][820]LogSlate: Prevented a slow task dialog from being summoned while a context menu was open
[2025.06.21-10.42.38:326][820]LogEditorClassViewer: Warning: Class /Engine/Tutorial/InWorldBlueprintEditing/TutorialAssets/IWBE_Blutility.IWBE_Blutility_C has parent /Script/Blutility.PlacedEditorUtilityBase, but this parent is not found. The Class will not be shown in ClassViewer.
[2025.06.21-10.43.39:086][256]LogSlate: Window 'Message' being destroyed
[2025.06.21-10.43.39:100][256]Message dialog closed, result: Yes, title: Message, text: Would you like to transfer the interface functions to be part of your blueprint?
[2025.06.21-10.43.57:723][350]BlueprintLog: New page: Compile StanokController
[2025.06.21-10.43.57:811][350]LogUObjectHash: Compacting FUObjectHashTables data took   3.22ms
[2025.06.21-10.44.42:975][  3]BlueprintLog: New page: Compile StanokPosUI
[2025.06.21-10.44.43:042][  3]LogUObjectHash: Compacting FUObjectHashTables data took   3.40ms
[2025.06.21-10.44.43:345][ 16]LogUObjectHash: Compacting FUObjectHashTables data took   3.33ms
[2025.06.21-10.44.43:393][ 16]Cmd: OBJ SAVEPACKAGE PACKAGE="/Game/Maps/Dopusk" FILE="../../../../../../Users/eghah/Desktop/diplom/task1/Content/Maps/Dopusk.umap" SILENT=true AUTOSAVING=false KEEPDIRTY=false
[2025.06.21-10.44.43:437][ 16]LogUObjectHash: Compacting FUObjectHashTables data took   0.56ms
[2025.06.21-10.44.43:444][ 16]LogSavePackage: Moving '../../../../../../Users/eghah/Desktop/diplom/task1/Saved/Dopusk04981B924AB4077A6377E18C63EA993C.tmp' to '../../../../../../Users/eghah/Desktop/diplom/task1/Content/Maps/Dopusk.umap'
[2025.06.21-10.44.43:450][ 16]LogFileHelpers: Saving map 'Dopusk' took 0.057
[2025.06.21-10.44.43:472][ 16]Cmd: OBJ SAVEPACKAGE PACKAGE="/Game/Dopuski/Stanok" FILE="../../../../../../Users/eghah/Desktop/diplom/task1/Content/Dopuski/Stanok.uasset" SILENT=true
[2025.06.21-10.44.43:531][ 16]LogSavePackage: Moving '../../../../../../Users/eghah/Desktop/diplom/task1/Saved/StanokCF74D7E54B2B52BCC0E748B402AF7F51.tmp' to '../../../../../../Users/eghah/Desktop/diplom/task1/Content/Dopuski/Stanok.uasset'
[2025.06.21-10.44.43:532][ 16]Cmd: OBJ SAVEPACKAGE PACKAGE="/Game/Dopuski/StanokController" FILE="../../../../../../Users/eghah/Desktop/diplom/task1/Content/Dopuski/StanokController.uasset" SILENT=true
[2025.06.21-10.44.43:552][ 16]LogSavePackage: Moving '../../../../../../Users/eghah/Desktop/diplom/task1/Saved/StanokController9F14F5C049EC56FDBD3F85968CFB0FE5.tmp' to '../../../../../../Users/eghah/Desktop/diplom/task1/Content/Dopuski/StanokController.uasset'
[2025.06.21-10.44.43:554][ 16]Cmd: OBJ SAVEPACKAGE PACKAGE="/Game/Dopuski/StanokPosUI" FILE="../../../../../../Users/eghah/Desktop/diplom/task1/Content/Dopuski/StanokPosUI.uasset" SILENT=true
[2025.06.21-10.44.43:580][ 16]LogSavePackage: Moving '../../../../../../Users/eghah/Desktop/diplom/task1/Saved/StanokPosUI40AC07C94D3128FDBFE3FDAB1E1BF14F.tmp' to '../../../../../../Users/eghah/Desktop/diplom/task1/Content/Dopuski/StanokPosUI.uasset'
[2025.06.21-10.44.43:600][ 16]AssetCheck: New page: Asset Save: multiple assets
[2025.06.21-10.44.43:600][ 16]LogContentValidation: Display: Validating Blueprint /Game/Dopuski/Stanok.Stanok
[2025.06.21-10.44.43:600][ 16]LogContentValidation: Display: Validating Blueprint /Game/Dopuski/StanokController.StanokController
[2025.06.21-10.44.43:600][ 16]LogContentValidation: Display: Validating WidgetBlueprint /Game/Dopuski/StanokPosUI.StanokPosUI
[2025.06.21-10.44.43:601][ 16]LogContentValidation: Display: Validating World /Game/Maps/Dopusk.Dopusk
[2025.06.21-10.45.18:952][ 73]BlueprintLog: New page: Compile StanokController
[2025.06.21-10.45.19:023][ 73]LogUObjectHash: Compacting FUObjectHashTables data took   2.71ms
[2025.06.21-10.45.19:685][106]LogUObjectHash: Compacting FUObjectHashTables data took   2.88ms
[2025.06.21-10.45.19:705][106]Cmd: OBJ SAVEPACKAGE PACKAGE="/Game/Maps/Dopusk" FILE="../../../../../../Users/eghah/Desktop/diplom/task1/Content/Maps/Dopusk.umap" SILENT=true AUTOSAVING=false KEEPDIRTY=false
[2025.06.21-10.45.19:746][106]LogUObjectHash: Compacting FUObjectHashTables data took   0.65ms
[2025.06.21-10.45.19:753][106]LogSavePackage: Moving '../../../../../../Users/eghah/Desktop/diplom/task1/Saved/DopuskDEFAEF5C4DD22DB22BC32694358D76D5.tmp' to '../../../../../../Users/eghah/Desktop/diplom/task1/Content/Maps/Dopusk.umap'
[2025.06.21-10.45.19:755][106]LogFileHelpers: Saving map 'Dopusk' took 0.051
[2025.06.21-10.45.19:756][106]Cmd: OBJ SAVEPACKAGE PACKAGE="/Game/Dopuski/StanokController" FILE="../../../../../../Users/eghah/Desktop/diplom/task1/Content/Dopuski/StanokController.uasset" SILENT=true
[2025.06.21-10.45.19:776][106]LogSavePackage: Moving '../../../../../../Users/eghah/Desktop/diplom/task1/Saved/StanokControllerB638C11B4E664480766C3380635A74C2.tmp' to '../../../../../../Users/eghah/Desktop/diplom/task1/Content/Dopuski/StanokController.uasset'
[2025.06.21-10.45.19:797][106]AssetCheck: New page: Asset Save: multiple assets
[2025.06.21-10.45.19:797][106]LogContentValidation: Display: Validating Blueprint /Game/Dopuski/StanokController.StanokController
[2025.06.21-10.45.19:797][106]LogContentValidation: Display: Validating World /Game/Maps/Dopusk.Dopusk
[2025.06.21-10.45.20:074][123]LogTemp: Repeating last play command: Selected Viewport
[2025.06.21-10.45.20:080][123]BlueprintLog: New page: Pre-Play auto-recompile
[2025.06.21-10.45.20:090][123]LogPlayLevel: [PlayLevel] Compiling Stanok before play...
[2025.06.21-10.45.20:194][123]LogUObjectHash: Compacting FUObjectHashTables data took   2.88ms
[2025.06.21-10.45.20:194][123]LogPlayLevel: PlayLevel: Blueprint regeneration took 114 ms (1 blueprints)
[2025.06.21-10.45.20:194][123]PIE: New page: PIE session: Dopusk (Jun 21, 2025, 4:45:20 PM)
[2025.06.21-10.45.20:195][123]LogPlayLevel: Creating play world package: /Game/Maps/UEDPIE_0_Dopusk
[2025.06.21-10.45.20:197][123]LogPlayLevel: PIE: StaticDuplicateObject took: (0.001926s)
[2025.06.21-10.45.20:198][123]LogAIModule: Creating AISystem for world Dopusk
[2025.06.21-10.45.20:198][123]LogPlayLevel: PIE: World Init took: (0.000874s)
[2025.06.21-10.45.20:198][123]LogPlayLevel: PIE: Created PIE world by copying editor world from /Game/Maps/Dopusk.Dopusk to /Game/Maps/UEDPIE_0_Dopusk.Dopusk (0.002892s)
[2025.06.21-10.45.20:244][123]LogUObjectHash: Compacting FUObjectHashTables data took   1.96ms
[2025.06.21-10.45.20:244][123]LogAudio: Display: Creating Audio Device:                 Id: 41, Scope: Unique, Realtime: True
[2025.06.21-10.45.20:244][123]LogAudioMixer: Display: Audio Mixer Platform Settings:
[2025.06.21-10.45.20:244][123]LogAudioMixer: Display: 	Sample Rate:						  48000
[2025.06.21-10.45.20:244][123]LogAudioMixer: Display: 	Callback Buffer Frame Size Requested: 1024
[2025.06.21-10.45.20:244][123]LogAudioMixer: Display: 	Callback Buffer Frame Size To Use:	  1024
[2025.06.21-10.45.20:244][123]LogAudioMixer: Display: 	Number of buffers to queue:			  2
[2025.06.21-10.45.20:244][123]LogAudioMixer: Display: 	Max Channels (voices):				  32
[2025.06.21-10.45.20:244][123]LogAudioMixer: Display: 	Number of Async Source Workers:		  0
[2025.06.21-10.45.20:244][123]LogAudio: Display: AudioDevice MaxSources: 32
[2025.06.21-10.45.20:244][123]LogAudio: Display: Audio Spatialization Plugin: None (built-in).
[2025.06.21-10.45.20:244][123]LogAudio: Display: Audio Reverb Plugin: None (built-in).
[2025.06.21-10.45.20:244][123]LogAudio: Display: Audio Occlusion Plugin: None (built-in).
[2025.06.21-10.45.20:244][123]LogAudioMixer: Display: Initializing audio mixer.
[2025.06.21-10.45.20:248][123]LogAudioMixer: Display: 0: FrontLeft
[2025.06.21-10.45.20:248][123]LogAudioMixer: Display: 1: FrontRight
[2025.06.21-10.45.20:368][123]LogAudioMixer: Display: Using Audio Device Speakers (Realtek(R) Audio)
[2025.06.21-10.45.20:368][123]LogAudioMixer: Display: Initializing Sound Submixes...
[2025.06.21-10.45.20:368][123]LogAudioMixer: Display: Creating Master Submix 'MasterSubmixDefault'
[2025.06.21-10.45.20:368][123]LogAudioMixer: Display: Creating Master Submix 'MasterReverbSubmixDefault'
[2025.06.21-10.45.20:369][123]LogAudioMixer: Display: Creating Master Submix 'MasterEQSubmixDefault'
[2025.06.21-10.45.20:369][123]LogAudioMixer: FMixerPlatformXAudio2::StartAudioStream() called
[2025.06.21-10.45.20:369][123]LogAudioMixer: Display: Output buffers initialized: Frames=1024, Channels=2, Samples=2048
[2025.06.21-10.45.20:370][123]LogAudioMixer: Display: Starting AudioMixerPlatformInterface::RunInternal()
[2025.06.21-10.45.20:370][123]LogAudioMixer: Display: FMixerPlatformXAudio2::SubmitBuffer() called for the first time
[2025.06.21-10.45.20:370][123]LogInit: FAudioDevice initialized.
[2025.06.21-10.45.20:370][123]LogAudio: Display: Audio Device (ID: 41) registered with world 'Dopusk'.
[2025.06.21-10.45.20:388][123]LogSlate: Updating window title bar state: overlay mode, drag disabled, window buttons hidden, title bar hidden
[2025.06.21-10.45.20:388][123]LogLoad: Game class is 'DopuskGamemode_C'
[2025.06.21-10.45.20:390][123]LogWorld: Bringing World /Game/Maps/UEDPIE_0_Dopusk.Dopusk up for play (max tick rate 60) at 2025.06.21-13.45.20
[2025.06.21-10.45.20:390][123]LogWorld: Bringing up level for play took: 0.001108
[2025.06.21-10.45.20:390][123]LogOnline: OSS: Creating online subsystem instance for: :Context_56
[2025.06.21-10.45.20:392][123]LogGameMode: FindPlayerStart: PATHS NOT DEFINED or NO PLAYERSTART with positive rating
[2025.06.21-10.45.20:392][123]LogViewport: Display: Viewport MouseCaptureMode Changed, CapturePermanently_IncludingInitialMouseDown -> CapturePermanently
[2025.06.21-10.45.20:394][123]PIE: Server logged in
[2025.06.21-10.45.20:394][123]PIE: Play in editor total start time 0.317 seconds.
[2025.06.21-10.45.23:284][291]LogSlate: Updating window title bar state: overlay mode, drag disabled, window buttons hidden, title bar hidden
[2025.06.21-10.45.23:284][291]LogWorld: BeginTearingDown for /Game/Maps/UEDPIE_0_Dopusk
[2025.06.21-10.45.23:286][291]LogSlate: Window 'task1 Preview [NetMode: Standalone]  (64-bit/Windows) ' being destroyed
[2025.06.21-10.45.23:299][291]LogWorld: UWorld::CleanupWorld for Dopusk, bSessionEnded=true, bCleanupResources=true
[2025.06.21-10.45.23:299][291]LogSlate: InvalidateAllWidgets triggered.  All widgets were invalidated
[2025.06.21-10.45.23:311][291]LogPlayLevel: Display: Shutting down PIE online subsystems
[2025.06.21-10.45.23:350][291]LogSlate: InvalidateAllWidgets triggered.  All widgets were invalidated
[2025.06.21-10.45.23:396][291]LogAudioMixer: FMixerPlatformXAudio2::StopAudioStream() called
[2025.06.21-10.45.23:398][291]LogAudioMixer: FMixerPlatformXAudio2::StopAudioStream() called
[2025.06.21-10.45.23:405][291]LogUObjectHash: Compacting FUObjectHashTables data took   2.61ms
[2025.06.21-10.45.23:431][292]LogPlayLevel: Display: Destroying online subsystem :Context_56
[2025.06.21-10.45.37:179][110]LogUObjectHash: Compacting FUObjectHashTables data took   4.09ms
[2025.06.21-10.45.37:236][110]Cmd: OBJ SAVEPACKAGE PACKAGE="/Game/Maps/Dopusk" FILE="../../../../../../Users/eghah/Desktop/diplom/task1/Content/Maps/Dopusk.umap" SILENT=true AUTOSAVING=false KEEPDIRTY=false
[2025.06.21-10.45.37:289][110]LogUObjectHash: Compacting FUObjectHashTables data took   1.00ms
[2025.06.21-10.45.37:298][110]LogSavePackage: Moving '../../../../../../Users/eghah/Desktop/diplom/task1/Saved/Dopusk4428DF0949BE9319D54B62B679C7BEB3.tmp' to '../../../../../../Users/eghah/Desktop/diplom/task1/Content/Maps/Dopusk.umap'
[2025.06.21-10.45.37:301][110]LogFileHelpers: Saving map 'Dopusk' took 0.065
[2025.06.21-10.45.37:301][110]Cmd: OBJ SAVEPACKAGE PACKAGE="/Game/Dopuski/StanokPosUI" FILE="../../../../../../Users/eghah/Desktop/diplom/task1/Content/Dopuski/StanokPosUI.uasset" SILENT=true
[2025.06.21-10.45.37:333][110]LogSavePackage: Moving '../../../../../../Users/eghah/Desktop/diplom/task1/Saved/StanokPosUI2D81D70B491730D737D1C3A67D40CF0A.tmp' to '../../../../../../Users/eghah/Desktop/diplom/task1/Content/Dopuski/StanokPosUI.uasset'
[2025.06.21-10.45.37:350][110]AssetCheck: New page: Asset Save: multiple assets
[2025.06.21-10.45.37:350][110]LogContentValidation: Display: Validating WidgetBlueprint /Game/Dopuski/StanokPosUI.StanokPosUI
[2025.06.21-10.45.37:351][110]LogContentValidation: Display: Validating World /Game/Maps/Dopusk.Dopusk
[2025.06.21-10.46.09:183][  3]LogUObjectHash: Compacting FUObjectHashTables data took   2.02ms
[2025.06.21-10.46.09:230][  3]Cmd: OBJ SAVEPACKAGE PACKAGE="/Game/Dopuski/StanokPosUI" FILE="../../../../../../Users/eghah/Desktop/diplom/task1/Content/Dopuski/StanokPosUI.uasset" SILENT=true
[2025.06.21-10.46.09:262][  3]LogSavePackage: Moving '../../../../../../Users/eghah/Desktop/diplom/task1/Saved/StanokPosUI93971C5C4ECDD41D624EECA0BB1DF896.tmp' to '../../../../../../Users/eghah/Desktop/diplom/task1/Content/Dopuski/StanokPosUI.uasset'
[2025.06.21-10.46.09:282][  3]AssetCheck: New page: Asset Save: StanokPosUI
[2025.06.21-10.46.09:282][  3]LogContentValidation: Display: Validating WidgetBlueprint /Game/Dopuski/StanokPosUI.StanokPosUI
[2025.06.21-10.46.09:675][ 27]BlueprintLog: New page: Compile StanokPosUI
[2025.06.21-10.46.09:750][ 27]LogUObjectHash: Compacting FUObjectHashTables data took   2.32ms
[2025.06.21-10.46.12:204][168]LogUObjectHash: Compacting FUObjectHashTables data took   2.84ms
[2025.06.21-10.46.12:231][168]Cmd: OBJ SAVEPACKAGE PACKAGE="/Game/Maps/Dopusk" FILE="../../../../../../Users/eghah/Desktop/diplom/task1/Content/Maps/Dopusk.umap" SILENT=true AUTOSAVING=false KEEPDIRTY=false
[2025.06.21-10.46.12:274][168]LogUObjectHash: Compacting FUObjectHashTables data took   0.57ms
[2025.06.21-10.46.12:279][168]LogSavePackage: Moving '../../../../../../Users/eghah/Desktop/diplom/task1/Saved/Dopusk8931305C4FDF74A433240B884E4465BA.tmp' to '../../../../../../Users/eghah/Desktop/diplom/task1/Content/Maps/Dopusk.umap'
[2025.06.21-10.46.12:283][168]LogFileHelpers: Saving map 'Dopusk' took 0.052
[2025.06.21-10.46.12:305][168]AssetCheck: New page: Asset Save: Dopusk
[2025.06.21-10.46.12:305][168]LogContentValidation: Display: Validating World /Game/Maps/Dopusk.Dopusk
[2025.06.21-10.46.13:813][259]LogTemp: Repeating last play command: Selected Viewport
[2025.06.21-10.46.13:830][259]LogPlayLevel: PlayLevel: No blueprints needed recompiling
[2025.06.21-10.46.13:830][259]PIE: New page: PIE session: Dopusk (Jun 21, 2025, 4:46:13 PM)
[2025.06.21-10.46.13:830][259]LogPlayLevel: Creating play world package: /Game/Maps/UEDPIE_0_Dopusk
[2025.06.21-10.46.13:833][259]LogPlayLevel: PIE: StaticDuplicateObject took: (0.002805s)
[2025.06.21-10.46.13:834][259]LogAIModule: Creating AISystem for world Dopusk
[2025.06.21-10.46.13:834][259]LogPlayLevel: PIE: World Init took: (0.001155s)
[2025.06.21-10.46.13:834][259]LogPlayLevel: PIE: Created PIE world by copying editor world from /Game/Maps/Dopusk.Dopusk to /Game/Maps/UEDPIE_0_Dopusk.Dopusk (0.004094s)
[2025.06.21-10.46.13:882][259]LogUObjectHash: Compacting FUObjectHashTables data took   3.27ms
[2025.06.21-10.46.13:883][259]LogAudio: Display: Creating Audio Device:                 Id: 42, Scope: Unique, Realtime: True
[2025.06.21-10.46.13:883][259]LogAudioMixer: Display: Audio Mixer Platform Settings:
[2025.06.21-10.46.13:883][259]LogAudioMixer: Display: 	Sample Rate:						  48000
[2025.06.21-10.46.13:883][259]LogAudioMixer: Display: 	Callback Buffer Frame Size Requested: 1024
[2025.06.21-10.46.13:883][259]LogAudioMixer: Display: 	Callback Buffer Frame Size To Use:	  1024
[2025.06.21-10.46.13:883][259]LogAudioMixer: Display: 	Number of buffers to queue:			  2
[2025.06.21-10.46.13:883][259]LogAudioMixer: Display: 	Max Channels (voices):				  32
[2025.06.21-10.46.13:883][259]LogAudioMixer: Display: 	Number of Async Source Workers:		  0
[2025.06.21-10.46.13:883][259]LogAudio: Display: AudioDevice MaxSources: 32
[2025.06.21-10.46.13:884][259]LogAudio: Display: Audio Spatialization Plugin: None (built-in).
[2025.06.21-10.46.13:884][259]LogAudio: Display: Audio Reverb Plugin: None (built-in).
[2025.06.21-10.46.13:884][259]LogAudio: Display: Audio Occlusion Plugin: None (built-in).
[2025.06.21-10.46.13:884][259]LogAudioMixer: Display: Initializing audio mixer.
[2025.06.21-10.46.13:888][259]LogAudioMixer: Display: 0: FrontLeft
[2025.06.21-10.46.13:889][259]LogAudioMixer: Display: 1: FrontRight
[2025.06.21-10.46.14:013][259]LogAudioMixer: Display: Using Audio Device Speakers (Realtek(R) Audio)
[2025.06.21-10.46.14:013][259]LogAudioMixer: Display: Initializing Sound Submixes...
[2025.06.21-10.46.14:013][259]LogAudioMixer: Display: Creating Master Submix 'MasterSubmixDefault'
[2025.06.21-10.46.14:013][259]LogAudioMixer: Display: Creating Master Submix 'MasterReverbSubmixDefault'
[2025.06.21-10.46.14:013][259]LogAudioMixer: Display: Creating Master Submix 'MasterEQSubmixDefault'
[2025.06.21-10.46.14:013][259]LogAudioMixer: FMixerPlatformXAudio2::StartAudioStream() called
[2025.06.21-10.46.14:013][259]LogAudioMixer: Display: Output buffers initialized: Frames=1024, Channels=2, Samples=2048
[2025.06.21-10.46.14:014][259]LogAudioMixer: Display: Starting AudioMixerPlatformInterface::RunInternal()
[2025.06.21-10.46.14:014][259]LogAudioMixer: Display: FMixerPlatformXAudio2::SubmitBuffer() called for the first time
[2025.06.21-10.46.14:014][259]LogInit: FAudioDevice initialized.
[2025.06.21-10.46.14:014][259]LogAudio: Display: Audio Device (ID: 42) registered with world 'Dopusk'.
[2025.06.21-10.46.14:034][259]LogSlate: Updating window title bar state: overlay mode, drag disabled, window buttons hidden, title bar hidden
[2025.06.21-10.46.14:034][259]LogLoad: Game class is 'DopuskGamemode_C'
[2025.06.21-10.46.14:036][259]LogWorld: Bringing World /Game/Maps/UEDPIE_0_Dopusk.Dopusk up for play (max tick rate 60) at 2025.06.21-13.46.14
[2025.06.21-10.46.14:036][259]LogWorld: Bringing up level for play took: 0.000973
[2025.06.21-10.46.14:036][259]LogOnline: OSS: Creating online subsystem instance for: :Context_57
[2025.06.21-10.46.14:037][259]LogGameMode: FindPlayerStart: PATHS NOT DEFINED or NO PLAYERSTART with positive rating
[2025.06.21-10.46.14:038][259]LogViewport: Display: Viewport MouseCaptureMode Changed, CapturePermanently_IncludingInitialMouseDown -> CapturePermanently
[2025.06.21-10.46.14:040][259]PIE: Server logged in
[2025.06.21-10.46.14:041][259]PIE: Play in editor total start time 0.213 seconds.
[2025.06.21-10.46.29:609][ 35]LogSlate: Updating window title bar state: overlay mode, drag disabled, window buttons hidden, title bar hidden
[2025.06.21-10.46.29:609][ 35]LogWorld: BeginTearingDown for /Game/Maps/UEDPIE_0_Dopusk
[2025.06.21-10.46.29:610][ 35]LogSlate: Window 'task1 Preview [NetMode: Standalone]  (64-bit/Windows) ' being destroyed
[2025.06.21-10.46.29:627][ 35]LogWorld: UWorld::CleanupWorld for Dopusk, bSessionEnded=true, bCleanupResources=true
[2025.06.21-10.46.29:628][ 35]LogSlate: InvalidateAllWidgets triggered.  All widgets were invalidated
[2025.06.21-10.46.29:639][ 35]LogPlayLevel: Display: Shutting down PIE online subsystems
[2025.06.21-10.46.29:675][ 35]LogSlate: InvalidateAllWidgets triggered.  All widgets were invalidated
[2025.06.21-10.46.29:707][ 35]LogAudioMixer: FMixerPlatformXAudio2::StopAudioStream() called
[2025.06.21-10.46.29:708][ 35]LogAudioMixer: FMixerPlatformXAudio2::StopAudioStream() called
[2025.06.21-10.46.29:714][ 35]LogUObjectHash: Compacting FUObjectHashTables data took   2.47ms
[2025.06.21-10.46.29:732][ 36]LogPlayLevel: Display: Destroying online subsystem :Context_57
[2025.06.21-10.47.20:175][ 47]LogTemp: Repeating last play command: Selected Viewport
[2025.06.21-10.47.20:182][ 47]BlueprintLog: New page: Pre-Play auto-recompile
[2025.06.21-10.47.20:190][ 47]LogPlayLevel: [PlayLevel] Compiling StanokPosUI before play...
[2025.06.21-10.47.20:293][ 47]LogUObjectHash: Compacting FUObjectHashTables data took   3.18ms
[2025.06.21-10.47.20:294][ 47]LogPlayLevel: PlayLevel: Blueprint regeneration took 111 ms (1 blueprints)
[2025.06.21-10.47.20:294][ 47]PIE: New page: PIE session: Dopusk (Jun 21, 2025, 4:47:20 PM)
[2025.06.21-10.47.20:294][ 47]LogPlayLevel: Creating play world package: /Game/Maps/UEDPIE_0_Dopusk
[2025.06.21-10.47.20:296][ 47]LogPlayLevel: PIE: StaticDuplicateObject took: (0.002029s)
[2025.06.21-10.47.20:297][ 47]LogAIModule: Creating AISystem for world Dopusk
[2025.06.21-10.47.20:297][ 47]LogPlayLevel: PIE: World Init took: (0.000881s)
[2025.06.21-10.47.20:297][ 47]LogPlayLevel: PIE: Created PIE world by copying editor world from /Game/Maps/Dopusk.Dopusk to /Game/Maps/UEDPIE_0_Dopusk.Dopusk (0.003017s)
[2025.06.21-10.47.20:335][ 47]LogUObjectHash: Compacting FUObjectHashTables data took   2.03ms
[2025.06.21-10.47.20:335][ 47]LogAudio: Display: Creating Audio Device:                 Id: 43, Scope: Unique, Realtime: True
[2025.06.21-10.47.20:335][ 47]LogAudioMixer: Display: Audio Mixer Platform Settings:
[2025.06.21-10.47.20:335][ 47]LogAudioMixer: Display: 	Sample Rate:						  48000
[2025.06.21-10.47.20:335][ 47]LogAudioMixer: Display: 	Callback Buffer Frame Size Requested: 1024
[2025.06.21-10.47.20:335][ 47]LogAudioMixer: Display: 	Callback Buffer Frame Size To Use:	  1024
[2025.06.21-10.47.20:335][ 47]LogAudioMixer: Display: 	Number of buffers to queue:			  2
[2025.06.21-10.47.20:335][ 47]LogAudioMixer: Display: 	Max Channels (voices):				  32
[2025.06.21-10.47.20:335][ 47]LogAudioMixer: Display: 	Number of Async Source Workers:		  0
[2025.06.21-10.47.20:335][ 47]LogAudio: Display: AudioDevice MaxSources: 32
[2025.06.21-10.47.20:335][ 47]LogAudio: Display: Audio Spatialization Plugin: None (built-in).
[2025.06.21-10.47.20:335][ 47]LogAudio: Display: Audio Reverb Plugin: None (built-in).
[2025.06.21-10.47.20:335][ 47]LogAudio: Display: Audio Occlusion Plugin: None (built-in).
[2025.06.21-10.47.20:335][ 47]LogAudioMixer: Display: Initializing audio mixer.
[2025.06.21-10.47.20:339][ 47]LogAudioMixer: Display: 0: FrontLeft
[2025.06.21-10.47.20:339][ 47]LogAudioMixer: Display: 1: FrontRight
[2025.06.21-10.47.20:458][ 47]LogAudioMixer: Display: Using Audio Device Speakers (Realtek(R) Audio)
[2025.06.21-10.47.20:459][ 47]LogAudioMixer: Display: Initializing Sound Submixes...
[2025.06.21-10.47.20:459][ 47]LogAudioMixer: Display: Creating Master Submix 'MasterSubmixDefault'
[2025.06.21-10.47.20:459][ 47]LogAudioMixer: Display: Creating Master Submix 'MasterReverbSubmixDefault'
[2025.06.21-10.47.20:459][ 47]LogAudioMixer: Display: Creating Master Submix 'MasterEQSubmixDefault'
[2025.06.21-10.47.20:459][ 47]LogAudioMixer: FMixerPlatformXAudio2::StartAudioStream() called
[2025.06.21-10.47.20:459][ 47]LogAudioMixer: Display: Output buffers initialized: Frames=1024, Channels=2, Samples=2048
[2025.06.21-10.47.20:460][ 47]LogAudioMixer: Display: Starting AudioMixerPlatformInterface::RunInternal()
[2025.06.21-10.47.20:460][ 47]LogAudioMixer: Display: FMixerPlatformXAudio2::SubmitBuffer() called for the first time
[2025.06.21-10.47.20:460][ 47]LogInit: FAudioDevice initialized.
[2025.06.21-10.47.20:460][ 47]LogAudio: Display: Audio Device (ID: 43) registered with world 'Dopusk'.
[2025.06.21-10.47.20:481][ 47]LogSlate: Updating window title bar state: overlay mode, drag disabled, window buttons hidden, title bar hidden
[2025.06.21-10.47.20:481][ 47]LogLoad: Game class is 'DopuskGamemode_C'
[2025.06.21-10.47.20:483][ 47]LogWorld: Bringing World /Game/Maps/UEDPIE_0_Dopusk.Dopusk up for play (max tick rate 60) at 2025.06.21-13.47.20
[2025.06.21-10.47.20:483][ 47]LogWorld: Bringing up level for play took: 0.000822
[2025.06.21-10.47.20:483][ 47]LogOnline: OSS: Creating online subsystem instance for: :Context_58
[2025.06.21-10.47.20:485][ 47]LogGameMode: FindPlayerStart: PATHS NOT DEFINED or NO PLAYERSTART with positive rating
[2025.06.21-10.47.20:486][ 47]LogViewport: Display: Viewport MouseCaptureMode Changed, CapturePermanently_IncludingInitialMouseDown -> CapturePermanently
[2025.06.21-10.47.20:487][ 47]PIE: Server logged in
[2025.06.21-10.47.20:487][ 47]PIE: Play in editor total start time 0.305 seconds.
[2025.06.21-10.47.25:092][319]LogSlate: Updating window title bar state: overlay mode, drag disabled, window buttons hidden, title bar hidden
[2025.06.21-10.47.25:092][319]LogWorld: BeginTearingDown for /Game/Maps/UEDPIE_0_Dopusk
[2025.06.21-10.47.25:093][319]LogSlate: Window 'task1 Preview [NetMode: Standalone]  (64-bit/Windows) ' being destroyed
[2025.06.21-10.47.25:106][319]LogWorld: UWorld::CleanupWorld for Dopusk, bSessionEnded=true, bCleanupResources=true
[2025.06.21-10.47.25:107][319]LogSlate: InvalidateAllWidgets triggered.  All widgets were invalidated
[2025.06.21-10.47.25:114][319]LogPlayLevel: Display: Shutting down PIE online subsystems
[2025.06.21-10.47.25:149][319]LogSlate: InvalidateAllWidgets triggered.  All widgets were invalidated
[2025.06.21-10.47.25:179][319]LogAudioMixer: FMixerPlatformXAudio2::StopAudioStream() called
[2025.06.21-10.47.25:180][319]LogAudioMixer: FMixerPlatformXAudio2::StopAudioStream() called
[2025.06.21-10.47.25:187][319]LogUObjectHash: Compacting FUObjectHashTables data took   3.04ms
[2025.06.21-10.47.25:207][320]LogPlayLevel: Display: Destroying online subsystem :Context_58
[2025.06.21-10.47.35:514][937]LogTemp: Repeating last play command: Selected Viewport
[2025.06.21-10.47.35:520][937]BlueprintLog: New page: Pre-Play auto-recompile
[2025.06.21-10.47.35:524][937]LogPlayLevel: [PlayLevel] Compiling StanokPosUI before play...
[2025.06.21-10.47.35:635][937]LogUObjectHash: Compacting FUObjectHashTables data took   2.98ms
[2025.06.21-10.47.35:635][937]LogPlayLevel: PlayLevel: Blueprint regeneration took 114 ms (1 blueprints)
[2025.06.21-10.47.35:635][937]PIE: New page: PIE session: Dopusk (Jun 21, 2025, 4:47:35 PM)
[2025.06.21-10.47.35:635][937]LogPlayLevel: Creating play world package: /Game/Maps/UEDPIE_0_Dopusk
[2025.06.21-10.47.35:637][937]LogPlayLevel: PIE: StaticDuplicateObject took: (0.001991s)
[2025.06.21-10.47.35:638][937]LogAIModule: Creating AISystem for world Dopusk
[2025.06.21-10.47.35:638][937]LogPlayLevel: PIE: World Init took: (0.000971s)
[2025.06.21-10.47.35:638][937]LogPlayLevel: PIE: Created PIE world by copying editor world from /Game/Maps/Dopusk.Dopusk to /Game/Maps/UEDPIE_0_Dopusk.Dopusk (0.003055s)
[2025.06.21-10.47.35:681][937]LogUObjectHash: Compacting FUObjectHashTables data took   2.01ms
[2025.06.21-10.47.35:681][937]LogAudio: Display: Creating Audio Device:                 Id: 44, Scope: Unique, Realtime: True
[2025.06.21-10.47.35:681][937]LogAudioMixer: Display: Audio Mixer Platform Settings:
[2025.06.21-10.47.35:681][937]LogAudioMixer: Display: 	Sample Rate:						  48000
[2025.06.21-10.47.35:681][937]LogAudioMixer: Display: 	Callback Buffer Frame Size Requested: 1024
[2025.06.21-10.47.35:681][937]LogAudioMixer: Display: 	Callback Buffer Frame Size To Use:	  1024
[2025.06.21-10.47.35:681][937]LogAudioMixer: Display: 	Number of buffers to queue:			  2
[2025.06.21-10.47.35:681][937]LogAudioMixer: Display: 	Max Channels (voices):				  32
[2025.06.21-10.47.35:681][937]LogAudioMixer: Display: 	Number of Async Source Workers:		  0
[2025.06.21-10.47.35:681][937]LogAudio: Display: AudioDevice MaxSources: 32
[2025.06.21-10.47.35:681][937]LogAudio: Display: Audio Spatialization Plugin: None (built-in).
[2025.06.21-10.47.35:681][937]LogAudio: Display: Audio Reverb Plugin: None (built-in).
[2025.06.21-10.47.35:681][937]LogAudio: Display: Audio Occlusion Plugin: None (built-in).
[2025.06.21-10.47.35:681][937]LogAudioMixer: Display: Initializing audio mixer.
[2025.06.21-10.47.35:684][937]LogAudioMixer: Display: 0: FrontLeft
[2025.06.21-10.47.35:684][937]LogAudioMixer: Display: 1: FrontRight
[2025.06.21-10.47.35:803][937]LogAudioMixer: Display: Using Audio Device Speakers (Realtek(R) Audio)
[2025.06.21-10.47.35:803][937]LogAudioMixer: Display: Initializing Sound Submixes...
[2025.06.21-10.47.35:803][937]LogAudioMixer: Display: Creating Master Submix 'MasterSubmixDefault'
[2025.06.21-10.47.35:803][937]LogAudioMixer: Display: Creating Master Submix 'MasterReverbSubmixDefault'
[2025.06.21-10.47.35:804][937]LogAudioMixer: Display: Creating Master Submix 'MasterEQSubmixDefault'
[2025.06.21-10.47.35:804][937]LogAudioMixer: FMixerPlatformXAudio2::StartAudioStream() called
[2025.06.21-10.47.35:804][937]LogAudioMixer: Display: Output buffers initialized: Frames=1024, Channels=2, Samples=2048
[2025.06.21-10.47.35:805][937]LogAudioMixer: Display: Starting AudioMixerPlatformInterface::RunInternal()
[2025.06.21-10.47.35:805][937]LogAudioMixer: Display: FMixerPlatformXAudio2::SubmitBuffer() called for the first time
[2025.06.21-10.47.35:805][937]LogInit: FAudioDevice initialized.
[2025.06.21-10.47.35:805][937]LogAudio: Display: Audio Device (ID: 44) registered with world 'Dopusk'.
[2025.06.21-10.47.35:821][937]LogSlate: Updating window title bar state: overlay mode, drag disabled, window buttons hidden, title bar hidden
[2025.06.21-10.47.35:821][937]LogLoad: Game class is 'DopuskGamemode_C'
[2025.06.21-10.47.35:823][937]LogWorld: Bringing World /Game/Maps/UEDPIE_0_Dopusk.Dopusk up for play (max tick rate 60) at 2025.06.21-13.47.35
[2025.06.21-10.47.35:823][937]LogWorld: Bringing up level for play took: 0.001003
[2025.06.21-10.47.35:823][937]LogOnline: OSS: Creating online subsystem instance for: :Context_59
[2025.06.21-10.47.35:825][937]LogGameMode: FindPlayerStart: PATHS NOT DEFINED or NO PLAYERSTART with positive rating
[2025.06.21-10.47.35:825][937]LogViewport: Display: Viewport MouseCaptureMode Changed, CapturePermanently_IncludingInitialMouseDown -> CapturePermanently
[2025.06.21-10.47.35:827][937]PIE: Server logged in
[2025.06.21-10.47.35:827][937]PIE: Play in editor total start time 0.308 seconds.
[2025.06.21-10.47.45:062][487]LogSlate: Updating window title bar state: overlay mode, drag disabled, window buttons hidden, title bar hidden
[2025.06.21-10.47.45:062][487]LogWorld: BeginTearingDown for /Game/Maps/UEDPIE_0_Dopusk
[2025.06.21-10.47.45:063][487]LogSlate: Window 'task1 Preview [NetMode: Standalone]  (64-bit/Windows) ' being destroyed
[2025.06.21-10.47.45:073][487]LogWorld: UWorld::CleanupWorld for Dopusk, bSessionEnded=true, bCleanupResources=true
[2025.06.21-10.47.45:073][487]LogSlate: InvalidateAllWidgets triggered.  All widgets were invalidated
[2025.06.21-10.47.45:088][487]LogPlayLevel: Display: Shutting down PIE online subsystems
[2025.06.21-10.47.45:123][487]LogSlate: InvalidateAllWidgets triggered.  All widgets were invalidated
[2025.06.21-10.47.45:151][487]LogAudioMixer: FMixerPlatformXAudio2::StopAudioStream() called
[2025.06.21-10.47.45:152][487]LogAudioMixer: FMixerPlatformXAudio2::StopAudioStream() called
[2025.06.21-10.47.45:158][487]LogUObjectHash: Compacting FUObjectHashTables data took   2.42ms
[2025.06.21-10.47.45:177][488]LogPlayLevel: Display: Destroying online subsystem :Context_59
[2025.06.21-10.47.52:588][931]LogTemp: Repeating last play command: Selected Viewport
[2025.06.21-10.47.52:595][931]BlueprintLog: New page: Pre-Play auto-recompile
[2025.06.21-10.47.52:599][931]LogPlayLevel: [PlayLevel] Compiling StanokPosUI before play...
[2025.06.21-10.47.52:697][931]LogUObjectHash: Compacting FUObjectHashTables data took   2.56ms
[2025.06.21-10.47.52:697][931]LogPlayLevel: PlayLevel: Blueprint regeneration took 101 ms (1 blueprints)
[2025.06.21-10.47.52:697][931]PIE: New page: PIE session: Dopusk (Jun 21, 2025, 4:47:52 PM)
[2025.06.21-10.47.52:698][931]LogPlayLevel: Creating play world package: /Game/Maps/UEDPIE_0_Dopusk
[2025.06.21-10.47.52:700][931]LogPlayLevel: PIE: StaticDuplicateObject took: (0.001990s)
[2025.06.21-10.47.52:700][931]LogAIModule: Creating AISystem for world Dopusk
[2025.06.21-10.47.52:701][931]LogPlayLevel: PIE: World Init took: (0.000943s)
[2025.06.21-10.47.52:701][931]LogPlayLevel: PIE: Created PIE world by copying editor world from /Game/Maps/Dopusk.Dopusk to /Game/Maps/UEDPIE_0_Dopusk.Dopusk (0.003038s)
[2025.06.21-10.47.52:730][931]LogUObjectHash: Compacting FUObjectHashTables data took   2.07ms
[2025.06.21-10.47.52:731][931]LogAudio: Display: Creating Audio Device:                 Id: 45, Scope: Unique, Realtime: True
[2025.06.21-10.47.52:731][931]LogAudioMixer: Display: Audio Mixer Platform Settings:
[2025.06.21-10.47.52:731][931]LogAudioMixer: Display: 	Sample Rate:						  48000
[2025.06.21-10.47.52:731][931]LogAudioMixer: Display: 	Callback Buffer Frame Size Requested: 1024
[2025.06.21-10.47.52:731][931]LogAudioMixer: Display: 	Callback Buffer Frame Size To Use:	  1024
[2025.06.21-10.47.52:731][931]LogAudioMixer: Display: 	Number of buffers to queue:			  2
[2025.06.21-10.47.52:731][931]LogAudioMixer: Display: 	Max Channels (voices):				  32
[2025.06.21-10.47.52:731][931]LogAudioMixer: Display: 	Number of Async Source Workers:		  0
[2025.06.21-10.47.52:731][931]LogAudio: Display: AudioDevice MaxSources: 32
[2025.06.21-10.47.52:731][931]LogAudio: Display: Audio Spatialization Plugin: None (built-in).
[2025.06.21-10.47.52:731][931]LogAudio: Display: Audio Reverb Plugin: None (built-in).
[2025.06.21-10.47.52:731][931]LogAudio: Display: Audio Occlusion Plugin: None (built-in).
[2025.06.21-10.47.52:731][931]LogAudioMixer: Display: Initializing audio mixer.
[2025.06.21-10.47.52:734][931]LogAudioMixer: Display: 0: FrontLeft
[2025.06.21-10.47.52:734][931]LogAudioMixer: Display: 1: FrontRight
[2025.06.21-10.47.52:855][931]LogAudioMixer: Display: Using Audio Device Speakers (Realtek(R) Audio)
[2025.06.21-10.47.52:855][931]LogAudioMixer: Display: Initializing Sound Submixes...
[2025.06.21-10.47.52:855][931]LogAudioMixer: Display: Creating Master Submix 'MasterSubmixDefault'
[2025.06.21-10.47.52:855][931]LogAudioMixer: Display: Creating Master Submix 'MasterReverbSubmixDefault'
[2025.06.21-10.47.52:856][931]LogAudioMixer: Display: Creating Master Submix 'MasterEQSubmixDefault'
[2025.06.21-10.47.52:856][931]LogAudioMixer: FMixerPlatformXAudio2::StartAudioStream() called
[2025.06.21-10.47.52:856][931]LogAudioMixer: Display: Output buffers initialized: Frames=1024, Channels=2, Samples=2048
[2025.06.21-10.47.52:857][931]LogAudioMixer: Display: Starting AudioMixerPlatformInterface::RunInternal()
[2025.06.21-10.47.52:857][931]LogAudioMixer: Display: FMixerPlatformXAudio2::SubmitBuffer() called for the first time
[2025.06.21-10.47.52:857][931]LogInit: FAudioDevice initialized.
[2025.06.21-10.47.52:857][931]LogAudio: Display: Audio Device (ID: 45) registered with world 'Dopusk'.
[2025.06.21-10.47.52:871][931]LogSlate: Updating window title bar state: overlay mode, drag disabled, window buttons hidden, title bar hidden
[2025.06.21-10.47.52:871][931]LogLoad: Game class is 'DopuskGamemode_C'
[2025.06.21-10.47.52:873][931]LogWorld: Bringing World /Game/Maps/UEDPIE_0_Dopusk.Dopusk up for play (max tick rate 60) at 2025.06.21-13.47.52
[2025.06.21-10.47.52:873][931]LogWorld: Bringing up level for play took: 0.001036
[2025.06.21-10.47.52:873][931]LogOnline: OSS: Creating online subsystem instance for: :Context_60
[2025.06.21-10.47.52:875][931]LogGameMode: FindPlayerStart: PATHS NOT DEFINED or NO PLAYERSTART with positive rating
[2025.06.21-10.47.52:875][931]LogViewport: Display: Viewport MouseCaptureMode Changed, CapturePermanently_IncludingInitialMouseDown -> CapturePermanently
[2025.06.21-10.47.52:877][931]PIE: Server logged in
[2025.06.21-10.47.52:877][931]PIE: Play in editor total start time 0.283 seconds.
[2025.06.21-10.48.02:308][490]LogSlate: Updating window title bar state: overlay mode, drag disabled, window buttons hidden, title bar hidden
[2025.06.21-10.48.02:309][490]LogWorld: BeginTearingDown for /Game/Maps/UEDPIE_0_Dopusk
[2025.06.21-10.48.02:310][490]LogSlate: Window 'task1 Preview [NetMode: Standalone]  (64-bit/Windows) ' being destroyed
[2025.06.21-10.48.02:318][490]LogWorld: UWorld::CleanupWorld for Dopusk, bSessionEnded=true, bCleanupResources=true
[2025.06.21-10.48.02:318][490]LogSlate: InvalidateAllWidgets triggered.  All widgets were invalidated
[2025.06.21-10.48.02:324][490]LogPlayLevel: Display: Shutting down PIE online subsystems
[2025.06.21-10.48.02:357][490]LogSlate: InvalidateAllWidgets triggered.  All widgets were invalidated
[2025.06.21-10.48.02:393][490]LogAudioMixer: FMixerPlatformXAudio2::StopAudioStream() called
[2025.06.21-10.48.02:394][490]LogAudioMixer: FMixerPlatformXAudio2::StopAudioStream() called
[2025.06.21-10.48.02:402][490]LogUObjectHash: Compacting FUObjectHashTables data took   2.24ms
[2025.06.21-10.48.02:417][491]LogPlayLevel: Display: Destroying online subsystem :Context_60
[2025.06.21-10.48.05:712][688]LogTemp: Repeating last play command: Selected Viewport
[2025.06.21-10.48.05:719][688]BlueprintLog: New page: Pre-Play auto-recompile
[2025.06.21-10.48.05:723][688]LogPlayLevel: [PlayLevel] Compiling StanokPosUI before play...
[2025.06.21-10.48.05:820][688]LogUObjectHash: Compacting FUObjectHashTables data took   2.66ms
[2025.06.21-10.48.05:820][688]LogPlayLevel: PlayLevel: Blueprint regeneration took 100 ms (1 blueprints)
[2025.06.21-10.48.05:820][688]PIE: New page: PIE session: Dopusk (Jun 21, 2025, 4:48:05 PM)
[2025.06.21-10.48.05:820][688]LogPlayLevel: Creating play world package: /Game/Maps/UEDPIE_0_Dopusk
[2025.06.21-10.48.05:822][688]LogPlayLevel: PIE: StaticDuplicateObject took: (0.002047s)
[2025.06.21-10.48.05:823][688]LogAIModule: Creating AISystem for world Dopusk
[2025.06.21-10.48.05:823][688]LogPlayLevel: PIE: World Init took: (0.000892s)
[2025.06.21-10.48.05:823][688]LogPlayLevel: PIE: Created PIE world by copying editor world from /Game/Maps/Dopusk.Dopusk to /Game/Maps/UEDPIE_0_Dopusk.Dopusk (0.003030s)
[2025.06.21-10.48.05:852][688]LogUObjectHash: Compacting FUObjectHashTables data took   2.34ms
[2025.06.21-10.48.05:852][688]LogAudio: Display: Creating Audio Device:                 Id: 46, Scope: Unique, Realtime: True
[2025.06.21-10.48.05:852][688]LogAudioMixer: Display: Audio Mixer Platform Settings:
[2025.06.21-10.48.05:852][688]LogAudioMixer: Display: 	Sample Rate:						  48000
[2025.06.21-10.48.05:852][688]LogAudioMixer: Display: 	Callback Buffer Frame Size Requested: 1024
[2025.06.21-10.48.05:852][688]LogAudioMixer: Display: 	Callback Buffer Frame Size To Use:	  1024
[2025.06.21-10.48.05:852][688]LogAudioMixer: Display: 	Number of buffers to queue:			  2
[2025.06.21-10.48.05:852][688]LogAudioMixer: Display: 	Max Channels (voices):				  32
[2025.06.21-10.48.05:852][688]LogAudioMixer: Display: 	Number of Async Source Workers:		  0
[2025.06.21-10.48.05:852][688]LogAudio: Display: AudioDevice MaxSources: 32
[2025.06.21-10.48.05:852][688]LogAudio: Display: Audio Spatialization Plugin: None (built-in).
[2025.06.21-10.48.05:852][688]LogAudio: Display: Audio Reverb Plugin: None (built-in).
[2025.06.21-10.48.05:852][688]LogAudio: Display: Audio Occlusion Plugin: None (built-in).
[2025.06.21-10.48.05:852][688]LogAudioMixer: Display: Initializing audio mixer.
[2025.06.21-10.48.05:854][688]LogAudioMixer: Display: 0: FrontLeft
[2025.06.21-10.48.05:854][688]LogAudioMixer: Display: 1: FrontRight
[2025.06.21-10.48.05:976][688]LogAudioMixer: Display: Using Audio Device Speakers (Realtek(R) Audio)
[2025.06.21-10.48.05:976][688]LogAudioMixer: Display: Initializing Sound Submixes...
[2025.06.21-10.48.05:976][688]LogAudioMixer: Display: Creating Master Submix 'MasterSubmixDefault'
[2025.06.21-10.48.05:976][688]LogAudioMixer: Display: Creating Master Submix 'MasterReverbSubmixDefault'
[2025.06.21-10.48.05:977][688]LogAudioMixer: Display: Creating Master Submix 'MasterEQSubmixDefault'
[2025.06.21-10.48.05:977][688]LogAudioMixer: FMixerPlatformXAudio2::StartAudioStream() called
[2025.06.21-10.48.05:977][688]LogAudioMixer: Display: Output buffers initialized: Frames=1024, Channels=2, Samples=2048
[2025.06.21-10.48.05:978][688]LogAudioMixer: Display: Starting AudioMixerPlatformInterface::RunInternal()
[2025.06.21-10.48.05:978][688]LogAudioMixer: Display: FMixerPlatformXAudio2::SubmitBuffer() called for the first time
[2025.06.21-10.48.05:978][688]LogInit: FAudioDevice initialized.
[2025.06.21-10.48.05:978][688]LogAudio: Display: Audio Device (ID: 46) registered with world 'Dopusk'.
[2025.06.21-10.48.05:992][688]LogSlate: Updating window title bar state: overlay mode, drag disabled, window buttons hidden, title bar hidden
[2025.06.21-10.48.05:992][688]LogLoad: Game class is 'DopuskGamemode_C'
[2025.06.21-10.48.05:993][688]LogWorld: Bringing World /Game/Maps/UEDPIE_0_Dopusk.Dopusk up for play (max tick rate 60) at 2025.06.21-13.48.05
[2025.06.21-10.48.05:994][688]LogWorld: Bringing up level for play took: 0.000786
[2025.06.21-10.48.05:994][688]LogOnline: OSS: Creating online subsystem instance for: :Context_61
[2025.06.21-10.48.05:995][688]LogGameMode: FindPlayerStart: PATHS NOT DEFINED or NO PLAYERSTART with positive rating
[2025.06.21-10.48.05:996][688]LogViewport: Display: Viewport MouseCaptureMode Changed, CapturePermanently_IncludingInitialMouseDown -> CapturePermanently
[2025.06.21-10.48.05:997][688]PIE: Server logged in
[2025.06.21-10.48.05:997][688]PIE: Play in editor total start time 0.279 seconds.
[2025.06.21-10.48.13:960][162]LogSlate: Updating window title bar state: overlay mode, drag disabled, window buttons hidden, title bar hidden
[2025.06.21-10.48.13:960][162]LogWorld: BeginTearingDown for /Game/Maps/UEDPIE_0_Dopusk
[2025.06.21-10.48.13:962][162]LogSlate: Window 'task1 Preview [NetMode: Standalone]  (64-bit/Windows) ' being destroyed
[2025.06.21-10.48.13:977][162]LogWorld: UWorld::CleanupWorld for Dopusk, bSessionEnded=true, bCleanupResources=true
[2025.06.21-10.48.13:977][162]LogSlate: InvalidateAllWidgets triggered.  All widgets were invalidated
[2025.06.21-10.48.13:990][162]LogPlayLevel: Display: Shutting down PIE online subsystems
[2025.06.21-10.48.14:026][162]LogSlate: InvalidateAllWidgets triggered.  All widgets were invalidated
[2025.06.21-10.48.14:062][162]LogAudioMixer: FMixerPlatformXAudio2::StopAudioStream() called
[2025.06.21-10.48.14:064][162]LogAudioMixer: FMixerPlatformXAudio2::StopAudioStream() called
[2025.06.21-10.48.14:069][162]LogUObjectHash: Compacting FUObjectHashTables data took   2.09ms
[2025.06.21-10.48.14:089][163]LogPlayLevel: Display: Destroying online subsystem :Context_61
[2025.06.21-10.48.17:917][392]LogTemp: Repeating last play command: Selected Viewport
[2025.06.21-10.48.17:924][392]BlueprintLog: New page: Pre-Play auto-recompile
[2025.06.21-10.48.17:928][392]LogPlayLevel: [PlayLevel] Compiling StanokPosUI before play...
[2025.06.21-10.48.18:030][392]LogUObjectHash: Compacting FUObjectHashTables data took   2.57ms
[2025.06.21-10.48.18:030][392]LogPlayLevel: PlayLevel: Blueprint regeneration took 106 ms (1 blueprints)
[2025.06.21-10.48.18:030][392]PIE: New page: PIE session: Dopusk (Jun 21, 2025, 4:48:18 PM)
[2025.06.21-10.48.18:030][392]LogPlayLevel: Creating play world package: /Game/Maps/UEDPIE_0_Dopusk
[2025.06.21-10.48.18:032][392]LogPlayLevel: PIE: StaticDuplicateObject took: (0.001990s)
[2025.06.21-10.48.18:033][392]LogAIModule: Creating AISystem for world Dopusk
[2025.06.21-10.48.18:033][392]LogPlayLevel: PIE: World Init took: (0.000973s)
[2025.06.21-10.48.18:033][392]LogPlayLevel: PIE: Created PIE world by copying editor world from /Game/Maps/Dopusk.Dopusk to /Game/Maps/UEDPIE_0_Dopusk.Dopusk (0.003069s)
[2025.06.21-10.48.18:064][392]LogUObjectHash: Compacting FUObjectHashTables data took   2.28ms
[2025.06.21-10.48.18:064][392]LogAudio: Display: Creating Audio Device:                 Id: 47, Scope: Unique, Realtime: True
[2025.06.21-10.48.18:064][392]LogAudioMixer: Display: Audio Mixer Platform Settings:
[2025.06.21-10.48.18:064][392]LogAudioMixer: Display: 	Sample Rate:						  48000
[2025.06.21-10.48.18:064][392]LogAudioMixer: Display: 	Callback Buffer Frame Size Requested: 1024
[2025.06.21-10.48.18:064][392]LogAudioMixer: Display: 	Callback Buffer Frame Size To Use:	  1024
[2025.06.21-10.48.18:064][392]LogAudioMixer: Display: 	Number of buffers to queue:			  2
[2025.06.21-10.48.18:064][392]LogAudioMixer: Display: 	Max Channels (voices):				  32
[2025.06.21-10.48.18:064][392]LogAudioMixer: Display: 	Number of Async Source Workers:		  0
[2025.06.21-10.48.18:064][392]LogAudio: Display: AudioDevice MaxSources: 32
[2025.06.21-10.48.18:064][392]LogAudio: Display: Audio Spatialization Plugin: None (built-in).
[2025.06.21-10.48.18:064][392]LogAudio: Display: Audio Reverb Plugin: None (built-in).
[2025.06.21-10.48.18:064][392]LogAudio: Display: Audio Occlusion Plugin: None (built-in).
[2025.06.21-10.48.18:064][392]LogAudioMixer: Display: Initializing audio mixer.
[2025.06.21-10.48.18:067][392]LogAudioMixer: Display: 0: FrontLeft
[2025.06.21-10.48.18:067][392]LogAudioMixer: Display: 1: FrontRight
[2025.06.21-10.48.18:186][392]LogAudioMixer: Display: Using Audio Device Speakers (Realtek(R) Audio)
[2025.06.21-10.48.18:187][392]LogAudioMixer: Display: Initializing Sound Submixes...
[2025.06.21-10.48.18:187][392]LogAudioMixer: Display: Creating Master Submix 'MasterSubmixDefault'
[2025.06.21-10.48.18:187][392]LogAudioMixer: Display: Creating Master Submix 'MasterReverbSubmixDefault'
[2025.06.21-10.48.18:187][392]LogAudioMixer: Display: Creating Master Submix 'MasterEQSubmixDefault'
[2025.06.21-10.48.18:187][392]LogAudioMixer: FMixerPlatformXAudio2::StartAudioStream() called
[2025.06.21-10.48.18:187][392]LogAudioMixer: Display: Output buffers initialized: Frames=1024, Channels=2, Samples=2048
[2025.06.21-10.48.18:188][392]LogAudioMixer: Display: Starting AudioMixerPlatformInterface::RunInternal()
[2025.06.21-10.48.18:188][392]LogAudioMixer: Display: FMixerPlatformXAudio2::SubmitBuffer() called for the first time
[2025.06.21-10.48.18:188][392]LogInit: FAudioDevice initialized.
[2025.06.21-10.48.18:188][392]LogAudio: Display: Audio Device (ID: 47) registered with world 'Dopusk'.
[2025.06.21-10.48.18:205][392]LogSlate: Updating window title bar state: overlay mode, drag disabled, window buttons hidden, title bar hidden
[2025.06.21-10.48.18:205][392]LogLoad: Game class is 'DopuskGamemode_C'
[2025.06.21-10.48.18:207][392]LogWorld: Bringing World /Game/Maps/UEDPIE_0_Dopusk.Dopusk up for play (max tick rate 60) at 2025.06.21-13.48.18
[2025.06.21-10.48.18:207][392]LogWorld: Bringing up level for play took: 0.000977
[2025.06.21-10.48.18:207][392]LogOnline: OSS: Creating online subsystem instance for: :Context_62
[2025.06.21-10.48.18:209][392]LogGameMode: FindPlayerStart: PATHS NOT DEFINED or NO PLAYERSTART with positive rating
[2025.06.21-10.48.18:209][392]LogViewport: Display: Viewport MouseCaptureMode Changed, CapturePermanently_IncludingInitialMouseDown -> CapturePermanently
[2025.06.21-10.48.18:210][392]PIE: Server logged in
[2025.06.21-10.48.18:211][392]PIE: Play in editor total start time 0.288 seconds.
[2025.06.21-10.48.26:098][861]LogSlate: Updating window title bar state: overlay mode, drag disabled, window buttons hidden, title bar hidden
[2025.06.21-10.48.26:098][861]LogWorld: BeginTearingDown for /Game/Maps/UEDPIE_0_Dopusk
[2025.06.21-10.48.26:099][861]LogSlate: Window 'task1 Preview [NetMode: Standalone]  (64-bit/Windows) ' being destroyed
[2025.06.21-10.48.26:105][861]LogWorld: UWorld::CleanupWorld for Dopusk, bSessionEnded=true, bCleanupResources=true
[2025.06.21-10.48.26:106][861]LogSlate: InvalidateAllWidgets triggered.  All widgets were invalidated
[2025.06.21-10.48.26:113][861]LogPlayLevel: Display: Shutting down PIE online subsystems
[2025.06.21-10.48.26:145][861]LogSlate: InvalidateAllWidgets triggered.  All widgets were invalidated
[2025.06.21-10.48.26:182][861]LogAudioMixer: FMixerPlatformXAudio2::StopAudioStream() called
[2025.06.21-10.48.26:183][861]LogAudioMixer: FMixerPlatformXAudio2::StopAudioStream() called
[2025.06.21-10.48.26:187][861]LogUObjectHash: Compacting FUObjectHashTables data took   2.18ms
[2025.06.21-10.48.26:205][862]LogPlayLevel: Display: Destroying online subsystem :Context_62
[2025.06.21-10.48.35:400][413]LogTemp: Repeating last play command: Selected Viewport
[2025.06.21-10.48.35:406][413]BlueprintLog: New page: Pre-Play auto-recompile
[2025.06.21-10.48.35:408][413]LogPlayLevel: [PlayLevel] Compiling StanokPosUI before play...
[2025.06.21-10.48.35:499][413]LogUObjectHash: Compacting FUObjectHashTables data took   2.99ms
[2025.06.21-10.48.35:499][413]LogPlayLevel: PlayLevel: Blueprint regeneration took 94 ms (1 blueprints)
[2025.06.21-10.48.35:499][413]PIE: New page: PIE session: Dopusk (Jun 21, 2025, 4:48:35 PM)
[2025.06.21-10.48.35:500][413]LogPlayLevel: Creating play world package: /Game/Maps/UEDPIE_0_Dopusk
[2025.06.21-10.48.35:502][413]LogPlayLevel: PIE: StaticDuplicateObject took: (0.002056s)
[2025.06.21-10.48.35:502][413]LogAIModule: Creating AISystem for world Dopusk
[2025.06.21-10.48.35:503][413]LogPlayLevel: PIE: World Init took: (0.000889s)
[2025.06.21-10.48.35:503][413]LogPlayLevel: PIE: Created PIE world by copying editor world from /Game/Maps/Dopusk.Dopusk to /Game/Maps/UEDPIE_0_Dopusk.Dopusk (0.003040s)
[2025.06.21-10.48.35:549][413]LogUObjectHash: Compacting FUObjectHashTables data took   2.40ms
[2025.06.21-10.48.35:549][413]LogAudio: Display: Creating Audio Device:                 Id: 48, Scope: Unique, Realtime: True
[2025.06.21-10.48.35:549][413]LogAudioMixer: Display: Audio Mixer Platform Settings:
[2025.06.21-10.48.35:549][413]LogAudioMixer: Display: 	Sample Rate:						  48000
[2025.06.21-10.48.35:549][413]LogAudioMixer: Display: 	Callback Buffer Frame Size Requested: 1024
[2025.06.21-10.48.35:549][413]LogAudioMixer: Display: 	Callback Buffer Frame Size To Use:	  1024
[2025.06.21-10.48.35:549][413]LogAudioMixer: Display: 	Number of buffers to queue:			  2
[2025.06.21-10.48.35:549][413]LogAudioMixer: Display: 	Max Channels (voices):				  32
[2025.06.21-10.48.35:549][413]LogAudioMixer: Display: 	Number of Async Source Workers:		  0
[2025.06.21-10.48.35:549][413]LogAudio: Display: AudioDevice MaxSources: 32
[2025.06.21-10.48.35:549][413]LogAudio: Display: Audio Spatialization Plugin: None (built-in).
[2025.06.21-10.48.35:549][413]LogAudio: Display: Audio Reverb Plugin: None (built-in).
[2025.06.21-10.48.35:549][413]LogAudio: Display: Audio Occlusion Plugin: None (built-in).
[2025.06.21-10.48.35:549][413]LogAudioMixer: Display: Initializing audio mixer.
[2025.06.21-10.48.35:552][413]LogAudioMixer: Display: 0: FrontLeft
[2025.06.21-10.48.35:552][413]LogAudioMixer: Display: 1: FrontRight
[2025.06.21-10.48.35:675][413]LogAudioMixer: Display: Using Audio Device Speakers (Realtek(R) Audio)
[2025.06.21-10.48.35:675][413]LogAudioMixer: Display: Initializing Sound Submixes...
[2025.06.21-10.48.35:675][413]LogAudioMixer: Display: Creating Master Submix 'MasterSubmixDefault'
[2025.06.21-10.48.35:675][413]LogAudioMixer: Display: Creating Master Submix 'MasterReverbSubmixDefault'
[2025.06.21-10.48.35:675][413]LogAudioMixer: Display: Creating Master Submix 'MasterEQSubmixDefault'
[2025.06.21-10.48.35:675][413]LogAudioMixer: FMixerPlatformXAudio2::StartAudioStream() called
[2025.06.21-10.48.35:675][413]LogAudioMixer: Display: Output buffers initialized: Frames=1024, Channels=2, Samples=2048
[2025.06.21-10.48.35:676][413]LogAudioMixer: Display: Starting AudioMixerPlatformInterface::RunInternal()
[2025.06.21-10.48.35:676][413]LogAudioMixer: Display: FMixerPlatformXAudio2::SubmitBuffer() called for the first time
[2025.06.21-10.48.35:676][413]LogInit: FAudioDevice initialized.
[2025.06.21-10.48.35:676][413]LogAudio: Display: Audio Device (ID: 48) registered with world 'Dopusk'.
[2025.06.21-10.48.35:695][413]LogSlate: Updating window title bar state: overlay mode, drag disabled, window buttons hidden, title bar hidden
[2025.06.21-10.48.35:695][413]LogLoad: Game class is 'DopuskGamemode_C'
[2025.06.21-10.48.35:698][413]LogWorld: Bringing World /Game/Maps/UEDPIE_0_Dopusk.Dopusk up for play (max tick rate 60) at 2025.06.21-13.48.35
[2025.06.21-10.48.35:699][413]LogWorld: Bringing up level for play took: 0.000898
[2025.06.21-10.48.35:699][413]LogOnline: OSS: Creating online subsystem instance for: :Context_63
[2025.06.21-10.48.35:700][413]LogGameMode: FindPlayerStart: PATHS NOT DEFINED or NO PLAYERSTART with positive rating
[2025.06.21-10.48.35:701][413]LogViewport: Display: Viewport MouseCaptureMode Changed, CapturePermanently_IncludingInitialMouseDown -> CapturePermanently
[2025.06.21-10.48.35:702][413]PIE: Server logged in
[2025.06.21-10.48.35:702][413]PIE: Play in editor total start time 0.298 seconds.
[2025.06.21-10.48.43:350][868]LogSlate: Updating window title bar state: overlay mode, drag disabled, window buttons hidden, title bar hidden
[2025.06.21-10.48.43:350][868]LogWorld: BeginTearingDown for /Game/Maps/UEDPIE_0_Dopusk
[2025.06.21-10.48.43:351][868]LogSlate: Window 'task1 Preview [NetMode: Standalone]  (64-bit/Windows) ' being destroyed
[2025.06.21-10.48.43:362][868]LogWorld: UWorld::CleanupWorld for Dopusk, bSessionEnded=true, bCleanupResources=true
[2025.06.21-10.48.43:362][868]LogSlate: InvalidateAllWidgets triggered.  All widgets were invalidated
[2025.06.21-10.48.43:375][868]LogPlayLevel: Display: Shutting down PIE online subsystems
[2025.06.21-10.48.43:420][868]LogSlate: InvalidateAllWidgets triggered.  All widgets were invalidated
[2025.06.21-10.48.43:452][868]LogAudioMixer: FMixerPlatformXAudio2::StopAudioStream() called
[2025.06.21-10.48.43:454][868]LogAudioMixer: FMixerPlatformXAudio2::StopAudioStream() called
[2025.06.21-10.48.43:458][868]LogUObjectHash: Compacting FUObjectHashTables data took   2.49ms
[2025.06.21-10.48.43:475][869]LogPlayLevel: Display: Destroying online subsystem :Context_63
[2025.06.21-10.48.47:226][ 92]LogTemp: Repeating last play command: Selected Viewport
[2025.06.21-10.48.47:234][ 92]BlueprintLog: New page: Pre-Play auto-recompile
[2025.06.21-10.48.47:237][ 92]LogPlayLevel: [PlayLevel] Compiling StanokPosUI before play...
[2025.06.21-10.48.47:331][ 92]LogUObjectHash: Compacting FUObjectHashTables data took   2.55ms
[2025.06.21-10.48.47:331][ 92]LogPlayLevel: PlayLevel: Blueprint regeneration took 96 ms (1 blueprints)
[2025.06.21-10.48.47:331][ 92]PIE: New page: PIE session: Dopusk (Jun 21, 2025, 4:48:47 PM)
[2025.06.21-10.48.47:331][ 92]LogPlayLevel: Creating play world package: /Game/Maps/UEDPIE_0_Dopusk
[2025.06.21-10.48.47:333][ 92]LogPlayLevel: PIE: StaticDuplicateObject took: (0.002014s)
[2025.06.21-10.48.47:334][ 92]LogAIModule: Creating AISystem for world Dopusk
[2025.06.21-10.48.47:334][ 92]LogPlayLevel: PIE: World Init took: (0.000919s)
[2025.06.21-10.48.47:334][ 92]LogPlayLevel: PIE: Created PIE world by copying editor world from /Game/Maps/Dopusk.Dopusk to /Game/Maps/UEDPIE_0_Dopusk.Dopusk (0.003023s)
[2025.06.21-10.48.47:373][ 92]LogUObjectHash: Compacting FUObjectHashTables data took   1.98ms
[2025.06.21-10.48.47:374][ 92]LogAudio: Display: Creating Audio Device:                 Id: 49, Scope: Unique, Realtime: True
[2025.06.21-10.48.47:374][ 92]LogAudioMixer: Display: Audio Mixer Platform Settings:
[2025.06.21-10.48.47:374][ 92]LogAudioMixer: Display: 	Sample Rate:						  48000
[2025.06.21-10.48.47:374][ 92]LogAudioMixer: Display: 	Callback Buffer Frame Size Requested: 1024
[2025.06.21-10.48.47:374][ 92]LogAudioMixer: Display: 	Callback Buffer Frame Size To Use:	  1024
[2025.06.21-10.48.47:374][ 92]LogAudioMixer: Display: 	Number of buffers to queue:			  2
[2025.06.21-10.48.47:374][ 92]LogAudioMixer: Display: 	Max Channels (voices):				  32
[2025.06.21-10.48.47:374][ 92]LogAudioMixer: Display: 	Number of Async Source Workers:		  0
[2025.06.21-10.48.47:374][ 92]LogAudio: Display: AudioDevice MaxSources: 32
[2025.06.21-10.48.47:374][ 92]LogAudio: Display: Audio Spatialization Plugin: None (built-in).
[2025.06.21-10.48.47:374][ 92]LogAudio: Display: Audio Reverb Plugin: None (built-in).
[2025.06.21-10.48.47:374][ 92]LogAudio: Display: Audio Occlusion Plugin: None (built-in).
[2025.06.21-10.48.47:374][ 92]LogAudioMixer: Display: Initializing audio mixer.
[2025.06.21-10.48.47:376][ 92]LogAudioMixer: Display: 0: FrontLeft
[2025.06.21-10.48.47:376][ 92]LogAudioMixer: Display: 1: FrontRight
[2025.06.21-10.48.47:495][ 92]LogAudioMixer: Display: Using Audio Device Speakers (Realtek(R) Audio)
[2025.06.21-10.48.47:495][ 92]LogAudioMixer: Display: Initializing Sound Submixes...
[2025.06.21-10.48.47:497][ 92]LogAudioMixer: Display: Creating Master Submix 'MasterSubmixDefault'
[2025.06.21-10.48.47:497][ 92]LogAudioMixer: Display: Creating Master Submix 'MasterReverbSubmixDefault'
[2025.06.21-10.48.47:497][ 92]LogAudioMixer: Display: Creating Master Submix 'MasterEQSubmixDefault'
[2025.06.21-10.48.47:497][ 92]LogAudioMixer: FMixerPlatformXAudio2::StartAudioStream() called
[2025.06.21-10.48.47:497][ 92]LogAudioMixer: Display: Output buffers initialized: Frames=1024, Channels=2, Samples=2048
[2025.06.21-10.48.47:498][ 92]LogAudioMixer: Display: Starting AudioMixerPlatformInterface::RunInternal()
[2025.06.21-10.48.47:498][ 92]LogAudioMixer: Display: FMixerPlatformXAudio2::SubmitBuffer() called for the first time
[2025.06.21-10.48.47:498][ 92]LogInit: FAudioDevice initialized.
[2025.06.21-10.48.47:498][ 92]LogAudio: Display: Audio Device (ID: 49) registered with world 'Dopusk'.
[2025.06.21-10.48.47:515][ 92]LogSlate: Updating window title bar state: overlay mode, drag disabled, window buttons hidden, title bar hidden
[2025.06.21-10.48.47:517][ 92]LogLoad: Game class is 'DopuskGamemode_C'
[2025.06.21-10.48.47:518][ 92]LogWorld: Bringing World /Game/Maps/UEDPIE_0_Dopusk.Dopusk up for play (max tick rate 60) at 2025.06.21-13.48.47
[2025.06.21-10.48.47:518][ 92]LogWorld: Bringing up level for play took: 0.000853
[2025.06.21-10.48.47:518][ 92]LogOnline: OSS: Creating online subsystem instance for: :Context_64
[2025.06.21-10.48.47:520][ 92]LogGameMode: FindPlayerStart: PATHS NOT DEFINED or NO PLAYERSTART with positive rating
[2025.06.21-10.48.47:520][ 92]LogViewport: Display: Viewport MouseCaptureMode Changed, CapturePermanently_IncludingInitialMouseDown -> CapturePermanently
[2025.06.21-10.48.47:521][ 92]PIE: Server logged in
[2025.06.21-10.48.47:522][ 92]PIE: Play in editor total start time 0.288 seconds.
[2025.06.21-10.48.56:045][600]LogSlate: Updating window title bar state: overlay mode, drag disabled, window buttons hidden, title bar hidden
[2025.06.21-10.48.56:045][600]LogWorld: BeginTearingDown for /Game/Maps/UEDPIE_0_Dopusk
[2025.06.21-10.48.56:045][600]LogSlate: Window 'task1 Preview [NetMode: Standalone]  (64-bit/Windows) ' being destroyed
[2025.06.21-10.48.56:063][600]LogWorld: UWorld::CleanupWorld for Dopusk, bSessionEnded=true, bCleanupResources=true
[2025.06.21-10.48.56:063][600]LogSlate: InvalidateAllWidgets triggered.  All widgets were invalidated
[2025.06.21-10.48.56:074][600]LogPlayLevel: Display: Shutting down PIE online subsystems
[2025.06.21-10.48.56:107][600]LogSlate: InvalidateAllWidgets triggered.  All widgets were invalidated
[2025.06.21-10.48.56:139][600]LogAudioMixer: FMixerPlatformXAudio2::StopAudioStream() called
[2025.06.21-10.48.56:140][600]LogAudioMixer: FMixerPlatformXAudio2::StopAudioStream() called
[2025.06.21-10.48.56:145][600]LogUObjectHash: Compacting FUObjectHashTables data took   2.49ms
[2025.06.21-10.48.56:166][601]LogPlayLevel: Display: Destroying online subsystem :Context_64
[2025.06.21-10.48.59:472][799]LogTemp: Repeating last play command: Selected Viewport
[2025.06.21-10.48.59:476][799]BlueprintLog: New page: Pre-Play auto-recompile
[2025.06.21-10.48.59:479][799]LogPlayLevel: [PlayLevel] Compiling StanokPosUI before play...
[2025.06.21-10.48.59:563][799]LogUObjectHash: Compacting FUObjectHashTables data took   2.58ms
[2025.06.21-10.48.59:565][799]LogPlayLevel: PlayLevel: Blueprint regeneration took 87 ms (1 blueprints)
[2025.06.21-10.48.59:565][799]PIE: New page: PIE session: Dopusk (Jun 21, 2025, 4:48:59 PM)
[2025.06.21-10.48.59:565][799]LogPlayLevel: Creating play world package: /Game/Maps/UEDPIE_0_Dopusk
[2025.06.21-10.48.59:566][799]LogPlayLevel: PIE: StaticDuplicateObject took: (0.001903s)
[2025.06.21-10.48.59:567][799]LogAIModule: Creating AISystem for world Dopusk
[2025.06.21-10.48.59:567][799]LogPlayLevel: PIE: World Init took: (0.000884s)
[2025.06.21-10.48.59:567][799]LogPlayLevel: PIE: Created PIE world by copying editor world from /Game/Maps/Dopusk.Dopusk to /Game/Maps/UEDPIE_0_Dopusk.Dopusk (0.002874s)
[2025.06.21-10.48.59:598][799]LogUObjectHash: Compacting FUObjectHashTables data took   2.06ms
[2025.06.21-10.48.59:598][799]LogAudio: Display: Creating Audio Device:                 Id: 50, Scope: Unique, Realtime: True
[2025.06.21-10.48.59:598][799]LogAudioMixer: Display: Audio Mixer Platform Settings:
[2025.06.21-10.48.59:598][799]LogAudioMixer: Display: 	Sample Rate:						  48000
[2025.06.21-10.48.59:598][799]LogAudioMixer: Display: 	Callback Buffer Frame Size Requested: 1024
[2025.06.21-10.48.59:598][799]LogAudioMixer: Display: 	Callback Buffer Frame Size To Use:	  1024
[2025.06.21-10.48.59:598][799]LogAudioMixer: Display: 	Number of buffers to queue:			  2
[2025.06.21-10.48.59:598][799]LogAudioMixer: Display: 	Max Channels (voices):				  32
[2025.06.21-10.48.59:598][799]LogAudioMixer: Display: 	Number of Async Source Workers:		  0
[2025.06.21-10.48.59:598][799]LogAudio: Display: AudioDevice MaxSources: 32
[2025.06.21-10.48.59:600][799]LogAudio: Display: Audio Spatialization Plugin: None (built-in).
[2025.06.21-10.48.59:600][799]LogAudio: Display: Audio Reverb Plugin: None (built-in).
[2025.06.21-10.48.59:600][799]LogAudio: Display: Audio Occlusion Plugin: None (built-in).
[2025.06.21-10.48.59:600][799]LogAudioMixer: Display: Initializing audio mixer.
[2025.06.21-10.48.59:602][799]LogAudioMixer: Display: 0: FrontLeft
[2025.06.21-10.48.59:602][799]LogAudioMixer: Display: 1: FrontRight
[2025.06.21-10.48.59:721][799]LogAudioMixer: Display: Using Audio Device Speakers (Realtek(R) Audio)
[2025.06.21-10.48.59:721][799]LogAudioMixer: Display: Initializing Sound Submixes...
[2025.06.21-10.48.59:721][799]LogAudioMixer: Display: Creating Master Submix 'MasterSubmixDefault'
[2025.06.21-10.48.59:721][799]LogAudioMixer: Display: Creating Master Submix 'MasterReverbSubmixDefault'
[2025.06.21-10.48.59:721][799]LogAudioMixer: Display: Creating Master Submix 'MasterEQSubmixDefault'
[2025.06.21-10.48.59:721][799]LogAudioMixer: FMixerPlatformXAudio2::StartAudioStream() called
[2025.06.21-10.48.59:721][799]LogAudioMixer: Display: Output buffers initialized: Frames=1024, Channels=2, Samples=2048
[2025.06.21-10.48.59:722][799]LogAudioMixer: Display: Starting AudioMixerPlatformInterface::RunInternal()
[2025.06.21-10.48.59:722][799]LogAudioMixer: Display: FMixerPlatformXAudio2::SubmitBuffer() called for the first time
[2025.06.21-10.48.59:722][799]LogInit: FAudioDevice initialized.
[2025.06.21-10.48.59:722][799]LogAudio: Display: Audio Device (ID: 50) registered with world 'Dopusk'.
[2025.06.21-10.48.59:742][799]LogSlate: Updating window title bar state: overlay mode, drag disabled, window buttons hidden, title bar hidden
[2025.06.21-10.48.59:742][799]LogLoad: Game class is 'DopuskGamemode_C'
[2025.06.21-10.48.59:744][799]LogWorld: Bringing World /Game/Maps/UEDPIE_0_Dopusk.Dopusk up for play (max tick rate 60) at 2025.06.21-13.48.59
[2025.06.21-10.48.59:744][799]LogWorld: Bringing up level for play took: 0.000898
[2025.06.21-10.48.59:744][799]LogOnline: OSS: Creating online subsystem instance for: :Context_65
[2025.06.21-10.48.59:746][799]LogGameMode: FindPlayerStart: PATHS NOT DEFINED or NO PLAYERSTART with positive rating
[2025.06.21-10.48.59:747][799]LogViewport: Display: Viewport MouseCaptureMode Changed, CapturePermanently_IncludingInitialMouseDown -> CapturePermanently
[2025.06.21-10.48.59:748][799]PIE: Server logged in
[2025.06.21-10.48.59:748][799]PIE: Play in editor total start time 0.273 seconds.
[2025.06.21-10.49.15:362][732]LogSlate: Updating window title bar state: overlay mode, drag disabled, window buttons hidden, title bar hidden
[2025.06.21-10.49.15:362][732]LogWorld: BeginTearingDown for /Game/Maps/UEDPIE_0_Dopusk
[2025.06.21-10.49.15:362][732]LogSlate: Window 'task1 Preview [NetMode: Standalone]  (64-bit/Windows) ' being destroyed
[2025.06.21-10.49.15:373][732]LogWorld: UWorld::CleanupWorld for Dopusk, bSessionEnded=true, bCleanupResources=true
[2025.06.21-10.49.15:373][732]LogSlate: InvalidateAllWidgets triggered.  All widgets were invalidated
[2025.06.21-10.49.15:383][732]LogPlayLevel: Display: Shutting down PIE online subsystems
[2025.06.21-10.49.15:420][732]LogSlate: InvalidateAllWidgets triggered.  All widgets were invalidated
[2025.06.21-10.49.15:469][732]LogAudioMixer: FMixerPlatformXAudio2::StopAudioStream() called
[2025.06.21-10.49.15:470][732]LogAudioMixer: FMixerPlatformXAudio2::StopAudioStream() called
[2025.06.21-10.49.15:481][732]LogUObjectHash: Compacting FUObjectHashTables data took   4.20ms
[2025.06.21-10.49.15:502][733]LogPlayLevel: Display: Destroying online subsystem :Context_65
[2025.06.21-10.49.16:864][813]LogUObjectHash: Compacting FUObjectHashTables data took   2.93ms
[2025.06.21-10.49.16:908][813]Cmd: OBJ SAVEPACKAGE PACKAGE="/Game/Maps/Dopusk" FILE="../../../../../../Users/eghah/Desktop/diplom/task1/Content/Maps/Dopusk.umap" SILENT=true AUTOSAVING=false KEEPDIRTY=false
[2025.06.21-10.49.16:955][813]LogUObjectHash: Compacting FUObjectHashTables data took   0.66ms
[2025.06.21-10.49.16:965][813]LogSavePackage: Moving '../../../../../../Users/eghah/Desktop/diplom/task1/Saved/DopuskE5FACE8E4652910B1F59D4941C7D4F0F.tmp' to '../../../../../../Users/eghah/Desktop/diplom/task1/Content/Maps/Dopusk.umap'
[2025.06.21-10.49.16:970][813]LogFileHelpers: Saving map 'Dopusk' took 0.063
[2025.06.21-10.49.17:009][813]Cmd: OBJ SAVEPACKAGE PACKAGE="/Game/Dopuski/Stanok" FILE="../../../../../../Users/eghah/Desktop/diplom/task1/Content/Dopuski/Stanok.uasset" SILENT=true
[2025.06.21-10.49.17:067][813]LogSavePackage: Moving '../../../../../../Users/eghah/Desktop/diplom/task1/Saved/Stanok53152A764C81D7E6E710B296A19977DB.tmp' to '../../../../../../Users/eghah/Desktop/diplom/task1/Content/Dopuski/Stanok.uasset'
[2025.06.21-10.49.17:069][813]Cmd: OBJ SAVEPACKAGE PACKAGE="/Game/Dopuski/StanokPosUI" FILE="../../../../../../Users/eghah/Desktop/diplom/task1/Content/Dopuski/StanokPosUI.uasset" SILENT=true
[2025.06.21-10.49.17:098][813]LogSavePackage: Moving '../../../../../../Users/eghah/Desktop/diplom/task1/Saved/StanokPosUI81DCAFFB4D912FA31D9CC98ABDC9FE00.tmp' to '../../../../../../Users/eghah/Desktop/diplom/task1/Content/Dopuski/StanokPosUI.uasset'
[2025.06.21-10.49.17:112][813]AssetCheck: New page: Asset Save: multiple assets
[2025.06.21-10.49.17:112][813]LogContentValidation: Display: Validating Blueprint /Game/Dopuski/Stanok.Stanok
[2025.06.21-10.49.17:112][813]LogContentValidation: Display: Validating WidgetBlueprint /Game/Dopuski/StanokPosUI.StanokPosUI
[2025.06.21-10.49.17:113][813]LogContentValidation: Display: Validating World /Game/Maps/Dopusk.Dopusk
[2025.06.21-10.49.19:423][952]LogTemp: Repeating last play command: Selected Viewport
[2025.06.21-10.49.19:429][952]LogPlayLevel: PlayLevel: No blueprints needed recompiling
[2025.06.21-10.49.19:429][952]PIE: New page: PIE session: Dopusk (Jun 21, 2025, 4:49:19 PM)
[2025.06.21-10.49.19:429][952]LogPlayLevel: Creating play world package: /Game/Maps/UEDPIE_0_Dopusk
[2025.06.21-10.49.19:431][952]LogPlayLevel: PIE: StaticDuplicateObject took: (0.002009s)
[2025.06.21-10.49.19:432][952]LogAIModule: Creating AISystem for world Dopusk
[2025.06.21-10.49.19:432][952]LogPlayLevel: PIE: World Init took: (0.000862s)
[2025.06.21-10.49.19:432][952]LogPlayLevel: PIE: Created PIE world by copying editor world from /Game/Maps/Dopusk.Dopusk to /Game/Maps/UEDPIE_0_Dopusk.Dopusk (0.002954s)
[2025.06.21-10.49.19:463][952]LogUObjectHash: Compacting FUObjectHashTables data took   2.14ms
[2025.06.21-10.49.19:464][952]LogAudio: Display: Creating Audio Device:                 Id: 51, Scope: Unique, Realtime: True
[2025.06.21-10.49.19:464][952]LogAudioMixer: Display: Audio Mixer Platform Settings:
[2025.06.21-10.49.19:464][952]LogAudioMixer: Display: 	Sample Rate:						  48000
[2025.06.21-10.49.19:464][952]LogAudioMixer: Display: 	Callback Buffer Frame Size Requested: 1024
[2025.06.21-10.49.19:464][952]LogAudioMixer: Display: 	Callback Buffer Frame Size To Use:	  1024
[2025.06.21-10.49.19:464][952]LogAudioMixer: Display: 	Number of buffers to queue:			  2
[2025.06.21-10.49.19:464][952]LogAudioMixer: Display: 	Max Channels (voices):				  32
[2025.06.21-10.49.19:464][952]LogAudioMixer: Display: 	Number of Async Source Workers:		  0
[2025.06.21-10.49.19:464][952]LogAudio: Display: AudioDevice MaxSources: 32
[2025.06.21-10.49.19:464][952]LogAudio: Display: Audio Spatialization Plugin: None (built-in).
[2025.06.21-10.49.19:464][952]LogAudio: Display: Audio Reverb Plugin: None (built-in).
[2025.06.21-10.49.19:464][952]LogAudio: Display: Audio Occlusion Plugin: None (built-in).
[2025.06.21-10.49.19:464][952]LogAudioMixer: Display: Initializing audio mixer.
[2025.06.21-10.49.19:467][952]LogAudioMixer: Display: 0: FrontLeft
[2025.06.21-10.49.19:467][952]LogAudioMixer: Display: 1: FrontRight
[2025.06.21-10.49.19:589][952]LogAudioMixer: Display: Using Audio Device Speakers (Realtek(R) Audio)
[2025.06.21-10.49.19:589][952]LogAudioMixer: Display: Initializing Sound Submixes...
[2025.06.21-10.49.19:589][952]LogAudioMixer: Display: Creating Master Submix 'MasterSubmixDefault'
[2025.06.21-10.49.19:589][952]LogAudioMixer: Display: Creating Master Submix 'MasterReverbSubmixDefault'
[2025.06.21-10.49.19:589][952]LogAudioMixer: Display: Creating Master Submix 'MasterEQSubmixDefault'
[2025.06.21-10.49.19:590][952]LogAudioMixer: FMixerPlatformXAudio2::StartAudioStream() called
[2025.06.21-10.49.19:590][952]LogAudioMixer: Display: Output buffers initialized: Frames=1024, Channels=2, Samples=2048
[2025.06.21-10.49.19:591][952]LogAudioMixer: Display: Starting AudioMixerPlatformInterface::RunInternal()
[2025.06.21-10.49.19:591][952]LogAudioMixer: Display: FMixerPlatformXAudio2::SubmitBuffer() called for the first time
[2025.06.21-10.49.19:591][952]LogInit: FAudioDevice initialized.
[2025.06.21-10.49.19:591][952]LogAudio: Display: Audio Device (ID: 51) registered with world 'Dopusk'.
[2025.06.21-10.49.19:602][952]LogLoad: Game class is 'DopuskGamemode_C'
[2025.06.21-10.49.19:604][952]LogWorld: Bringing World /Game/Maps/UEDPIE_0_Dopusk.Dopusk up for play (max tick rate 60) at 2025.06.21-13.49.19
[2025.06.21-10.49.19:604][952]LogWorld: Bringing up level for play took: 0.000893
[2025.06.21-10.49.19:604][952]LogOnline: OSS: Creating online subsystem instance for: :Context_66
[2025.06.21-10.49.19:606][952]LogViewport: Display: Viewport MouseCaptureMode Changed, CapturePermanently_IncludingInitialMouseDown -> CapturePermanently
[2025.06.21-10.49.19:607][952]PIE: Server logged in
[2025.06.21-10.49.19:607][952]PIE: Play in editor total start time 0.18 seconds.
[2025.06.21-10.49.35:639][908]LogSlate: Updating window title bar state: overlay mode, drag disabled, window buttons hidden, title bar hidden
[2025.06.21-10.49.35:639][908]LogWorld: BeginTearingDown for /Game/Maps/UEDPIE_0_Dopusk
[2025.06.21-10.49.35:639][908]LogWorld: UWorld::CleanupWorld for Dopusk, bSessionEnded=true, bCleanupResources=true
[2025.06.21-10.49.35:640][908]LogSlate: InvalidateAllWidgets triggered.  All widgets were invalidated
[2025.06.21-10.49.35:656][908]LogPlayLevel: Display: Shutting down PIE online subsystems
[2025.06.21-10.49.35:711][908]LogSlate: InvalidateAllWidgets triggered.  All widgets were invalidated
[2025.06.21-10.49.35:751][908]LogAudio: Display: Audio Device unregistered from world 'None'.
[2025.06.21-10.49.35:752][908]LogAudioMixer: FMixerPlatformXAudio2::StopAudioStream() called
[2025.06.21-10.49.35:752][908]LogAudioMixer: FMixerPlatformXAudio2::StopAudioStream() called
[2025.06.21-10.49.35:753][908]LogSlate: Updating window title bar state: overlay mode, drag disabled, window buttons hidden, title bar hidden
[2025.06.21-10.49.35:757][908]LogUObjectHash: Compacting FUObjectHashTables data took   2.12ms
[2025.06.21-10.49.35:789][909]LogPlayLevel: Display: Destroying online subsystem :Context_66
[2025.06.21-10.49.41:728][262]LogTemp: Repeating last play command: Selected Viewport
[2025.06.21-10.49.41:733][262]LogPlayLevel: PlayLevel: No blueprints needed recompiling
[2025.06.21-10.49.41:733][262]PIE: New page: PIE session: Dopusk (Jun 21, 2025, 4:49:41 PM)
[2025.06.21-10.49.41:734][262]LogPlayLevel: Creating play world package: /Game/Maps/UEDPIE_0_Dopusk
[2025.06.21-10.49.41:737][262]LogPlayLevel: PIE: StaticDuplicateObject took: (0.002849s)
[2025.06.21-10.49.41:738][262]LogAIModule: Creating AISystem for world Dopusk
[2025.06.21-10.49.41:738][262]LogPlayLevel: PIE: World Init took: (0.001212s)
[2025.06.21-10.49.41:738][262]LogPlayLevel: PIE: Created PIE world by copying editor world from /Game/Maps/Dopusk.Dopusk to /Game/Maps/UEDPIE_0_Dopusk.Dopusk (0.004182s)
[2025.06.21-10.49.41:776][262]LogUObjectHash: Compacting FUObjectHashTables data took   1.95ms
[2025.06.21-10.49.41:778][262]LogAudio: Display: Creating Audio Device:                 Id: 52, Scope: Unique, Realtime: True
[2025.06.21-10.49.41:778][262]LogAudioMixer: Display: Audio Mixer Platform Settings:
[2025.06.21-10.49.41:778][262]LogAudioMixer: Display: 	Sample Rate:						  48000
[2025.06.21-10.49.41:778][262]LogAudioMixer: Display: 	Callback Buffer Frame Size Requested: 1024
[2025.06.21-10.49.41:778][262]LogAudioMixer: Display: 	Callback Buffer Frame Size To Use:	  1024
[2025.06.21-10.49.41:778][262]LogAudioMixer: Display: 	Number of buffers to queue:			  2
[2025.06.21-10.49.41:778][262]LogAudioMixer: Display: 	Max Channels (voices):				  32
[2025.06.21-10.49.41:778][262]LogAudioMixer: Display: 	Number of Async Source Workers:		  0
[2025.06.21-10.49.41:778][262]LogAudio: Display: AudioDevice MaxSources: 32
[2025.06.21-10.49.41:778][262]LogAudio: Display: Audio Spatialization Plugin: None (built-in).
[2025.06.21-10.49.41:778][262]LogAudio: Display: Audio Reverb Plugin: None (built-in).
[2025.06.21-10.49.41:778][262]LogAudio: Display: Audio Occlusion Plugin: None (built-in).
[2025.06.21-10.49.41:778][262]LogAudioMixer: Display: Initializing audio mixer.
[2025.06.21-10.49.41:782][262]LogAudioMixer: Display: 0: FrontLeft
[2025.06.21-10.49.41:782][262]LogAudioMixer: Display: 1: FrontRight
[2025.06.21-10.49.41:901][262]LogAudioMixer: Display: Using Audio Device Speakers (Realtek(R) Audio)
[2025.06.21-10.49.41:901][262]LogAudioMixer: Display: Initializing Sound Submixes...
[2025.06.21-10.49.41:901][262]LogAudioMixer: Display: Creating Master Submix 'MasterSubmixDefault'
[2025.06.21-10.49.41:901][262]LogAudioMixer: Display: Creating Master Submix 'MasterReverbSubmixDefault'
[2025.06.21-10.49.41:901][262]LogAudioMixer: Display: Creating Master Submix 'MasterEQSubmixDefault'
[2025.06.21-10.49.41:901][262]LogAudioMixer: FMixerPlatformXAudio2::StartAudioStream() called
[2025.06.21-10.49.41:901][262]LogAudioMixer: Display: Output buffers initialized: Frames=1024, Channels=2, Samples=2048
[2025.06.21-10.49.41:902][262]LogAudioMixer: Display: Starting AudioMixerPlatformInterface::RunInternal()
[2025.06.21-10.49.41:902][262]LogAudioMixer: Display: FMixerPlatformXAudio2::SubmitBuffer() called for the first time
[2025.06.21-10.49.41:902][262]LogInit: FAudioDevice initialized.
[2025.06.21-10.49.41:902][262]LogAudio: Display: Audio Device (ID: 52) registered with world 'Dopusk'.
[2025.06.21-10.49.41:908][262]LogLoad: Game class is 'DopuskGamemode_C'
[2025.06.21-10.49.41:910][262]LogWorld: Bringing World /Game/Maps/UEDPIE_0_Dopusk.Dopusk up for play (max tick rate 60) at 2025.06.21-13.49.41
[2025.06.21-10.49.41:910][262]LogWorld: Bringing up level for play took: 0.000824
[2025.06.21-10.49.41:910][262]LogOnline: OSS: Creating online subsystem instance for: :Context_67
[2025.06.21-10.49.41:912][262]LogViewport: Display: Viewport MouseCaptureMode Changed, CapturePermanently_IncludingInitialMouseDown -> CapturePermanently
[2025.06.21-10.49.41:913][262]PIE: Server logged in
[2025.06.21-10.49.41:913][262]PIE: Play in editor total start time 0.18 seconds.
[2025.06.21-10.49.44:194][398]Cmd: LevelEditor.ToggleImmersive
[2025.06.21-10.49.44:292][399]LogRenderer: Reallocating scene render targets to support 1284x784 Format 10 NumSamples 1 (Frame:138).
[2025.06.21-10.49.44:334][400]LogRenderer: Reallocating scene render targets to support 1532x816 Format 10 NumSamples 1 (Frame:140).
[2025.06.21-10.49.44:384][401]LogRenderer: Reallocating scene render targets to support 1540x820 Format 10 NumSamples 1 (Frame:142).
[2025.06.21-10.51.27:499][407]LogSlate: Updating window title bar state: overlay mode, drag disabled, window buttons hidden, title bar hidden
[2025.06.21-10.51.27:500][407]LogWorld: BeginTearingDown for /Game/Maps/UEDPIE_0_Dopusk
[2025.06.21-10.51.27:500][407]LogWorld: UWorld::CleanupWorld for Dopusk, bSessionEnded=true, bCleanupResources=true
[2025.06.21-10.51.27:501][407]LogSlate: InvalidateAllWidgets triggered.  All widgets were invalidated
[2025.06.21-10.51.27:523][407]LogPlayLevel: Display: Shutting down PIE online subsystems
[2025.06.21-10.51.27:574][407]LogSlate: InvalidateAllWidgets triggered.  All widgets were invalidated
[2025.06.21-10.51.27:614][407]LogSlate: Updating window title bar state: overlay mode, drag disabled, window buttons hidden, title bar hidden
[2025.06.21-10.51.27:614][407]LogAudioMixer: FMixerPlatformXAudio2::StopAudioStream() called
[2025.06.21-10.51.27:617][407]LogAudioMixer: FMixerPlatformXAudio2::StopAudioStream() called
[2025.06.21-10.51.27:623][407]LogUObjectHash: Compacting FUObjectHashTables data took   2.98ms
[2025.06.21-10.51.27:636][408]LogPlayLevel: Display: Destroying online subsystem :Context_67
[2025.06.21-10.51.27:639][408]LogRenderer: Reallocating scene render targets to support 1924x1024 Format 10 NumSamples 1 (Frame:12522).
[2025.06.21-10.51.28:350][449]Cmd: SELECT NONE
[2025.06.21-10.51.32:714][702]LogUObjectHash: Compacting FUObjectHashTables data took   3.05ms
[2025.06.21-10.51.32:732][702]LogWorld: UWorld::CleanupWorld for World_2, bSessionEnded=true, bCleanupResources=true
[2025.06.21-10.51.32:732][702]LogSlate: InvalidateAllWidgets triggered.  All widgets were invalidated
[2025.06.21-10.51.32:798][702]LogWorld: UWorld::CleanupWorld for World_7, bSessionEnded=true, bCleanupResources=true
[2025.06.21-10.51.32:798][702]LogSlate: InvalidateAllWidgets triggered.  All widgets were invalidated
[2025.06.21-10.51.32:807][702]LogWorld: UWorld::CleanupWorld for World_6, bSessionEnded=true, bCleanupResources=true
[2025.06.21-10.51.32:807][702]LogSlate: InvalidateAllWidgets triggered.  All widgets were invalidated
[2025.06.21-10.51.32:840][702]LogActorComponent: UnregisterComponent: (/Engine/Transient.EditorFloorComp) Not registered. Aborting.
[2025.06.21-10.51.32:840][702]LogWorld: UWorld::CleanupWorld for World_9, bSessionEnded=true, bCleanupResources=true
[2025.06.21-10.51.32:840][702]LogSlate: InvalidateAllWidgets triggered.  All widgets were invalidated
[2025.06.21-10.51.32:880][702]LogActorComponent: UnregisterComponent: (/Engine/Transient.EditorFloorComp) Not registered. Aborting.
[2025.06.21-10.51.32:880][702]LogWorld: UWorld::CleanupWorld for World_19, bSessionEnded=true, bCleanupResources=true
[2025.06.21-10.51.32:880][702]LogSlate: InvalidateAllWidgets triggered.  All widgets were invalidated
[2025.06.21-10.51.32:946][702]LogSlate: Window 'task1 - Unreal Editor' being destroyed
[2025.06.21-10.51.33:128][703]Cmd: QUIT_EDITOR
[2025.06.21-10.51.33:128][703]LogCore: Engine exit requested (reason: UUnrealEdEngine::CloseEditor())
[2025.06.21-10.51.33:131][703]LogCore: Engine exit requested (reason: EngineExit() was called; note: exit was already requested)
[2025.06.21-10.51.33:421][703]LogAudio: Display: Beginning Audio Device Manager Shutdown (Module: AudioMixerXAudio2)...
[2025.06.21-10.51.33:421][703]LogAudio: Display: Destroying 1 Remaining Audio Device(s)...
[2025.06.21-10.51.33:421][703]LogAudio: Display: Audio Device unregistered from world 'Dopusk'.
[2025.06.21-10.51.33:421][703]LogAudioMixer: FMixerPlatformXAudio2::StopAudioStream() called
[2025.06.21-10.51.33:423][703]LogAudioMixer: FMixerPlatformXAudio2::StopAudioStream() called
[2025.06.21-10.51.33:431][703]LogAudio: Display: Audio Device Manager Shutdown
[2025.06.21-10.51.33:435][703]LogWindowsTextInputMethodSystem: Display: IME system deactivated.
[2025.06.21-10.51.33:451][703]LogExit: Preparing to exit.
[2025.06.21-10.51.34:521][703]LogUObjectHash: Compacting FUObjectHashTables data took   7.10ms
[2025.06.21-10.51.34:754][703]LogWorld: UWorld::CleanupWorld for World_0, bSessionEnded=true, bCleanupResources=true
[2025.06.21-10.51.34:760][703]LogWorld: UWorld::CleanupWorld for World_1, bSessionEnded=true, bCleanupResources=true
[2025.06.21-10.51.34:765][703]LogWorld: UWorld::CleanupWorld for World_3, bSessionEnded=true, bCleanupResources=true
[2025.06.21-10.51.34:770][703]LogWorld: UWorld::CleanupWorld for World_4, bSessionEnded=true, bCleanupResources=true
[2025.06.21-10.51.34:889][703]LogDemo: Cleaned up 0 splitscreen connections with owner deletion
[2025.06.21-10.51.34:911][703]LogWorld: UWorld::CleanupWorld for None, bSessionEnded=true, bCleanupResources=true
[2025.06.21-10.51.34:911][703]LogExit: Editor shut down
[2025.06.21-10.51.34:915][703]LogExit: Transaction tracking system shut down
[2025.06.21-10.51.35:421][703]LogExit: Object subsystem successfully closed.
[2025.06.21-10.51.35:498][703]LogShaderCompilers: Display: === FShaderJobCache stats ===
[2025.06.21-10.51.35:498][703]LogShaderCompilers: Display: Total job queries 0, among them cache hits 0 (0.00%)
[2025.06.21-10.51.35:498][703]LogShaderCompilers: Display: Tracking 0 distinct input hashes that result in 0 distinct outputs (0.00%)
[2025.06.21-10.51.35:498][703]LogShaderCompilers: Display: RAM used: 0.00 MB (0.00 GB) of 819.20 MB (0.80 GB) budget. Usage: 0.00%
[2025.06.21-10.51.35:498][703]LogShaderCompilers: Display: ================================================
[2025.06.21-10.51.35:521][703]LogShaderCompilers: Display: Shaders left to compile 0
[2025.06.21-10.51.35:657][703]LogModuleManager: Shutting down and abandoning module SequencerWidgets (882)
[2025.06.21-10.51.35:657][703]LogModuleManager: Shutting down and abandoning module BlueprintGraph (880)
[2025.06.21-10.51.35:657][703]LogModuleManager: Shutting down and abandoning module MovieSceneCapture (878)
[2025.06.21-10.51.35:657][703]LogModuleManager: Shutting down and abandoning module Voice (876)
[2025.06.21-10.51.35:657][703]LogModuleManager: Shutting down and abandoning module HierarchicalLODOutliner (874)
[2025.06.21-10.51.35:658][703]LogModuleManager: Shutting down and abandoning module SceneOutliner (872)
[2025.06.21-10.51.35:658][703]LogModuleManager: Shutting down and abandoning module AddContentDialog (870)
[2025.06.21-10.51.35:662][703]LogModuleManager: Shutting down and abandoning module WidgetCarousel (869)
[2025.06.21-10.51.35:662][703]LogModuleManager: Shutting down and abandoning module EditorWidgets (866)
[2025.06.21-10.51.35:662][703]LogModuleManager: Shutting down and abandoning module StatsViewer (864)
[2025.06.21-10.51.35:662][703]LogModuleManager: Shutting down and abandoning module PIEPreviewDeviceProfileSelector (862)
[2025.06.21-10.51.35:662][703]LogModuleManager: Shutting down and abandoning module SequenceRecorderSections (860)
[2025.06.21-10.51.35:662][703]LogModuleManager: Shutting down and abandoning module AutomationWorker (858)
[2025.06.21-10.51.35:662][703]LogModuleManager: Shutting down and abandoning module SteamVREditor (856)
[2025.06.21-10.51.35:662][703]LogModuleManager: Shutting down and abandoning module OculusMR (854)
[2025.06.21-10.51.35:662][703]LogModuleManager: Shutting down and abandoning module TakeRecorderSources (852)
[2025.06.21-10.51.35:663][703]LogModuleManager: Shutting down and abandoning module TakeRecorder (851)
[2025.06.21-10.51.35:663][703]LogModuleManager: Shutting down and abandoning module TakeTrackRecorders (848)
[2025.06.21-10.51.35:663][703]LogModuleManager: Shutting down and abandoning module TakesCore (846)
[2025.06.21-10.51.35:663][703]LogModuleManager: Shutting down and abandoning module OpenXRInput (844)
[2025.06.21-10.51.35:663][703]LogModuleManager: Shutting down and abandoning module GooglePADEditor (842)
[2025.06.21-10.51.35:663][703]LogModuleManager: Shutting down and abandoning module AudioCaptureEditor (840)
[2025.06.21-10.51.35:663][703]LogModuleManager: Shutting down and abandoning module ActorSequenceEditor (838)
[2025.06.21-10.51.35:663][703]LogModuleManager: Shutting down and abandoning module MatineeToLevelSequence (836)
[2025.06.21-10.51.35:663][703]LogModuleManager: Shutting down and abandoning module TemplateSequenceEditor (834)
[2025.06.21-10.51.35:663][703]LogModuleManager: Shutting down and abandoning module LevelSequenceEditor (832)
[2025.06.21-10.51.35:663][703]LogModuleManager: Shutting down and abandoning module MediaPlayerEditor (830)
[2025.06.21-10.51.35:663][703]LogModuleManager: Shutting down and abandoning module WmfMediaFactory (828)
[2025.06.21-10.51.35:663][703]LogModuleManager: Shutting down and abandoning module WmfMediaEditor (826)
[2025.06.21-10.51.35:663][703]LogModuleManager: Shutting down and abandoning module WebMMediaFactory (824)
[2025.06.21-10.51.35:663][703]LogModuleManager: Shutting down and abandoning module WebMMediaEditor (822)
[2025.06.21-10.51.35:663][703]LogModuleManager: Shutting down and abandoning module WebMMedia (820)
[2025.06.21-10.51.35:663][703]LogModuleManager: Shutting down and abandoning module OpenExrWrapper (818)
[2025.06.21-10.51.35:663][703]LogModuleManager: Shutting down and abandoning module ImgMediaFactory (816)
[2025.06.21-10.51.35:663][703]LogModuleManager: Shutting down and abandoning module ImgMediaEditor (814)
[2025.06.21-10.51.35:663][703]LogModuleManager: Shutting down and abandoning module MediaCompositingEditor (812)
[2025.06.21-10.51.35:663][703]LogModuleManager: Shutting down and abandoning module SequenceRecorder (811)
[2025.06.21-10.51.35:663][703]LogModuleManager: Shutting down and abandoning module AvfMediaFactory (808)
[2025.06.21-10.51.35:663][703]LogModuleManager: Shutting down and abandoning module AvfMediaEditor (806)
[2025.06.21-10.51.35:663][703]LogModuleManager: Shutting down and abandoning module AndroidMediaFactory (804)
[2025.06.21-10.51.35:663][703]LogModuleManager: Shutting down and abandoning module AndroidMediaEditor (802)
[2025.06.21-10.51.35:663][703]LogModuleManager: Shutting down and abandoning module MagicLeapMediaCodecFactory (800)
[2025.06.21-10.51.35:664][703]LogModuleManager: Shutting down and abandoning module MagicLeapMediaFactory (798)
[2025.06.21-10.51.35:664][703]LogModuleManager: Shutting down and abandoning module MagicLeapMediaEditor (796)
[2025.06.21-10.51.35:664][703]LogModuleManager: Shutting down and abandoning module PlanarCut (794)
[2025.06.21-10.51.35:664][703]LogModuleManager: Shutting down and abandoning module CharacterAI (792)
[2025.06.21-10.51.35:664][703]LogModuleManager: Shutting down and abandoning module TextureAlignMode (790)
[2025.06.21-10.51.35:664][703]LogModuleManager: Shutting down and abandoning module BspMode (788)
[2025.06.21-10.51.35:664][703]LogModuleManager: Shutting down and abandoning module GeometryMode (786)
[2025.06.21-10.51.35:664][703]LogModuleManager: Shutting down and abandoning module CameraShakePreviewer (784)
[2025.06.21-10.51.35:664][703]LogModuleManager: Shutting down and abandoning module SmartSnapping (782)
[2025.06.21-10.51.35:664][703]LogModuleManager: Shutting down and abandoning module SessionServices (780)
[2025.06.21-10.51.35:664][703]LogModuleManager: Shutting down and abandoning module MeshPaint (778)
[2025.06.21-10.51.35:664][703]LogModuleManager: Shutting down and abandoning module VirtualTexturingEditor (776)
[2025.06.21-10.51.35:664][703]LogModuleManager: Shutting down and abandoning module FoliageEdit (774)
[2025.06.21-10.51.35:664][703]LogModuleManager: Shutting down and abandoning module LandscapeEditor (772)
[2025.06.21-10.51.35:664][703]LogModuleManager: Shutting down and abandoning module MeshPaintMode (770)
[2025.06.21-10.51.35:664][703]LogModuleManager: Shutting down and abandoning module SceneDepthPickerMode (768)
[2025.06.21-10.51.35:664][703]LogModuleManager: Shutting down and abandoning module ActorPickerMode (766)
[2025.06.21-10.51.35:664][703]LogModuleManager: Shutting down and abandoning module PlacementMode (764)
[2025.06.21-10.51.35:664][703]LogModuleManager: Shutting down and abandoning module ViewportSnapping (762)
[2025.06.21-10.51.35:664][703]LogModuleManager: Shutting down and abandoning module ViewportInteraction (760)
[2025.06.21-10.51.35:664][703]LogModuleManager: Shutting down and abandoning module ClothPainter (758)
[2025.06.21-10.51.35:664][703]LogModuleManager: Shutting down and abandoning module SkeletalMeshEditor (757)
[2025.06.21-10.51.35:664][703]LogModuleManager: Shutting down and abandoning module LogVisualizer (754)
[2025.06.21-10.51.35:665][703]LogModuleManager: Shutting down and abandoning module IntroTutorials (752)
[2025.06.21-10.51.35:665][703]LogModuleManager: Shutting down and abandoning module GameProjectGeneration (751)
[2025.06.21-10.51.35:665][703]LogModuleManager: Shutting down and abandoning module LuminPlatformEditor (748)
[2025.06.21-10.51.35:665][703]LogModuleManager: Shutting down and abandoning module IOSPlatformEditor (746)
[2025.06.21-10.51.35:665][703]LogModuleManager: Shutting down and abandoning module AndroidPlatformEditor (744)
[2025.06.21-10.51.35:665][703]LogModuleManager: Shutting down and abandoning module AndroidDeviceDetection (743)
[2025.06.21-10.51.36:377][703]LogModuleManager: Shutting down and abandoning module WindowsPlatformEditor (740)
[2025.06.21-10.51.36:377][703]LogModuleManager: Shutting down and abandoning module LuminRuntimeSettings (738)
[2025.06.21-10.51.36:377][703]LogModuleManager: Shutting down and abandoning module IOSRuntimeSettings (736)
[2025.06.21-10.51.36:377][703]LogModuleManager: Shutting down and abandoning module AndroidRuntimeSettings (734)
[2025.06.21-10.51.36:377][703]LogModuleManager: Shutting down and abandoning module TraceInsights (732)
[2025.06.21-10.51.36:378][703]MemoryProfiler: Shutdown
[2025.06.21-10.51.36:378][703]NetworkingProfiler: Shutdown
[2025.06.21-10.51.36:379][703]LoadingProfiler: Shutdown
[2025.06.21-10.51.36:379][703]TimingProfiler: Shutdown
[2025.06.21-10.51.36:379][703]LogModuleManager: Shutting down and abandoning module TraceServices (731)
[2025.06.21-10.51.36:379][703]LogModuleManager: Shutting down and abandoning module EditorInteractiveToolsFramework (728)
[2025.06.21-10.51.36:379][703]LogModuleManager: Shutting down and abandoning module TimeManagementEditor (726)
[2025.06.21-10.51.36:379][703]LogModuleManager: Shutting down and abandoning module InputBindingEditor (724)
[2025.06.21-10.51.36:379][703]LogModuleManager: Shutting down and abandoning module MergeActors (722)
[2025.06.21-10.51.36:379][703]LogModuleManager: Shutting down and abandoning module LocalizationDashboard (720)
[2025.06.21-10.51.36:379][703]LogModuleManager: Shutting down and abandoning module LocalizationService (719)
[2025.06.21-10.51.36:379][703]LogModuleManager: Shutting down and abandoning module HardwareTargeting (716)
[2025.06.21-10.51.36:379][703]LogModuleManager: Shutting down and abandoning module DeviceProfileEditor (714)
[2025.06.21-10.51.36:379][703]LogModuleManager: Shutting down and abandoning module UndoHistory (712)
[2025.06.21-10.51.36:379][703]LogModuleManager: Shutting down and abandoning module XmlParser (710)
[2025.06.21-10.51.36:379][703]LogModuleManager: Shutting down and abandoning module Blutility (708)
[2025.06.21-10.51.36:379][703]LogModuleManager: Shutting down and abandoning module ProjectSettingsViewer (706)
[2025.06.21-10.51.36:379][703]LogModuleManager: Shutting down and abandoning module ProjectTargetPlatformEditor (705)
[2025.06.21-10.51.36:379][703]LogModuleManager: Shutting down and abandoning module EditorSettingsViewer (702)
[2025.06.21-10.51.36:379][703]LogModuleManager: Shutting down and abandoning module InternationalizationSettings (701)
[2025.06.21-10.51.36:380][703]LogModuleManager: Shutting down and abandoning module SettingsEditor (698)
[2025.06.21-10.51.36:380][703]LogModuleManager: Shutting down and abandoning module ProjectLauncher (696)
[2025.06.21-10.51.36:380][703]LogModuleManager: Shutting down and abandoning module SessionFrontend (694)
[2025.06.21-10.51.36:380][703]LogModuleManager: Shutting down and abandoning module ProfilerClient (692)
[2025.06.21-10.51.36:380][703]LogModuleManager: Shutting down and abandoning module DeviceManager (690)
[2025.06.21-10.51.36:380][703]LogModuleManager: Shutting down and abandoning module TargetDeviceServices (689)
[2025.06.21-10.51.36:414][703]LogModuleManager: Shutting down and abandoning module AutomationController (686)
[2025.06.21-10.51.36:414][703]LogModuleManager: Shutting down and abandoning module AutomationWindow (684)
[2025.06.21-10.51.36:414][703]LogModuleManager: Shutting down and abandoning module Layers (682)
[2025.06.21-10.51.36:414][703]LogModuleManager: Shutting down and abandoning module ComponentVisualizers (680)
[2025.06.21-10.51.36:414][703]LogModuleManager: Shutting down and abandoning module DetailCustomizations (678)
[2025.06.21-10.51.36:414][703]LogModuleManager: Shutting down and abandoning module PackagesDialog (676)
[2025.06.21-10.51.36:415][703]LogModuleManager: Shutting down and abandoning module AnimationBlueprintEditor (674)
[2025.06.21-10.51.36:415][703]LogModuleManager: Shutting down and abandoning module Persona (672)
[2025.06.21-10.51.36:415][703]LogModuleManager: Shutting down and abandoning module AdvancedPreviewScene (671)
[2025.06.21-10.51.36:415][703]LogModuleManager: Shutting down and abandoning module AnimGraph (669)
[2025.06.21-10.51.36:415][703]LogModuleManager: Shutting down and abandoning module Kismet (666)
[2025.06.21-10.51.36:432][703]LogModuleManager: Shutting down and abandoning module KismetWidgets (665)
[2025.06.21-10.51.36:432][703]LogModuleManager: Shutting down and abandoning module GraphEditor (662)
[2025.06.21-10.51.36:432][703]LogModuleManager: Shutting down and abandoning module StructViewer (660)
[2025.06.21-10.51.36:432][703]LogModuleManager: Shutting down and abandoning module ClassViewer (658)
[2025.06.21-10.51.36:436][703]LogModuleManager: Shutting down and abandoning module Toolbox (656)
[2025.06.21-10.51.36:436][703]LogModuleManager: Shutting down and abandoning module ModuleUI (654)
[2025.06.21-10.51.36:436][703]LogModuleManager: Shutting down and abandoning module OutputLog (652)
[2025.06.21-10.51.36:440][703]LogModuleManager: Shutting down and abandoning module GammaUI (650)
[2025.06.21-10.51.36:440][703]LogModuleManager: Shutting down and abandoning module Documentation (648)
[2025.06.21-10.51.36:440][703]LogModuleManager: Shutting down and abandoning module LiveCoding (646)
[2025.06.21-10.51.36:440][703]LogModuleManager: Shutting down and abandoning module LevelSequence (644)
[2025.06.21-10.51.36:440][703]LogModuleManager: Shutting down and abandoning module MovieSceneTracks (642)
[2025.06.21-10.51.36:440][703]LogModuleManager: Shutting down and abandoning module MovieScene (640)
[2025.06.21-10.51.36:441][703]LogModuleManager: Shutting down and abandoning module StreamingPauseRendering (638)
[2025.06.21-10.51.36:441][703]LogModuleManager: Shutting down and abandoning module LauncherPlatform (636)
[2025.06.21-10.51.36:441][703]LogModuleManager: Shutting down and abandoning module AnalyticsET (634)
[2025.06.21-10.51.36:441][703]LogModuleManager: Shutting down and abandoning module PortalServices (632)
[2025.06.21-10.51.36:441][703]LogModuleManager: Shutting down and abandoning module PortalRpc (630)
[2025.06.21-10.51.36:441][703]LogModuleManager: Shutting down and abandoning module MessagingRpc (628)
[2025.06.21-10.51.36:441][703]LogModuleManager: Shutting down and abandoning module AudioMixerXAudio2 (626)
[2025.06.21-10.51.36:441][703]LogModuleManager: Shutting down and abandoning module AudioMixerCore (625)
[2025.06.21-10.51.36:441][703]LogModuleManager: Shutting down and abandoning module AIModule (622)
[2025.06.21-10.51.36:442][703]LogModuleManager: Shutting down and abandoning module GameplayDebugger (621)
[2025.06.21-10.51.36:442][703]LogModuleManager: Shutting down and abandoning module AITestSuite (619)
[2025.06.21-10.51.36:442][703]LogModuleManager: Shutting down and abandoning module NavigationSystem (617)
[2025.06.21-10.51.36:442][703]LogModuleManager: Shutting down and abandoning module ImageWriteQueue (614)
[2025.06.21-10.51.36:453][703]LogModuleManager: Shutting down and abandoning module ProfilerService (612)
[2025.06.21-10.51.36:595][703]LogModuleManager: Shutting down and abandoning module TaskGraph (610)
[2025.06.21-10.51.36:596][703]LogModuleManager: Shutting down and abandoning module AudioSynesthesiaEditor (608)
[2025.06.21-10.51.36:596][703]LogModuleManager: Shutting down and abandoning module OculusEditor (606)
[2025.06.21-10.51.36:596][703]LogModuleManager: Shutting down and abandoning module OculusInput (604)
[2025.06.21-10.51.36:596][703]LogModuleManager: Shutting down and abandoning module ContentBrowserFileDataSource (602)
[2025.06.21-10.51.36:596][703]LogModuleManager: Shutting down and abandoning module ContentBrowserClassDataSource (600)
[2025.06.21-10.51.36:596][703]LogModuleManager: Shutting down and abandoning module ContentBrowserAssetDataSource (598)
[2025.06.21-10.51.36:596][703]LogModuleManager: Shutting down and abandoning module CollectionManager (597)
[2025.06.21-10.51.36:597][703]LogModuleManager: Shutting down and abandoning module LiveLinkSequencer (594)
[2025.06.21-10.51.36:598][703]LogModuleManager: Shutting down and abandoning module LiveLinkMovieScene (592)
[2025.06.21-10.51.36:598][703]LogModuleManager: Shutting down and abandoning module LiveLinkGraphNode (590)
[2025.06.21-10.51.36:598][703]LogModuleManager: Shutting down and abandoning module LiveLinkEditor (588)
[2025.06.21-10.51.36:598][703]LogModuleManager: Shutting down and abandoning module LiveLinkComponents (586)
[2025.06.21-10.51.36:598][703]LogModuleManager: Shutting down and abandoning module LiveLink (584)
[2025.06.21-10.51.37:058][703]LogModuleManager: Shutting down and abandoning module ScreenshotTools (582)
[2025.06.21-10.51.37:058][703]LogModuleManager: Shutting down and abandoning module SynthesisEditor (580)
[2025.06.21-10.51.37:058][703]LogModuleManager: Shutting down and abandoning module Synthesis (578)
[2025.06.21-10.51.37:058][703]LogModuleManager: Shutting down and abandoning module ProceduralMeshComponentEditor (576)
[2025.06.21-10.51.37:058][703]LogModuleManager: Shutting down and abandoning module ProceduralMeshComponent (574)
[2025.06.21-10.51.37:058][703]LogModuleManager: Shutting down and abandoning module TakeSequencer (572)
[2025.06.21-10.51.37:058][703]LogModuleManager: Shutting down and abandoning module TakeMovieScene (570)
[2025.06.21-10.51.37:058][703]LogModuleManager: Shutting down and abandoning module MobilePatchingUtils (568)
[2025.06.21-10.51.37:058][703]LogModuleManager: Shutting down and abandoning module OpenXREditor (566)
[2025.06.21-10.51.37:058][703]LogModuleManager: Shutting down and abandoning module GooglePAD (564)
[2025.06.21-10.51.37:058][703]LogModuleManager: Shutting down and abandoning module EditableMesh (562)
[2025.06.21-10.51.37:058][703]LogModuleManager: Shutting down and abandoning module CableComponent (560)
[2025.06.21-10.51.37:058][703]LogModuleManager: Shutting down and abandoning module CustomMeshComponent (558)
[2025.06.21-10.51.37:058][703]LogModuleManager: Shutting down and abandoning module AudioCapture (556)
[2025.06.21-10.51.37:058][703]LogModuleManager: Shutting down and abandoning module AudioCaptureRtAudio (555)
[2025.06.21-10.51.37:058][703]LogModuleManager: Shutting down and abandoning module ArchVisCharacter (552)
[2025.06.21-10.51.37:058][703]LogModuleManager: Shutting down and abandoning module AssetTags (550)
[2025.06.21-10.51.37:058][703]LogModuleManager: Shutting down and abandoning module AppleImageUtilsBlueprintSupport (548)
[2025.06.21-10.51.37:058][703]LogModuleManager: Shutting down and abandoning module AppleImageUtils (546)
[2025.06.21-10.51.37:058][703]LogModuleManager: Shutting down and abandoning module AndroidPermission (544)
[2025.06.21-10.51.37:058][703]LogModuleManager: Shutting down and abandoning module ActorLayerUtilitiesEditor (542)
[2025.06.21-10.51.37:058][703]LogModuleManager: Shutting down and abandoning module ActorLayerUtilities (540)
[2025.06.21-10.51.37:058][703]LogModuleManager: Shutting down and abandoning module TemplateSequence (538)
[2025.06.21-10.51.37:058][703]LogModuleManager: Shutting down and abandoning module ImgMedia (536)
[2025.06.21-10.51.37:058][703]LogModuleManager: Shutting down and abandoning module MediaCompositing (534)
[2025.06.21-10.51.37:058][703]LogModuleManager: Shutting down and abandoning module MagicLeapLightEstimation (532)
[2025.06.21-10.51.37:058][703]LogModuleManager: Shutting down and abandoning module NiagaraEditorWidgets (530)
[2025.06.21-10.51.37:059][703]LogModuleManager: Shutting down and abandoning module MagicLeapSharedWorld (528)
[2025.06.21-10.51.37:059][703]LogModuleManager: Shutting down and abandoning module MagicLeapHelperVulkan (526)
[2025.06.21-10.51.37:059][703]LogModuleManager: Shutting down and abandoning module MagicLeapHelperOpenGL (524)
[2025.06.21-10.51.37:059][703]LogModuleManager: Shutting down and abandoning module MagicLeapAudio (522)
[2025.06.21-10.51.37:059][703]LogModuleManager: Shutting down and abandoning module MotoSynthEditor (520)
[2025.06.21-10.51.37:059][703]LogModuleManager: Shutting down and abandoning module MotoSynth (518)
[2025.06.21-10.51.37:059][703]LogModuleManager: Shutting down and abandoning module OpenImageDenoise (516)
[2025.06.21-10.51.37:059][703]LogOpenImageDenoise: OIDN shutting down
[2025.06.21-10.51.37:059][703]LogModuleManager: Shutting down and abandoning module GeometryCacheTracks (514)
[2025.06.21-10.51.37:059][703]LogModuleManager: Shutting down and abandoning module GeometryCacheStreamer (512)
[2025.06.21-10.51.37:059][703]LogModuleManager: Shutting down and abandoning module GeometryCacheSequencer (510)
[2025.06.21-10.51.37:059][703]LogModuleManager: Shutting down and abandoning module MeshConversion (508)
[2025.06.21-10.51.37:059][703]LogModuleManager: Shutting down and abandoning module DynamicMesh (506)
[2025.06.21-10.51.37:059][703]LogModuleManager: Shutting down and abandoning module GeometryAlgorithms (504)
[2025.06.21-10.51.37:059][703]LogModuleManager: Shutting down and abandoning module GeometricObjects (502)
[2025.06.21-10.51.37:059][703]LogModuleManager: Shutting down and abandoning module GeometryCollectionTracks (500)
[2025.06.21-10.51.37:060][703]LogModuleManager: Shutting down and abandoning module GeometryCollectionSequencer (499)
[2025.06.21-10.51.37:060][703]LogModuleManager: Shutting down and abandoning module GeometryCollectionEditor (496)
[2025.06.21-10.51.37:060][703]LogModuleManager: Shutting down and abandoning module ChaosSolverEditor (494)
[2025.06.21-10.51.37:060][703]LogModuleManager: Shutting down and abandoning module BackChannel (492)
[2025.06.21-10.51.37:060][703]LogModuleManager: Shutting down and abandoning module FractureEditor (490)
[2025.06.21-10.51.37:060][703]LogModuleManager: Shutting down and abandoning module ChaosNiagara (488)
[2025.06.21-10.51.37:060][703]LogModuleManager: Shutting down and abandoning module FieldSystemEngine (487)
[2025.06.21-10.51.37:060][703]LogModuleManager: Shutting down and abandoning module ChaosClothEditor (484)
[2025.06.21-10.51.37:060][703]LogModuleManager: Shutting down and abandoning module VariantManagerContentEditor (482)
[2025.06.21-10.51.37:060][703]LogModuleManager: Shutting down and abandoning module AutomationUtilsEditor (480)
[2025.06.21-10.51.37:060][703]LogModuleManager: Shutting down and abandoning module AutomationUtils (478)
[2025.06.21-10.51.37:060][703]LogModuleManager: Shutting down and abandoning module AlembicImporter (476)
[2025.06.21-10.51.37:060][703]LogModuleManager: Shutting down and abandoning module AlembicLibrary (475)
[2025.06.21-10.51.37:060][703]LogModuleManager: Shutting down and abandoning module GeometryCache (474)
[2025.06.21-10.51.37:060][703]LogModuleManager: Shutting down and abandoning module GeometryCacheEd (473)
[2025.06.21-10.51.37:060][703]LogModuleManager: Shutting down and abandoning module DatasmithContentEditor (468)
[2025.06.21-10.51.37:060][703]LogModuleManager: Shutting down and abandoning module PluginBrowser (466)
[2025.06.21-10.51.37:060][703]LogModuleManager: Shutting down and abandoning module SpeedTreeImporter (464)
[2025.06.21-10.51.37:060][703]LogModuleManager: Shutting down and abandoning module MobileLauncherProfileWizard (462)
[2025.06.21-10.51.37:060][703]LogModuleManager: Shutting down and abandoning module VisualStudioCodeSourceCodeAccess (460)
[2025.06.21-10.51.37:060][703]LogModuleManager: Shutting down and abandoning module MaterialAnalyzer (458)
[2025.06.21-10.51.37:060][703]LogModuleManager: Shutting down and abandoning module CurveEditorTools (456)
[2025.06.21-10.51.37:060][703]LogModuleManager: Shutting down and abandoning module CryptoKeysOpenSSL (454)
[2025.06.21-10.51.37:060][703]LogModuleManager: Shutting down and abandoning module CryptoKeys (452)
[2025.06.21-10.51.37:060][703]LogModuleManager: Shutting down and abandoning module VisualStudioSourceCodeAccess (450)
[2025.06.21-10.51.37:060][703]LogModuleManager: Shutting down and abandoning module UObjectPlugin (448)
[2025.06.21-10.51.37:060][703]LogModuleManager: Shutting down and abandoning module SubversionSourceControl (446)
[2025.06.21-10.51.37:060][703]LogModuleManager: Shutting down and abandoning module PerforceSourceControl (444)
[2025.06.21-10.51.37:060][703]LogModuleManager: Shutting down and abandoning module PluginUtils (442)
[2025.06.21-10.51.37:060][703]LogModuleManager: Shutting down and abandoning module RiderSourceCodeAccess (440)
[2025.06.21-10.51.37:060][703]LogModuleManager: Shutting down and abandoning module PlasticSourceControl (438)
[2025.06.21-10.51.37:061][703]LogModuleManager: Shutting down and abandoning module GitSourceControl (436)
[2025.06.21-10.51.37:061][703]LogModuleManager: Shutting down and abandoning module SourceControl (435)
[2025.06.21-10.51.37:061][703]LogModuleManager: Shutting down and abandoning module CLionSourceCodeAccess (432)
[2025.06.21-10.51.37:061][703]LogModuleManager: Shutting down and abandoning module AnimationSharingEd (430)
[2025.06.21-10.51.37:061][703]LogModuleManager: Shutting down and abandoning module OodleNetworkHandlerComponent (428)
[2025.06.21-10.51.37:061][703]LogModuleManager: Shutting down and abandoning module LightPropagationVolumeEditor (426)
[2025.06.21-10.51.37:061][703]LogModuleManager: Shutting down and abandoning module PaperTiledImporter (424)
[2025.06.21-10.51.37:061][703]LogModuleManager: Shutting down and abandoning module PaperSpriteSheetImporter (422)
[2025.06.21-10.51.37:061][703]LogModuleManager: Shutting down and abandoning module Paper2DEditor (420)
[2025.06.21-10.51.37:061][703]LogModuleManager: Shutting down and abandoning module MeshPaintingToolset (418)
[2025.06.21-10.51.37:061][703]LogModuleManager: Shutting down and abandoning module MeshPaintEditorMode (416)
[2025.06.21-10.51.37:061][703]LogModuleManager: Shutting down and abandoning module SignificanceManager (414)
[2025.06.21-10.51.37:061][703]LogModuleManager: Shutting down and abandoning module RuntimePhysXCooking (412)
[2025.06.21-10.51.37:061][703]LogModuleManager: Shutting down and abandoning module SoundFields (410)
[2025.06.21-10.51.37:061][703]LogModuleManager: Shutting down and abandoning module PropertyAccessEditor (408)
[2025.06.21-10.51.37:061][703]LogModuleManager: Shutting down and abandoning module PhysXVehiclesEditor (406)
[2025.06.21-10.51.37:061][703]LogModuleManager: Shutting down and abandoning module LocationServicesBPLibrary (402)
[2025.06.21-10.51.37:061][703]LogModuleManager: Shutting down and abandoning module AudioSynesthesia (400)
[2025.06.21-10.51.37:061][703]LogModuleManager: Shutting down and abandoning module AudioSynesthesiaCore (398)
[2025.06.21-10.51.37:061][703]LogModuleManager: Shutting down and abandoning module ApexDestructionEditor (396)
[2025.06.21-10.51.37:062][703]LogModuleManager: Shutting down and abandoning module ApexDestruction (394)
[2025.06.21-10.51.37:062][703]LogModuleManager: Shutting down and abandoning module ActorSequence (392)
[2025.06.21-10.51.37:063][703]LogModuleManager: Shutting down and abandoning module UdpMessaging (390)
[2025.06.21-10.51.37:163][703]LogModuleManager: Shutting down and abandoning module TcpMessaging (388)
[2025.06.21-10.51.37:264][703]LogModuleManager: Shutting down and abandoning module ImgMediaEngine (386)
[2025.06.21-10.51.37:264][703]LogModuleManager: Shutting down and abandoning module NiagaraAnimNotifies (384)
[2025.06.21-10.51.37:264][703]LogModuleManager: Shutting down and abandoning module Niagara (382)
[2025.06.21-10.51.37:264][703]LogModuleManager: Shutting down and abandoning module SignalProcessing (381)
[2025.06.21-10.51.37:264][703]LogModuleManager: Shutting down and abandoning module NiagaraEditor (379)
[2025.06.21-10.51.37:264][703]LogModuleManager: Shutting down and abandoning module NiagaraCore (376)
[2025.06.21-10.51.37:264][703]LogModuleManager: Shutting down and abandoning module MagicLeapARPin (374)
[2025.06.21-10.51.37:264][703]LogModuleManager: Shutting down and abandoning module MagicLeapHandMeshing (372)
[2025.06.21-10.51.37:264][703]LogModuleManager: Shutting down and abandoning module MagicLeapSecureStorage (370)
[2025.06.21-10.51.37:264][703]LogModuleManager: Shutting down and abandoning module MagicLeapPrivileges (368)
[2025.06.21-10.51.37:264][703]LogModuleManager: Shutting down and abandoning module MagicLeapPlanes (366)
[2025.06.21-10.51.37:264][703]LogMagicLeapPlanes: Planes tracker already destroyed.
[2025.06.21-10.51.37:264][703]LogModuleManager: Shutting down and abandoning module MagicLeapImageTracker (364)
[2025.06.21-10.51.37:264][703]LogModuleManager: Shutting down and abandoning module MagicLeapIdentity (362)
[2025.06.21-10.51.37:264][703]LogModuleManager: Shutting down and abandoning module MagicLeapHandTracking (360)
[2025.06.21-10.51.37:264][703]LogModuleManager: Shutting down and abandoning module MagicLeapEyeTracker (358)
[2025.06.21-10.51.37:264][703]LogModuleManager: Shutting down and abandoning module MagicLeapController (356)
[2025.06.21-10.51.37:264][703]LogModuleManager: Shutting down and abandoning module MagicLeapARPinImpl (354)
[2025.06.21-10.51.37:264][703]LogModuleManager: Shutting down and abandoning module MagicLeapAR (352)
[2025.06.21-10.51.37:264][703]LogModuleManager: Shutting down and abandoning module PythonScriptPlugin (350)
[2025.06.21-10.51.37:264][703]LogModuleManager: Shutting down and abandoning module FacialAnimationEditor (348)
[2025.06.21-10.51.37:264][703]LogModuleManager: Shutting down and abandoning module FacialAnimation (346)
[2025.06.21-10.51.37:265][703]LogModuleManager: Shutting down and abandoning module GameplayTagsEditor (344)
[2025.06.21-10.51.37:265][703]LogModuleManager: Shutting down and abandoning module DataValidation (342)
[2025.06.21-10.51.37:265][703]LogModuleManager: Shutting down and abandoning module AssetManagerEditor (340)
[2025.06.21-10.51.37:265][703]LogModuleManager: Shutting down and abandoning module LevelEditor (339)
[2025.06.21-10.51.37:266][703]LogModuleManager: Shutting down and abandoning module PixelInspectorModule (338)
[2025.06.21-10.51.37:266][703]LogModuleManager: Shutting down and abandoning module CommonMenuExtensions (336)
[2025.06.21-10.51.37:266][703]LogModuleManager: Shutting down and abandoning module MainFrame (334)
[2025.06.21-10.51.37:266][703]LogModuleManager: Shutting down and abandoning module HotReload (333)
[2025.06.21-10.51.37:267][703]LogModuleManager: Shutting down and abandoning module ToolMenus (329)
[2025.06.21-10.51.37:267][703]LogModuleManager: Shutting down and abandoning module ContentBrowser (327)
[2025.06.21-10.51.37:267][703]LogModuleManager: Shutting down and abandoning module ContentBrowserData (326)
[2025.06.21-10.51.37:267][703]LogModuleManager: Shutting down and abandoning module TreeMap (323)
[2025.06.21-10.51.37:267][703]LogModuleManager: Shutting down and abandoning module PropertyAccessNode (320)
[2025.06.21-10.51.37:267][703]LogModuleManager: Shutting down and abandoning module AnimationSharing (318)
[2025.06.21-10.51.37:267][703]LogModuleManager: Shutting down and abandoning module GameplayCameras (316)
[2025.06.21-10.51.37:267][703]LogModuleManager: Shutting down and abandoning module LightPropagationVolumeRuntime (314)
[2025.06.21-10.51.37:269][703]LogModuleManager: Shutting down and abandoning module EnvironmentQueryEditor (312)
[2025.06.21-10.51.37:269][703]LogModuleManager: Shutting down and abandoning module Paper2D (310)
[2025.06.21-10.51.37:269][703]LogModuleManager: Shutting down and abandoning module WindowsMoviePlayer (308)
[2025.06.21-10.51.37:275][703]LogModuleManager: Shutting down and abandoning module WebMMoviePlayer (306)
[2025.06.21-10.51.37:275][703]LogModuleManager: Shutting down and abandoning module NetworkReplayStreaming (304)
[2025.06.21-10.51.37:276][703]LogModuleManager: Shutting down and abandoning module PacketHandler (302)
[2025.06.21-10.51.37:276][703]LogModuleManager: Shutting down and abandoning module ClothingSystemEditor (300)
[2025.06.21-10.51.37:276][703]LogModuleManager: Shutting down and abandoning module ClothingSystemRuntimeNv (298)
[2025.06.21-10.51.37:276][703]LogModuleManager: Shutting down and abandoning module MediaAssets (296)
[2025.06.21-10.51.37:276][703]LogModuleManager: Shutting down and abandoning module Overlay (294)
[2025.06.21-10.51.37:276][703]LogModuleManager: Shutting down and abandoning module OverlayEditor (293)
[2025.06.21-10.51.37:276][703]LogModuleManager: Shutting down and abandoning module VREditor (290)
[2025.06.21-10.51.37:276][703]LogModuleManager: Shutting down and abandoning module StringTableEditor (288)
[2025.06.21-10.51.37:276][703]LogModuleManager: Shutting down and abandoning module GameplayTasksEditor (286)
[2025.06.21-10.51.37:276][703]LogModuleManager: Shutting down and abandoning module BehaviorTreeEditor (284)
[2025.06.21-10.51.37:276][703]LogModuleManager: Shutting down and abandoning module FunctionalTesting (282)
[2025.06.21-10.51.37:276][703]LogModuleManager: Shutting down and abandoning module CollisionAnalyzer (280)
[2025.06.21-10.51.37:276][703]LogModuleManager: Shutting down and abandoning module WorkspaceMenuStructure (279)
[2025.06.21-10.51.37:276][703]LogModuleManager: Shutting down and abandoning module UMG (276)
[2025.06.21-10.51.37:276][703]LogModuleManager: Shutting down and abandoning module UMGEditor (275)
[2025.06.21-10.51.37:276][703]LogModuleManager: Shutting down and abandoning module MessageLog (273)
[2025.06.21-10.51.37:276][703]LogModuleManager: Shutting down and abandoning module SlateReflector (268)
[2025.06.21-10.51.37:276][703]LogModuleManager: Shutting down and abandoning module Slate (266)
[2025.06.21-10.51.37:276][703]LogModuleManager: Shutting down and abandoning module SlateCore (264)
[2025.06.21-10.51.37:278][703]LogModuleManager: Shutting down and abandoning module LandscapeEditorUtilities (262)
[2025.06.21-10.51.37:278][703]LogModuleManager: Shutting down and abandoning module UnrealEd (260)
[2025.06.21-10.51.37:278][703]LogModuleManager: Shutting down and abandoning module MRMesh (258)
[2025.06.21-10.51.37:278][703]LogModuleManager: Shutting down and abandoning module SourceCodeAccess (256)
[2025.06.21-10.51.37:278][703]LogModuleManager: Shutting down and abandoning module HeadMountedDisplay (254)
[2025.06.21-10.51.37:278][703]LogModuleManager: Shutting down and abandoning module XAudio2 (252)
[2025.06.21-10.51.37:278][703]LogModuleManager: Shutting down and abandoning module Networking (250)
[2025.06.21-10.51.37:278][703]LogModuleManager: Shutting down and abandoning module Core (248)
[2025.06.21-10.51.37:278][703]LogModuleManager: Shutting down and abandoning module MaterialEditor (246)
[2025.06.21-10.51.37:278][703]LogModuleManager: Shutting down and abandoning module MovieSceneTools (244)
[2025.06.21-10.51.37:278][703]LogModuleManager: Shutting down and abandoning module CurveEditor (243)
[2025.06.21-10.51.37:278][703]LogModuleManager: Shutting down and abandoning module Sequencer (241)
[2025.06.21-10.51.37:278][703]LogModuleManager: Shutting down and abandoning module EditorStyle (240)
[2025.06.21-10.51.37:281][703]LogModuleManager: Shutting down and abandoning module KismetCompiler (236)
[2025.06.21-10.51.37:281][703]LogModuleManager: Shutting down and abandoning module MeshBuilder (234)
[2025.06.21-10.51.37:281][703]LogModuleManager: Shutting down and abandoning module MeshUtilities (232)
[2025.06.21-10.51.37:281][703]LogModuleManager: Shutting down and abandoning module MeshMergeUtilities (231)
[2025.06.21-10.51.37:281][703]LogModuleManager: Shutting down and abandoning module MeshReductionInterface (230)
[2025.06.21-10.51.37:281][703]LogModuleManager: Shutting down and abandoning module MeshBoneReduction (229)
[2025.06.21-10.51.37:281][703]LogModuleManager: Shutting down and abandoning module SkeletalMeshReduction (227)
[2025.06.21-10.51.37:281][703]LogModuleManager: Shutting down and abandoning module ProxyLODMeshReduction (225)
[2025.06.21-10.51.37:282][703]LogModuleManager: Shutting down and abandoning module QuadricMeshReduction (223)
[2025.06.21-10.51.37:282][703]LogModuleManager: Shutting down and abandoning module MaterialBaking (219)
[2025.06.21-10.51.37:282][703]LogModuleManager: Shutting down and abandoning module NullInstallBundleManager (214)
[2025.06.21-10.51.37:282][703]LogModuleManager: Shutting down and abandoning module DerivedDataCache (212)
[2025.06.21-10.51.37:282][703]LogModuleManager: Shutting down and abandoning module TargetPlatform (210)
[2025.06.21-10.51.37:282][703]LogModuleManager: Shutting down and abandoning module VulkanShaderFormat (209)
[2025.06.21-10.51.37:283][703]LogModuleManager: Shutting down and abandoning module ShaderFormatVectorVM (207)
[2025.06.21-10.51.37:283][703]LogModuleManager: Shutting down and abandoning module ShaderFormatOpenGL (205)
[2025.06.21-10.51.37:283][703]LogModuleManager: Shutting down and abandoning module ShaderFormatD3D (203)
[2025.06.21-10.51.37:283][703]LogModuleManager: Shutting down and abandoning module MetalShaderFormat (201)
[2025.06.21-10.51.37:283][703]LogModuleManager: Shutting down and abandoning module TextureFormatOodle (199)
[2025.06.21-10.51.37:283][703]LogModuleManager: Shutting down and abandoning module TextureFormatUncompressed (197)
[2025.06.21-10.51.37:283][703]LogModuleManager: Shutting down and abandoning module TextureFormatPVR (195)
[2025.06.21-10.51.37:283][703]LogModuleManager: Shutting down and abandoning module TextureFormatETC2 (193)
[2025.06.21-10.51.37:283][703]LogModuleManager: Shutting down and abandoning module TextureFormatDXT (191)
[2025.06.21-10.51.37:283][703]LogModuleManager: Shutting down and abandoning module TextureFormatIntelISPCTexComp (189)
[2025.06.21-10.51.37:283][703]LogModuleManager: Shutting down and abandoning module TextureFormatASTC (187)
[2025.06.21-10.51.37:283][703]LogModuleManager: Shutting down and abandoning module ImageWrapper (186)
[2025.06.21-10.51.37:283][703]LogModuleManager: Shutting down and abandoning module AudioFormatOpus (183)
[2025.06.21-10.51.37:283][703]LogModuleManager: Shutting down and abandoning module AudioFormatOgg (181)
[2025.06.21-10.51.37:283][703]LogModuleManager: Shutting down and abandoning module AudioFormatADPCM (179)
[2025.06.21-10.51.37:283][703]LogModuleManager: Shutting down and abandoning module WindowsServerTargetPlatform (177)
[2025.06.21-10.51.37:283][703]LogModuleManager: Shutting down and abandoning module WindowsClientTargetPlatform (175)
[2025.06.21-10.51.37:283][703]LogModuleManager: Shutting down and abandoning module WindowsTargetPlatform (173)
[2025.06.21-10.51.37:283][703]LogModuleManager: Shutting down and abandoning module WindowsNoEditorTargetPlatform (171)
[2025.06.21-10.51.37:283][703]LogModuleManager: Shutting down and abandoning module TVOSTargetPlatform (169)
[2025.06.21-10.51.37:293][703]LogModuleManager: Shutting down and abandoning module MacServerTargetPlatform (167)
[2025.06.21-10.51.37:293][703]LogModuleManager: Shutting down and abandoning module MacClientTargetPlatform (165)
[2025.06.21-10.51.37:293][703]LogModuleManager: Shutting down and abandoning module MacTargetPlatform (163)
[2025.06.21-10.51.37:293][703]LogModuleManager: Shutting down and abandoning module MacNoEditorTargetPlatform (161)
[2025.06.21-10.51.37:293][703]LogModuleManager: Shutting down and abandoning module LuminTargetPlatform (159)
[2025.06.21-10.51.37:306][703]LogModuleManager: Shutting down and abandoning module LinuxAArch64ServerTargetPlatform (157)
[2025.06.21-10.51.37:306][703]LogModuleManager: Shutting down and abandoning module LinuxAArch64ClientTargetPlatform (155)
[2025.06.21-10.51.37:306][703]LogModuleManager: Shutting down and abandoning module LinuxAArch64NoEditorTargetPlatform (153)
[2025.06.21-10.51.37:306][703]LogModuleManager: Shutting down and abandoning module LinuxServerTargetPlatform (151)
[2025.06.21-10.51.37:306][703]LogModuleManager: Shutting down and abandoning module LinuxClientTargetPlatform (149)
[2025.06.21-10.51.37:306][703]LogModuleManager: Shutting down and abandoning module LinuxNoEditorTargetPlatform (147)
[2025.06.21-10.51.37:306][703]LogModuleManager: Shutting down and abandoning module LinuxTargetPlatform (145)
[2025.06.21-10.51.37:306][703]LogModuleManager: Shutting down and abandoning module Messaging (143)
[2025.06.21-10.51.37:306][703]LogModuleManager: Shutting down and abandoning module IOSTargetPlatform (141)
[2025.06.21-10.51.37:312][703]LogModuleManager: Shutting down and abandoning module AndroidTargetPlatform (139)
[2025.06.21-10.51.37:337][703]LogModuleManager: Shutting down and abandoning module AllDesktopTargetPlatform (137)
[2025.06.21-10.51.37:337][703]LogModuleManager: Shutting down and abandoning module D3D11RHI (134)
[2025.06.21-10.51.37:337][703]LogModuleManager: Shutting down and abandoning module InputCore (132)
[2025.06.21-10.51.37:337][703]LogModuleManager: Shutting down and abandoning module Settings (130)
[2025.06.21-10.51.37:337][703]LogModuleManager: Shutting down and abandoning module DirectoryWatcher (128)
[2025.06.21-10.51.37:338][703]LogModuleManager: Shutting down and abandoning module PhysXCooking (126)
[2025.06.21-10.51.37:338][703]LogModuleManager: Shutting down and abandoning module Chaos (124)
[2025.06.21-10.51.37:338][703]LogModuleManager: Shutting down and abandoning module WindowsPlatformFeatures (122)
[2025.06.21-10.51.37:338][703]LogModuleManager: Shutting down and abandoning module GameplayMediaEncoder (121)
[2025.06.21-10.51.37:338][703]LogModuleManager: Shutting down and abandoning module AVEncoder (120)
[2025.06.21-10.51.37:338][703]LogModuleManager: Shutting down and abandoning module SteamVRInputDevice (116)
[2025.06.21-10.51.37:338][703]LogModuleManager: Shutting down and abandoning module SteamVRInput (114)
[2025.06.21-10.51.37:338][703]LogModuleManager: Shutting down and abandoning module SteamVR (112)
[2025.06.21-10.51.37:338][703]LogHMD: Freeing OpenVRDLLHandle.
[2025.06.21-10.51.37:338][703]LogModuleManager: Shutting down and abandoning module OculusHMD (110)
[2025.06.21-10.51.37:338][703]LogModuleManager: Shutting down and abandoning module OpenXRHandTracking (108)
[2025.06.21-10.51.37:339][703]LogSlate: Slate User Destroyed.  User Index 0, Is Virtual User: 0
[2025.06.21-10.51.37:339][703]LogModuleManager: Shutting down and abandoning module OpenXREyeTracker (106)
[2025.06.21-10.51.37:339][703]LogModuleManager: Shutting down and abandoning module OpenXRAR (104)
[2025.06.21-10.51.37:339][703]LogModuleManager: Shutting down and abandoning module AugmentedReality (103)
[2025.06.21-10.51.37:339][703]LogModuleManager: Shutting down and abandoning module OpenXRHMD (100)
[2025.06.21-10.51.37:340][703]LogModuleManager: Shutting down and abandoning module ExampleDeviceProfileSelector (98)
[2025.06.21-10.51.37:340][703]LogModuleManager: Shutting down and abandoning module ChunkDownloader (96)
[2025.06.21-10.51.37:340][703]LogModuleManager: Shutting down and abandoning module OnlineBlueprintSupport (94)
[2025.06.21-10.51.37:340][703]LogModuleManager: Shutting down and abandoning module LauncherChunkInstaller (90)
[2025.06.21-10.51.37:340][703]LogModuleManager: Shutting down and abandoning module MLSDK (88)
[2025.06.21-10.51.37:340][703]LogModuleManager: Shutting down and abandoning module OnlineSubsystem (86)
[2025.06.21-10.51.37:341][703]LogModuleManager: Shutting down and abandoning module XMPP (81)
[2025.06.21-10.51.37:341][703]LogModuleManager: Shutting down and abandoning module WebSockets (80)
[2025.06.21-10.51.37:360][703]LogModuleManager: Shutting down and abandoning module HTTP (77)
[2025.06.21-10.51.37:360][703]LogHttp: Display: Http module shutting down, but needs to wait on 1 outstanding Http requests:
[2025.06.21-10.51.37:360][703]LogHttp: Display: 	verb=[POST] url=[https://datarouter.ol.epicgames.com/datarouter/api/v1/public/data?SessionID=%7B93BC5916-4176-616D-926D-9ABB7B693139%7D&AppID=UEEditor.Rocket.Release&AppVersion=4.27.2-18319896%2B%2B%2BUE4%2BRelease-4.27&UserID=6c707cc844a325423ace35ac1fbb369c%7C2d7cf5c3879b4b16bdc3dd1d03f3f932%7C4a1fdf9e-e9c9-4542-a01a-66e0e3b8e43a&AppEnvironment=datacollector-binary&UploadType=eteventstream] refs=[1] status=Processing
[2025.06.21-10.51.37:360][703]LogHttp: Display: cleaning up 1 outstanding Http requests.
[2025.06.21-10.51.37:363][703]LogModuleManager: Shutting down and abandoning module SSL (76)
[2025.06.21-10.51.37:365][703]LogModuleManager: Shutting down and abandoning module WmfMedia (72)
[2025.06.21-10.51.37:367][703]LogModuleManager: Shutting down and abandoning module Media (71)
[2025.06.21-10.51.37:368][703]LogModuleManager: Shutting down and abandoning module MediaInfo (70)
[2025.06.21-10.51.37:368][703]LogModuleManager: Shutting down and abandoning module ExrReaderGpu (66)
[2025.06.21-10.51.37:368][703]LogModuleManager: Shutting down and abandoning module NiagaraVertexFactories (64)
[2025.06.21-10.51.37:368][703]LogModuleManager: Shutting down and abandoning module NiagaraShader (62)
[2025.06.21-10.51.37:368][703]LogModuleManager: Shutting down and abandoning module MagicLeap (60)
[2025.06.21-10.51.37:368][703]LogModuleManager: Shutting down and abandoning module ChaosCloth (58)
[2025.06.21-10.51.37:368][703]LogModuleManager: Shutting down and abandoning module VariantManagerContent (56)
[2025.06.21-10.51.37:368][703]LogModuleManager: Shutting down and abandoning module DatasmithContent (54)
[2025.06.21-10.51.37:369][703]LogModuleManager: Shutting down and abandoning module PixWinPlugin (52)
[2025.06.21-10.51.37:369][703]LogModuleManager: Shutting down and abandoning module AISupportModule (50)
[2025.06.21-10.51.37:369][703]LogModuleManager: Shutting down and abandoning module DesktopPlatform (48)
[2025.06.21-10.51.37:369][703]LogModuleManager: Shutting down and abandoning module PythonScriptPluginPreload (46)
[2025.06.21-10.51.37:369][703]LogModuleManager: Shutting down and abandoning module PlatformCryptoOpenSSL (44)
[2025.06.21-10.51.37:369][703]LogModuleManager: Shutting down and abandoning module PlatformCryptoTypes (42)
[2025.06.21-10.51.37:369][703]LogModuleManager: Shutting down and abandoning module PlatformCrypto (40)
[2025.06.21-10.51.37:369][703]LogModuleManager: Shutting down and abandoning module OodleDataCompressionFormat (38)
[2025.06.21-10.51.37:369][703]LogModuleManager: Shutting down and abandoning module XGEController (36)
[2025.06.21-10.51.37:369][703]LogModuleManager: Shutting down and abandoning module AnimationModifiers (34)
[2025.06.21-10.51.37:369][703]LogModuleManager: Shutting down and abandoning module AudioEditor (32)
[2025.06.21-10.51.37:370][703]LogModuleManager: Shutting down and abandoning module PropertyEditor (31)
[2025.06.21-10.51.37:370][703]LogModuleManager: Shutting down and abandoning module TextureCompressor (28)
[2025.06.21-10.51.37:370][703]LogModuleManager: Shutting down and abandoning module RenderCore (26)
[2025.06.21-10.51.37:370][703]LogModuleManager: Shutting down and abandoning module Landscape (24)
[2025.06.21-10.51.37:370][703]LogModuleManager: Shutting down and abandoning module SlateRHIRenderer (22)
[2025.06.21-10.51.37:372][703]LogModuleManager: Shutting down and abandoning module AnimGraphRuntime (20)
[2025.06.21-10.51.37:372][703]LogModuleManager: Shutting down and abandoning module Renderer (18)
[2025.06.21-10.51.37:372][703]LogModuleManager: Shutting down and abandoning module Engine (16)
[2025.06.21-10.51.37:372][703]LogModuleManager: Shutting down and abandoning module CoreUObject (14)
[2025.06.21-10.51.37:372][703]LogModuleManager: Shutting down and abandoning module NetworkFile (12)
[2025.06.21-10.51.37:372][703]LogModuleManager: Shutting down and abandoning module CookedIterativeFile (10)
[2025.06.21-10.51.37:372][703]LogModuleManager: Shutting down and abandoning module StreamingFile (8)
[2025.06.21-10.51.37:372][703]LogModuleManager: Shutting down and abandoning module SandboxFile (6)
[2025.06.21-10.51.37:372][703]LogModuleManager: Shutting down and abandoning module PakFile (4)
[2025.06.21-10.51.37:372][703]LogModuleManager: Shutting down and abandoning module RSA (3)
[2025.06.21-10.51.37:372][703]LogContentStreaming: Display: There are 1 unreleased StreamingManagers
[2025.06.21-10.51.37:425][703]LogD3D11RHI: Shutdown
[2025.06.21-10.51.37:425][703]LogD3D11RHI: CleanupD3DDevice
[2025.06.21-10.51.37:429][703]LogExit: Exiting.
[2025.06.21-10.51.37:446][703]Log file closed, 06/21/25 13:51:37
